chunk	actor	mesh	bw_x	bw_y	bw_z	archetype_path
Harset-00000000	StaticMeshActor	GA-Building:GA-GuardPost00	12.969	-69.070	3.516	GA-Building.GA-GuardPost00_Pf0.GA-GuardPost00_Pf0_Arc1.StaticMeshComponent0
Harset-00000000	StaticMeshActor	GA-Props:GA-StreetLamp00	40.329	-69.070	26.876	GA-Props.GA-StreetLamp00_Pf0.GA-StreetLamp00_Pf0_Arc1.StaticMeshComponent0
Harset-00000000	StaticMeshActor	GA-Props:GA-StreetLamp00	40.329	-69.070	44.556	GA-Props.GA-StreetLamp00_Pf0.GA-StreetLamp00_Pf0_Arc1.StaticMeshComponent0
Harset-00000000	StaticMeshActor	GA-Props:GA-StreetLamp00	61.129	-65.390	31.996	GA-Props.GA-StreetLamp00_Pf0.GA-StreetLamp00_Pf0_Arc1.StaticMeshComponent0
Harset-00000000	StaticMeshActor	GA-Props:GA-StreetLamp00	61.929	-65.390	39.836	GA-Props.GA-StreetLamp00_Pf0.GA-StreetLamp00_Pf0_Arc1.StaticMeshComponent0
Harset-00000000	StaticMeshActor	GA-Props:GA-StreetLamp00	7.449	-69.070	71.276	GA-Props.GA-StreetLamp00_Pf0.GA-StreetLamp00_Pf0_Arc1.StaticMeshComponent0
Harset-00000000	StaticMeshActor	GA-Props:GA-StreetLamp00	4.089	-60.270	99.276	GA-Props.GA-StreetLamp00_Pf0.GA-StreetLamp00_Pf0_Arc1.StaticMeshComponent0
Harset-00000000	StaticMeshActor	GA-Props:GA-Torch00	4.329	-69.070	34.076	GA-Props.GA-Torch00_Pf1.GA-Torch00_Pf1_Arc1.StaticMeshComponent0
Harset-00000000	StaticMeshActor	GA-Props:GA-StreetLamp00	94.294	-60.170	64.070	GA-Props.GA-StreetLamp00_Pf0.GA-StreetLamp00_Pf0_Arc1.StaticMeshComponent0
Harset-00000000	StaticMeshActor	GA-Props:GA-StreetLamp00	76.331	-60.250	55.310	GA-Props.GA-StreetLamp00_Pf0.GA-StreetLamp00_Pf0_Arc1.StaticMeshComponent0
Harset-00000000	StaticMeshActor	GA-Props:GA-StreetLamp00	66.361	-60.250	65.280	GA-Props.GA-StreetLamp00_Pf0.GA-StreetLamp00_Pf0_Arc1.StaticMeshComponent0
Harset-00000000	StaticMeshActor	GA-Props:GA-StreetLamp00	96.102	-60.250	90.812	GA-Props.GA-StreetLamp00_Pf0.GA-StreetLamp00_Pf0_Arc1.StaticMeshComponent0
Harset-00000000	StaticMeshActor	GA-Props:GA-StreetLamp00	76.815	-60.170	16.109	GA-Props.GA-StreetLamp00_Pf0.GA-StreetLamp00_Pf0_Arc1.StaticMeshComponent0
Harset-00000000	StaticMeshActor	GA-Props:GA-StreetLamp00	66.746	-60.170	5.757	GA-Props.GA-StreetLamp00_Pf0.GA-StreetLamp00_Pf0_Arc1.StaticMeshComponent0
Harset-00000000	StaticMeshActor	GA-Props:GA-StreetLamp00	85.591	-60.170	60.465	GA-Props.GA-StreetLamp00_Pf0.GA-StreetLamp00_Pf0_Arc1.StaticMeshComponent0
Harset-00000000	StaticMeshActor	GA-Props:GA-StreetLamp00	85.846	-60.170	12.341	GA-Props.GA-StreetLamp00_Pf0.GA-StreetLamp00_Pf0_Arc1.StaticMeshComponent0
Harset-00000000	StaticMeshActor	GA-Props:GA-StreetLamp00	94.549	-60.170	8.736	GA-Props.GA-StreetLamp00_Pf0.GA-StreetLamp00_Pf0_Arc1.StaticMeshComponent0
Harset-00000000	StaticMeshActor	GA-Props:GA-StreetLamp00	79.129	-60.270	95.196	GA-Props.GA-StreetLamp00_Pf0.GA-StreetLamp00_Pf0_Arc1.StaticMeshComponent0
Harset-00000000	StaticMeshActor	Env-DD:DD-Palm00	54.829	-69.280	64.595	Env-DD.DD-Palm00_Pf0.DD-Palm00_Pf0_Arc1.StaticMeshComponent0
Harset-00000000	StaticMeshActor	GA-Props:GA-StreetLamp_Single00	59.340	-66.990	3.007	GA-Props.GA-StreetLamp_Single00_Pf0.GA-StreetLamp_Single00_Pf0_Arc3.StaticMeshComponent0
Harset-00000000	StaticMeshActor	Env-DD:DD-Palm00	30.280	-69.280	92.750	Env-DD.DD-Palm00_Pf0.DD-Palm00_Pf0_Arc1.StaticMeshComponent0
Harset-00000000	StaticMeshActor	Env-DD:DD-Palm00	50.940	-69.280	18.300	Env-DD.DD-Palm00_Pf0.DD-Palm00_Pf0_Arc1.StaticMeshComponent0
Harset-00000000	StaticMeshActor	Env-DD:DD-Palm01	52.750	-69.280	59.816	Env-DD.DD-Palm01_Pf0.DD-Palm01_Pf0_Arc1.StaticMeshComponent0
Harset-00000000	StaticMeshActor	GA-Interior:GA-hallway_decor_torch_01	72.427	-63.210	39.159	GA-Interior.GA-hallway_decor_torch_01_Pf0.GA-hallway_decor_torch_01_Pf0_Arc2.StaticMeshComponent0
Harset-00000000	StaticMeshActor	GA-Interior:GA-hallway_decor_torch_01	72.427	-63.210	32.599	GA-Interior.GA-hallway_decor_torch_01_Pf0.GA-hallway_decor_torch_01_Pf0_Arc2.StaticMeshComponent0
Harset-00000000	StaticMeshActor	Env-DD:DD-Palm01	35.000	-69.280	89.870	Env-DD.DD-Palm01_Pf0.DD-Palm01_Pf0_Arc1.StaticMeshComponent0
Harset-00000000	StaticMeshActor	Env-DD:DD-Palm01	58.720	-69.280	6.080	Env-DD.DD-Palm01_Pf0.DD-Palm01_Pf0_Arc1.StaticMeshComponent0
Harset-00000000	StaticMeshActor	Env-DD:DD-Palm02	25.270	-69.280	93.260	Env-DD.DD-Palm02_Pf0.DD-Palm02_Pf0_Arc1.StaticMeshComponent0
Harset-00000000	StaticMeshActor	Env-DD:DD-Palm02	51.391	-69.280	63.969	Env-DD.DD-Palm02_Pf0.DD-Palm02_Pf0_Arc1.StaticMeshComponent0
Harset-00000000	StaticMeshActor	Env-DD:DD-Palm03	13.786	-69.440	78.716	Env-DD.DD-Palm03_Pf0.DD-Palm03_Pf0_Arc1.StaticMeshComponent0
Harset-00000000	StaticMeshActor	Env-DD:DD-PalmBush00	56.614	-69.280	63.133	Env-DD.DD-PalmBush00_Pf0.DD-PalmBush00_Pf0_Arc1.StaticMeshComponent0
Harset-00000000	StaticMeshActor	Env-DD:DD-PalmBush00	31.320	-69.280	91.040	Env-DD.DD-PalmBush00_Pf0.DD-PalmBush00_Pf0_Arc1.StaticMeshComponent0
Harset-00000000	StaticMeshActor	Env-DD:DD-PalmBush02	51.536	-69.280	61.696	Env-DD.DD-PalmBush02_Pf0.DD-PalmBush02_Pf0_Arc1.StaticMeshComponent0
Harset-00000000	StaticMeshActor	Env-DD:DD-PalmBush02	31.840	-69.280	88.896	Env-DD.DD-PalmBush02_Pf0.DD-PalmBush02_Pf0_Arc1.StaticMeshComponent0
Harset-00000000	StaticMeshActor	EM_Earth_Military:EM-Tent_large00	100.460	-60.220	65.560	EM_Earth_Military.EM-Tent_large00_Pf0.EM-Tent_large00_Pf0_Arc2.StaticMeshComponent0
Harset-00000000	StaticMeshActor	GA-Props:GA-StreetLamp00	16.769	-69.170	1.356	GA-Props.GA-StreetLamp00_Pf0.GA-StreetLamp00_Pf0_Arc1.StaticMeshComponent0
Harset-00000001	StaticMeshActor	Em-Props:EM-ViewScreen02	190.453	-34.111	65.159	Em-Props.EM-ViewScreen02_Pf0.EM-ViewScreen02_Pf0_Arc1.StaticMeshComponent0
Harset-00000001	StaticMeshActor	EM-Cover:EM-Cover_Shield_Med_I00	118.814	-60.200	48.399	EM-Cover.EM-Cover_Shield_Med_I00_Pf0.EM-Cover_Shield_Med_I00_Pf0_Arc2.StaticMeshComponent0
Harset-00000001	StaticMeshActor	Em-Props:EM-SandbagSingle_00	155.648	-39.760	43.979	Em-Props.EM-SandbagI_00_Pf1.EM-SandbagI_00_Pf1_Arc0.StaticMeshComponent0
Harset-00000001	StaticMeshActor	Em-Props:EM-SandbagSingle_00	153.560	-41.240	45.844	Em-Props.EM-SandbagI_00_Pf1.EM-SandbagI_00_Pf1_Arc6.StaticMeshComponent0
Harset-00000001	StaticMeshActor	Em-Props:EM-SandbagSingle_00	156.459	-41.300	42.437	Em-Props.EM-SandbagI_00_Pf1.EM-SandbagI_00_Pf1_Arc7.StaticMeshComponent0
Harset-00000001	StaticMeshActor	Em-Props:EM-SandbagSingle_00	156.972	-41.041	42.824	Em-Props.EM-SandbagI_00_Pf1.EM-SandbagI_00_Pf1_Arc8.StaticMeshComponent0
Harset-00000001	StaticMeshActor	Em-Props:EM-StandingLight04	126.740	-39.640	19.800	Em-Props.EM-StandingLight04_Pf0.EM-StandingLight04_Pf0_Arc0.StaticMeshComponent0
Harset-00000001	StaticMeshActor	Em-Props:EM-SandbagSingle_00	159.558	-41.238	29.980	Em-Props.EM-SandbagI_00_Pf0.EM-SandbagI_00_Pf0_Arc9.StaticMeshComponent0
Harset-00000001	StaticMeshActor	Em-Props:EM-SandbagSingle_00	159.063	-41.198	29.796	Em-Props.EM-SandbagI_00_Pf0.EM-SandbagI_00_Pf0_Arc10.StaticMeshComponent0
Harset-00000001	StaticMeshActor	Em-Props:EM-SandbagSingle_00	154.845	-41.197	28.726	Em-Props.EM-SandbagI_00_Pf0.EM-SandbagI_00_Pf0_Arc5.StaticMeshComponent0
Harset-00000001	StaticMeshActor	Em-Props:EM-SandbagSingle_00	158.127	-39.758	29.760	Em-Props.EM-SandbagI_00_Pf0.EM-SandbagI_00_Pf0_Arc11.StaticMeshComponent0
Harset-00000001	StaticMeshActor	Em-Props:EM-WallLight00	198.708	-36.920	68.652	Em-Props.EM-WallLight00_Pf0.EM-WallLight00_Pf0_Arc2.StaticMeshComponent0
Harset-00000001	StaticMeshActor	GA-Props:GA-StreetLamp00	102.509	-60.250	84.056	GA-Props.GA-StreetLamp00_Pf0.GA-StreetLamp00_Pf0_Arc1.StaticMeshComponent0
Harset-00000001	StaticMeshActor	Em-Props:EM-WallLight00	193.458	-36.920	58.322	Em-Props.EM-WallLight00_Pf0.EM-WallLight00_Pf0_Arc2.StaticMeshComponent0
Harset-00000001	StaticMeshActor	Em-Props:EM-StandingLight04	127.220	-39.640	52.420	Em-Props.EM-StandingLight04_Pf0.EM-StandingLight04_Pf0_Arc0.StaticMeshComponent0
Harset-00000001	StaticMeshActor	Em-Props:EM-WallLight00	193.458	-36.920	51.472	Em-Props.EM-WallLight00_Pf2.EM-WallLight00_Pf2_Arc2.StaticMeshComponent0
Harset-00000001	StaticMeshActor	Em-Props:EM-SandbagSingle_00	157.222	-41.199	42.623	Em-Props.EM-SandbagI_00_Pf1.EM-SandbagI_00_Pf1_Arc9.StaticMeshComponent0
Harset-00000001	StaticMeshActor	Em-Props:EM-StandingLight04	126.820	-39.640	69.720	Em-Props.EM-StandingLight04_Pf0.EM-StandingLight04_Pf0_Arc0.StaticMeshComponent0
Harset-00000001	StaticMeshActor	Em-Props:EM-StandingLight04	126.660	-39.640	1.780	Em-Props.EM-StandingLight04_Pf0.EM-StandingLight04_Pf0_Arc0.StaticMeshComponent0
Harset-00000001	StaticMeshActor	Em-Props:EM-WallLight00	193.428	-36.920	20.242	Em-Props.EM-WallLight00_Pf0.EM-WallLight00_Pf0_Arc2.StaticMeshComponent0
Harset-00000001	StaticMeshActor	Em-Props:EM-SandbagSingle_00	154.538	-39.760	44.776	Em-Props.EM-SandbagI_00_Pf1.EM-SandbagI_00_Pf1_Arc4.StaticMeshComponent0
Harset-00000001	StaticMeshActor	GA-Interior:GA-hallway_decor_torch_01	126.150	-56.600	58.010	GA-Interior.GA-hallway_decor_torch_01_Pf0.GA-hallway_decor_torch_01_Pf0_Arc2.StaticMeshComponent0
Harset-00000001	StaticMeshActor	GA-Interior:GA-hallway_decor_torch_01	126.150	-56.600	65.320	GA-Interior.GA-hallway_decor_torch_01_Pf0.GA-hallway_decor_torch_01_Pf0_Arc2.StaticMeshComponent0
Harset-00000001	StaticMeshActor	EM_Earth_Military:EM-PropaneTank00	195.240	-37.070	71.020	EM_Earth_Military.EM-PropaneTank00_Pf0.EM-PropaneTank00_Pf0_Arc0.StaticMeshComponent0
Harset-00000001	StaticMeshActor	Em-Props:EM-SandbagSingle_00	153.359	-40.980	45.198	Em-Props.EM-SandbagI_00_Pf1.EM-SandbagI_00_Pf1_Arc5.StaticMeshComponent0
Harset-00000001	StaticMeshActor	Em-Props:EM-WallLight00	193.428	-36.920	14.302	Em-Props.EM-WallLight00_Pf2.EM-WallLight00_Pf2_Arc2.StaticMeshComponent0
Harset-00000001	StaticMeshActor	Em-Props:EM-SandbagSingle_00	155.114	-41.298	29.463	Em-Props.EM-SandbagI_00_Pf0.EM-SandbagI_00_Pf0_Arc3.StaticMeshComponent0
Harset-00000001	StaticMeshActor	Em-Props:EM-SandbagSingle_00	155.151	-41.038	28.821	Em-Props.EM-SandbagI_00_Pf0.EM-SandbagI_00_Pf0_Arc4.StaticMeshComponent0
Harset-00000001	StaticMeshActor	Em-Props:EM-SandbagSingle_00	154.827	-40.848	28.446	Em-Props.EM-SandbagI_00_Pf0.EM-SandbagI_00_Pf0_Arc6.StaticMeshComponent0
Harset-00000001	StaticMeshActor	Em-Props:EM-SandbagSingle_00	155.262	-41.034	28.355	Em-Props.EM-SandbagI_00_Pf0.EM-SandbagI_00_Pf0_Arc7.StaticMeshComponent0
Harset-00000001	StaticMeshActor	Em-Props:EM-SandbagI_00	157.247	-41.200	29.428	Em-Props.EM-SandbagI_00_Pf0.EM-SandbagI_00_Pf0_Arc8.StaticMeshComponent0
Harset-00000001	StaticMeshActor	GA-Interior:GA-hallway_decor_torch_01	124.440	-55.350	69.570	GA-Interior.GA-hallway_decor_torch_01_Pf0.GA-hallway_decor_torch_01_Pf0_Arc2.StaticMeshComponent0
Harset-00000001	StaticMeshActor	GA-Interior:GA-hallway_decor_torch_01	124.440	-55.350	53.650	GA-Interior.GA-hallway_decor_torch_01_Pf0.GA-hallway_decor_torch_01_Pf0_Arc2.StaticMeshComponent0
Harset-00000001	StaticMeshActor	Em-Props:EM-SandbagSingle_00	159.324	-41.198	31.138	Em-Props.EM-SandbagI_00_Pf0.EM-SandbagI_00_Pf0_Arc2.StaticMeshComponent0
Harset-00000001	StaticMeshActor	Em-Props:EM-SandbagSingle_00	153.988	-41.200	45.535	Em-Props.EM-SandbagI_00_Pf1.EM-SandbagI_00_Pf1_Arc12.StaticMeshComponent0
Harset-00000001	StaticMeshActor	GA-Props:GA-StreetLamp_Single00	104.990	-57.410	30.822	GA-Props.GA-StreetLamp_Single00_Pf0.GA-StreetLamp_Single00_Pf0_Arc3.StaticMeshComponent0
Harset-00000001	StaticMeshActor	Em-Props:EM-SandbagSingle_00	157.298	-41.037	43.175	Em-Props.EM-SandbagI_00_Pf1.EM-SandbagI_00_Pf1_Arc11.StaticMeshComponent0
Harset-00000001	StaticMeshActor	GA-Props:GA-StreetLamp_Single00	105.060	-57.280	41.020	GA-Props.GA-StreetLamp_Single00_Pf0.GA-StreetLamp_Single00_Pf0_Arc3.StaticMeshComponent0
Harset-00000001	StaticMeshActor	Em-Props:EM-SandbagSingle_00	158.437	-41.198	30.738	Em-Props.EM-SandbagI_00_Pf0.EM-SandbagI_00_Pf0_Arc0.StaticMeshComponent0
Harset-00000001	StaticMeshActor	Em-Props:EM-SandbagSingle_00	159.132	-40.978	30.507	Em-Props.EM-SandbagI_00_Pf0.EM-SandbagI_00_Pf0_Arc1.StaticMeshComponent0
Harset-00000001	StaticMeshActor	Env-DD:DD-Palm01	132.472	-60.320	88.000	Env-DD.DD-Palm01_Pf0.DD-Palm01_Pf0_Arc1.StaticMeshComponent0
Harset-00000001	StaticMeshActor	GA-Props:GA-StreetLamp00	102.364	-60.360	27.602	GA-Props.GA-StreetLamp00_Pf1.GA-StreetLamp00_Pf1_Arc0.StaticMeshComponent0
Harset-00000001	StaticMeshActor	Env-DD:DD-Palm01	108.152	-60.320	23.660	Env-DD.DD-Palm01_Pf0.DD-Palm01_Pf0_Arc1.StaticMeshComponent0
Harset-00000001	StaticMeshActor	GA-Props:GA-StreetLamp00	101.831	-60.320	45.089	GA-Props.GA-StreetLamp00_Pf1.GA-StreetLamp00_Pf1_Arc0.StaticMeshComponent0
Harset-00000001	StaticMeshActor	Em-Props:EM-SandbagSingle_00	157.464	-40.851	42.763	Em-Props.EM-SandbagI_00_Pf1.EM-SandbagI_00_Pf1_Arc10.StaticMeshComponent0
Harset-00000001	StaticMeshActor	Em-Props:EM-SandbagI_00	155.303	-41.200	44.230	Em-Props.EM-SandbagI_00_Pf1.EM-SandbagI_00_Pf1_Arc3.StaticMeshComponent0
Harset-00000001	StaticMeshActor	Em-Props:EM-SandbagSingle_00	154.145	-41.200	44.246	Em-Props.EM-SandbagI_00_Pf1.EM-SandbagI_00_Pf1_Arc1.StaticMeshComponent0
Harset-00000001	StaticMeshActor	EM_Earth_Military:EM-Tent_med00	192.901	-34.400	8.413	EM_Earth_Military.EM-Tent_med00_Pf0.EM-Tent_med00_Pf0_Arc3.StaticMeshComponent0
Harset-00000001	StaticMeshActor	Em-Props:EM-StandingLight04	148.080	-29.520	28.160	Em-Props.EM-StandingLight04_Pf0.EM-StandingLight04_Pf0_Arc0.StaticMeshComponent0
Harset-00000001	StaticMeshActor	Em-Props:EM-StandingLight04	148.080	-29.520	39.040	Em-Props.EM-StandingLight04_Pf0.EM-StandingLight04_Pf0_Arc0.StaticMeshComponent0
Harset-00000001	StaticMeshActor	GA-Interior:GA-hallway_decor_torch_01	124.480	-56.150	2.910	GA-Interior.GA-hallway_decor_torch_01_Pf0.GA-hallway_decor_torch_01_Pf0_Arc2.StaticMeshComponent0
Harset-00000001	StaticMeshActor	GA-Interior:GA-hallway_decor_torch_01	124.480	-56.150	18.470	GA-Interior.GA-hallway_decor_torch_01_Pf0.GA-hallway_decor_torch_01_Pf0_Arc2.StaticMeshComponent0
Harset-00000001	StaticMeshActor	EM_Earth_Military:EM-Tent_med00	193.087	-34.151	63.244	EM_Earth_Military.EM-Tent_med00_Pf0.EM-Tent_med00_Pf0_Arc3.StaticMeshComponent0
Harset-00000001	StaticMeshActor	GA-Interior:GA-hallway_decor_torch_01	126.200	-55.370	14.150	GA-Interior.GA-hallway_decor_torch_01_Pf0.GA-hallway_decor_torch_01_Pf0_Arc2.StaticMeshComponent0
Harset-00000001	StaticMeshActor	JF-Buildings:JF-Tent03	109.480	-60.220	51.120	JF-Buildings.JF-Tent03_Pf0.JF-Tent03_Pf0_Arc1.StaticMeshComponent0
Harset-00000001	StaticMeshActor	JF-Buildings:JF-Tent03	110.866	-60.200	69.276	JF-Buildings.JF-Tent03_Pf0.JF-Tent03_Pf0_Arc1.StaticMeshComponent0
Harset-00000001	StaticMeshActor	JF-Buildings:JF-Tent02	111.480	-60.220	1.100	JF-Buildings.JF-Tent02_Pf0.JF-Tent02_Pf0_Arc1.StaticMeshComponent0
Harset-00000001	StaticMeshActor	GA-Props:GA-Torch00	179.810	-69.150	4.430	GA-Props.GA-Torch00_Pf1.GA-Torch00_Pf1_Arc1.StaticMeshComponent0
Harset-00000001	StaticMeshActor	GA-Props:GA-Torch00	192.870	-69.150	18.130	GA-Props.GA-Torch00_Pf1.GA-Torch00_Pf1_Arc1.StaticMeshComponent0
Harset-00000001	StaticMeshActor	GA-Props:GA-Torch00	193.050	-69.150	54.310	GA-Props.GA-Torch00_Pf1.GA-Torch00_Pf1_Arc1.StaticMeshComponent0
Harset-00000001	StaticMeshActor	GA-Props:GA-Torch00	179.740	-69.150	67.800	GA-Props.GA-Torch00_Pf1.GA-Torch00_Pf1_Arc1.StaticMeshComponent0
Harset-00000001	StaticMeshActor	GA-Props:GA-Torch00	138.730	-60.190	67.760	GA-Props.GA-Torch00_Pf1.GA-Torch00_Pf1_Arc1.StaticMeshComponent0
Harset-00000001	StaticMeshActor	GA-Props:GA-Torch00	138.780	-60.190	55.530	GA-Props.GA-Torch00_Pf1.GA-Torch00_Pf1_Arc1.StaticMeshComponent0
Harset-00000001	StaticMeshActor	GA-Props:GA-Torch00	138.960	-60.190	16.740	GA-Props.GA-Torch00_Pf1.GA-Torch00_Pf1_Arc1.StaticMeshComponent0
Harset-00000001	StaticMeshActor	GA-Props:GA-Torch00	138.840	-60.190	4.380	GA-Props.GA-Torch00_Pf1.GA-Torch00_Pf1_Arc1.StaticMeshComponent0
Harset-00000001	StaticMeshActor	GA-Props:GA-Torch00	180.980	-69.150	33.760	GA-Props.GA-Torch00_Pf1.GA-Torch00_Pf1_Arc1.StaticMeshComponent0
Harset-00000001	StaticMeshActor	GA-Props:GA-Torch00	180.740	-69.150	38.270	GA-Props.GA-Torch00_Pf1.GA-Torch00_Pf1_Arc1.StaticMeshComponent0
Harset-00000001	StaticMeshActor	GA-Building:GA-MerchantTent02	117.903	-60.370	93.660	GA-Building.GA-MerchantTent02_Pf0.GA-MerchantTent02_Pf0_Arc2.StaticMeshComponent0
Harset-00000001	StaticMeshActor	GA-Interior:GA-small_doorway_open_a_00	131.320	-61.480	10.480	GA-Interior.GA-small_doorway_open_a_00_Pf0.GA-small_doorway_open_a_00_Pf0_Arc1.StaticMeshComponent0
Harset-00000001	StaticMeshActor	GA-Interior:GA-small_doorway_open_a_00	131.320	-61.480	61.680	GA-Interior.GA-small_doorway_open_a_00_Pf0.GA-small_doorway_open_a_00_Pf0_Arc1.StaticMeshComponent0
Harset-00000001	StaticMeshActor	Em-Props:EM-ViewScreen02	195.200	-34.120	8.010	Em-Props.EM-ViewScreen02_Pf0.EM-ViewScreen02_Pf0_Arc1.StaticMeshComponent0
Harset-00000001	StaticMeshActor	JF-Buildings:JF-Tent02	102.210	-60.220	3.070	JF-Buildings.JF-Tent02_Pf0.JF-Tent02_Pf0_Arc1.StaticMeshComponent0
Harset-00000001	StaticMeshActor	GA-Interior:GA-small_hallway_3way_a_00	187.000	-70.440	36.080	GA-Interior.GA-small_hallway_3way_a_00_Pf0.GA-small_hallway_3way_a_00_Pf0_Arc1.StaticMeshComponent0
Harset-00000001	StaticMeshActor	GA-Interior:GA-small_hallway_elbow_a_00	187.000	-70.440	10.480	GA-Interior.GA-small_hallway_elbow_a_00_Pf0.GA-small_hallway_elbow_a_00_Pf0_Arc1.StaticMeshComponent0
Harset-00000001	StaticMeshActor	GA-Interior:GA-small_hallway_elbow_a_00	187.000	-70.440	61.680	GA-Interior.GA-small_hallway_elbow_a_00_Pf0.GA-small_hallway_elbow_a_00_Pf0_Arc1.StaticMeshComponent0
Harset-00000001	StaticMeshActor	GA-Interior:GA-small_hallway_ramp_a_00	158.840	-61.480	10.480	GA-Interior.GA-small_hallway_ramp_a_00_Pf0.GA-small_hallway_ramp_a_00_Pf0_Arc1.StaticMeshComponent0
Harset-00000001	StaticMeshActor	GA-Interior:GA-small_hallway_ramp_a_00	158.840	-61.480	61.680	GA-Interior.GA-small_hallway_ramp_a_00_Pf0.GA-small_hallway_ramp_a_00_Pf0_Arc1.StaticMeshComponent0
Harset-00000001	StaticMeshActor	Em-Props:EM-ViewScreen02	194.411	-34.120	8.592	Em-Props.EM-ViewScreen02_Pf0.EM-ViewScreen02_Pf0_Arc1.StaticMeshComponent0
Harset-00000001	StaticMeshActor	GA-Interior:GA-small_hallway_straight_a_1024_00	140.920	-61.480	10.480	GA-Interior.GA-small_hallway_straight_a_1024_00_Pf0.GA-small_hallway_straight_a_1024_00_Pf0_Arc1.StaticMeshComponent0
Harset-00000001	StaticMeshActor	GA-Interior:GA-small_hallway_straight_a_1024_00	140.920	-61.480	61.680	GA-Interior.GA-small_hallway_straight_a_1024_00_Pf0.GA-small_hallway_straight_a_1024_00_Pf0_Arc1.StaticMeshComponent0
Harset-00000001	StaticMeshActor	Em-Props:EM-SandbagSingle_00	154.653	-41.360	43.628	Em-Props.EM-SandbagI_00_Pf1.EM-SandbagI_00_Pf1_Arc2.StaticMeshComponent0
Harset-00000001	StaticMeshActor	GA-Interior:GA-small_hallway_straight_a_512_00	187.000	-70.440	23.280	GA-Interior.GA-small_hallway_straight_a_512_00_Pf0.GA-small_hallway_straight_a_512_00_Pf0_Arc1.StaticMeshComponent0
Harset-00000001	StaticMeshActor	GA-Interior:GA-small_hallway_straight_a_512_00	199.800	-70.440	36.080	GA-Interior.GA-small_hallway_straight_a_512_00_Pf0.GA-small_hallway_straight_a_512_00_Pf0_Arc1.StaticMeshComponent0
Harset-00000001	StaticMeshActor	GA-Interior:GA-small_hallway_straight_a_512_00	174.200	-70.440	10.480	GA-Interior.GA-small_hallway_straight_a_512_00_Pf0.GA-small_hallway_straight_a_512_00_Pf0_Arc1.StaticMeshComponent0
Harset-00000001	StaticMeshActor	GA-Interior:GA-small_hallway_straight_a_512_00	187.000	-70.440	48.880	GA-Interior.GA-small_hallway_straight_a_512_00_Pf0.GA-small_hallway_straight_a_512_00_Pf0_Arc1.StaticMeshComponent0
Harset-00000001	StaticMeshActor	GA-Interior:GA-small_hallway_straight_a_512_00	174.200	-70.440	61.680	GA-Interior.GA-small_hallway_straight_a_512_00_Pf0.GA-small_hallway_straight_a_512_00_Pf0_Arc1.StaticMeshComponent0
Harset-00000001	StaticMeshActor	Em-Props:EM-ViewScreen02	195.483	-34.111	63.319	Em-Props.EM-ViewScreen02_Pf0.EM-ViewScreen02_Pf0_Arc1.StaticMeshComponent0
Harset-00000001	StaticMeshActor	Em-Props:EM-ViewScreen02	196.139	-34.111	64.048	Em-Props.EM-ViewScreen02_Pf0.EM-ViewScreen02_Pf0_Arc1.StaticMeshComponent0
Harset-00000001	StaticMeshActor	EM_Earth_Military:EM-Tent_small00	180.635	-41.181	56.277	EM_Earth_Military.EM-Tent_small00_Pf0.EM-Tent_small00_Pf0_Arc3.StaticMeshComponent0
Harset-00000001	StaticMeshActor	EM_Earth_Military:EM-Tent_small00	180.663	-41.190	48.843	EM_Earth_Military.EM-Tent_small00_Pf0.EM-Tent_small00_Pf0_Arc3.StaticMeshComponent0
Harset-00000001	StaticMeshActor	EM_Earth_Military:EM-Tent_large01	118.536	-60.220	51.071	EM_Earth_Military.EM-Tent_large01_Pf0.EM-Tent_large01_Pf0_Arc2.StaticMeshComponent0
Harset-00000001	StaticMeshActor	GA-Building:GA-MerchantTent01	126.164	-60.320	91.418	GA-Building.GA-MerchantTent01_Pf0.GA-MerchantTent01_Pf0_Arc2.StaticMeshComponent0
Harset-00000001	StaticMeshActor	GA-Building:GA-MerchantTent02	109.999	-60.370	85.267	GA-Building.GA-MerchantTent02_Pf0.GA-MerchantTent02_Pf0_Arc2.StaticMeshComponent0
Harset-00000002	StaticMeshActor	GA-Interior:GA-large_doorway_close_a_00	258.200	-69.160	99.880	GA-Interior.GA-large_doorway_close_a_00_Pf0.GA-large_doorway_close_a_00_Pf0_Arc1.StaticMeshComponent0
Harset-00000002	StaticMeshActor	GA-Interior:GA-large_doorway_close_a_00	207.000	-69.160	99.880	GA-Interior.GA-large_doorway_close_a_00_Pf0.GA-large_doorway_close_a_00_Pf0_Arc1.StaticMeshComponent0
Harset-00000002	StaticMeshActor	GA-Interior:GA-large_doorway_open_a_00	232.600	-69.160	76.840	GA-Interior.GA-large_doorway_open_a_00_Pf0.GA-large_doorway_open_a_00_Pf0_Arc1.StaticMeshComponent0
Harset-00000002	StaticMeshActor	GA-Interior:GA-large_doorway_open_a_00	232.600	-69.160	84.520	GA-Interior.GA-large_doorway_open_a_00_Pf0.GA-large_doorway_open_a_00_Pf0_Arc1.StaticMeshComponent0
Harset-00000002	StaticMeshActor	EM_Earth_Military:EM-PropaneTank00	210.690	-37.070	71.020	EM_Earth_Military.EM-PropaneTank00_Pf0.EM-PropaneTank00_Pf0_Arc0.StaticMeshComponent0
Harset-00000002	StaticMeshActor	Em-Props:EM-SecurityCam01_Arm	212.539	-63.680	91.987	Em-Props.EM-SecurityCam00_Pf0.EM-SecurityCam00_Pf0_Arc1.StaticMeshComponent0
Harset-00000002	StaticMeshActor	Em-Props:EM-WallLight00	213.458	-36.920	8.452	Em-Props.EM-WallLight00_Pf0.EM-WallLight00_Pf0_Arc2.StaticMeshComponent0
Harset-00000002	StaticMeshActor	Em-Props:EM-ViewScreen02	219.520	-34.240	20.170	Em-Props.EM-ViewScreen02_Pf0.EM-ViewScreen02_Pf0_Arc1.StaticMeshComponent0
Harset-00000002	StaticMeshActor	Em-Props:EM-ViewScreen02	218.938	-34.240	19.381	Em-Props.EM-ViewScreen02_Pf0.EM-ViewScreen02_Pf0_Arc1.StaticMeshComponent0
Harset-00000002	StaticMeshActor	Em-Props:EM-WallLight00	205.300	-36.920	64.120	Em-Props.EM-WallLight00_Pf0.EM-WallLight00_Pf0_Arc2.StaticMeshComponent0
Harset-00000002	StaticMeshActor	Em-Props:EM-WallLight00	212.070	-36.920	64.120	Em-Props.EM-WallLight00_Pf0.EM-WallLight00_Pf0_Arc2.StaticMeshComponent0
Harset-00000002	StaticMeshActor	GA-Building:GA-Base_Simp00	221.000	-41.370	37.760	GA-Building.GA-Base_Simp00_Pf0.GA-Base_Simp00_Pf0_Arc0.StaticMeshComponent0
Harset-00000002	StaticMeshActor	GA-Props:GA-Torch00	203.910	-69.140	29.940	GA-Props.GA-Torch00_Pf1.GA-Torch00_Pf1_Arc1.StaticMeshComponent0
Harset-00000002	StaticMeshActor	GA-Props:GA-Torch00	204.070	-69.150	42.400	GA-Props.GA-Torch00_Pf1.GA-Torch00_Pf1_Arc1.StaticMeshComponent0
Harset-00000002	StaticMeshActor	GA-Props:GA-Torch00	211.970	-69.160	31.400	GA-Props.GA-Torch00_Pf1.GA-Torch00_Pf1_Arc1.StaticMeshComponent0
Harset-00000002	StaticMeshActor	GA-Props:GA-Torch00	211.980	-69.160	40.220	GA-Props.GA-Torch00_Pf1.GA-Torch00_Pf1_Arc1.StaticMeshComponent0
Harset-00000002	StaticMeshActor	GA-Props:GA-Torch00	220.040	-69.160	48.880	GA-Props.GA-Torch00_Pf1.GA-Torch00_Pf1_Arc1.StaticMeshComponent0
Harset-00000002	StaticMeshActor	GA-Props:GA-Torch00	220.240	-69.160	22.660	GA-Props.GA-Torch00_Pf1.GA-Torch00_Pf1_Arc1.StaticMeshComponent0
Harset-00000002	StaticMeshActor	GA-Props:GA-Torch00	244.870	-69.160	23.070	GA-Props.GA-Torch00_Pf1.GA-Torch00_Pf1_Arc1.StaticMeshComponent0
Harset-00000002	StaticMeshActor	GA-Props:GA-Torch00	244.930	-69.160	48.630	GA-Props.GA-Torch00_Pf1.GA-Torch00_Pf1_Arc1.StaticMeshComponent0
Harset-00000002	StaticMeshActor	GA-Props:GA-Torch00	212.830	-69.160	71.140	GA-Props.GA-Torch00_Pf1.GA-Torch00_Pf1_Arc1.StaticMeshComponent0
Harset-00000002	StaticMeshActor	GA-Props:GA-Torch00	252.250	-69.160	70.980	GA-Props.GA-Torch00_Pf1.GA-Torch00_Pf1_Arc1.StaticMeshComponent0
Harset-00000002	StaticMeshActor	GA-Props:GA-Torch00	252.450	-69.160	0.750	GA-Props.GA-Torch00_Pf1.GA-Torch00_Pf1_Arc1.StaticMeshComponent0
Harset-00000002	StaticMeshActor	GA-Props:GA-Torch00	212.870	-69.160	0.590	GA-Props.GA-Torch00_Pf1.GA-Torch00_Pf1_Arc1.StaticMeshComponent0
Harset-00000002	StaticMeshActor	GA-Interior:GA-small_doorway_open_a_00	206.840	-70.440	35.940	GA-Interior.GA-small_doorway_open_a_00_Pf0.GA-small_doorway_open_a_00_Pf0_Arc1.StaticMeshComponent0
Harset-00000002	StaticMeshActor	GA-Building:GA-Top01	216.880	-37.650	53.520	GA-Building.GA-Top01_Pf0.GA-Top01_Pf0_Arc1.StaticMeshComponent0
Harset-00000002	StaticMeshActor	EM_Earth_Military:EM-WaterTower00	248.960	-23.360	46.080	EM_Earth_Military.EM-WaterTower00_Pf0.EM-WaterTower00_Pf0_Arc1.StaticMeshComponent0
Harset-00000002	StaticMeshActor	GA-Building:GA-Top01	216.880	-37.650	19.120	GA-Building.GA-Top01_Pf0.GA-Top01_Pf0_Arc1.StaticMeshComponent0
Harset-0000fffd	StaticMeshActor	GA-Interior:GA-small_doorway_open_a_00	-197.740	-42.500	37.660	GA-Interior.GA-small_doorway_open_a_00_Pf0.GA-small_doorway_open_a_00_Pf0_Arc1.StaticMeshComponent0
Harset-0000fffd	StaticMeshActor	GA-Interior:GA-hallway_decor_torch_00	-274.020	-50.340	32.890	GA-Interior.GA-hallway_decor_torch_00_Pf0.GA-hallway_decor_torch_00_Pf0_Arc0.StaticMeshComponent0
Harset-0000fffd	StaticMeshActor	GA-Interior:GA-hallway_decor_torch_00	-274.020	-50.340	41.980	GA-Interior.GA-hallway_decor_torch_00_Pf0.GA-hallway_decor_torch_00_Pf0_Arc0.StaticMeshComponent0
Harset-0000fffd	StaticMeshActor	GA-Props:GA-Torch00	-200.780	-41.280	43.880	GA-Props.GA-Torch00_Pf1.GA-Torch00_Pf1_Arc1.StaticMeshComponent0
Harset-0000fffd	StaticMeshActor	GA-Props:GA-Torch00	-249.890	-50.370	31.470	GA-Props.GA-Torch00_Pf1.GA-Torch00_Pf1_Arc1.StaticMeshComponent0
Harset-0000fffd	StaticMeshActor	GA-Props:GA-Torch00	-204.380	-69.120	29.840	GA-Props.GA-Torch00_Pf1.GA-Torch00_Pf1_Arc1.StaticMeshComponent0
Harset-0000fffd	StaticMeshActor	GA-Interior:GA-small_doorway_close_a_00	-273.260	-51.620	57.600	GA-Interior.GA-small_doorway_close_a_00_Pf0.GA-small_doorway_close_a_00_Pf0_Arc1.StaticMeshComponent0
Harset-0000fffd	StaticMeshActor	GA-Props:GA-Torch00	-204.380	-69.120	42.080	GA-Props.GA-Torch00_Pf1.GA-Torch00_Pf1_Arc1.StaticMeshComponent0
Harset-0000fffd	StaticMeshActor	GA-Interior:GA-hallway_decor_torch_01	-257.920	-47.200	33.440	GA-Interior.GA-hallway_decor_torch_01_Pf0.GA-hallway_decor_torch_01_Pf0_Arc2.StaticMeshComponent0
Harset-0000fffd	StaticMeshActor	GA-Interior:GA-hallway_decor_torch_01	-257.920	-47.200	41.600	GA-Interior.GA-hallway_decor_torch_01_Pf0.GA-hallway_decor_torch_01_Pf0_Arc2.StaticMeshComponent0
Harset-0000fffd	StaticMeshActor	GA-Props:GA-Torch00	-213.360	-69.120	49.720	GA-Props.GA-Torch00_Pf1.GA-Torch00_Pf1_Arc1.StaticMeshComponent0
Harset-0000fffd	StaticMeshActor	GA-Props:GA-Torch00	-213.520	-69.120	22.320	GA-Props.GA-Torch00_Pf1.GA-Torch00_Pf1_Arc1.StaticMeshComponent0
Harset-0000fffd	StaticMeshActor	GA-Props:GA-Torch00	-252.960	-69.120	24.120	GA-Props.GA-Torch00_Pf1.GA-Torch00_Pf1_Arc1.StaticMeshComponent0
Harset-0000fffd	StaticMeshActor	GA-Props:GA-Torch00	-252.640	-69.120	48.480	GA-Props.GA-Torch00_Pf1.GA-Torch00_Pf1_Arc1.StaticMeshComponent0
Harset-0000fffd	StaticMeshActor	GA-Props:GA-Torch00	-252.640	-69.120	54.800	GA-Props.GA-Torch00_Pf1.GA-Torch00_Pf1_Arc1.StaticMeshComponent0
Harset-0000fffd	StaticMeshActor	GA-Props:GA-Torch00	-252.960	-69.120	15.920	GA-Props.GA-Torch00_Pf1.GA-Torch00_Pf1_Arc1.StaticMeshComponent0
Harset-0000fffd	StaticMeshActor	GA-Props:GA-Torch00	-254.720	-69.120	30.440	GA-Props.GA-Torch00_Pf1.GA-Torch00_Pf1_Arc1.StaticMeshComponent0
Harset-0000fffd	StaticMeshActor	GA-Props:GA-Torch00	-254.720	-69.120	42.040	GA-Props.GA-Torch00_Pf1.GA-Torch00_Pf1_Arc1.StaticMeshComponent0
Harset-0000fffd	StaticMeshActor	GA-Props:GA-Torch00	-213.520	-69.120	13.080	GA-Props.GA-Torch00_Pf1.GA-Torch00_Pf1_Arc1.StaticMeshComponent0
Harset-0000fffd	StaticMeshActor	GA-Props:GA-Torch00	-213.360	-69.120	57.320	GA-Props.GA-Torch00_Pf1.GA-Torch00_Pf1_Arc1.StaticMeshComponent0
Harset-0000fffd	StaticMeshActor	GA-Props:GA-Torch00	-213.360	-69.120	63.960	GA-Props.GA-Torch00_Pf1.GA-Torch00_Pf1_Arc1.StaticMeshComponent0
Harset-0000fffd	StaticMeshActor	GA-Props:GA-Torch00	-228.100	-69.120	73.120	GA-Props.GA-Torch00_Pf1.GA-Torch00_Pf1_Arc1.StaticMeshComponent0
Harset-0000fffd	StaticMeshActor	GA-Props:GA-Torch00	-238.980	-69.120	73.500	GA-Props.GA-Torch00_Pf1.GA-Torch00_Pf1_Arc1.StaticMeshComponent0
Harset-0000fffd	StaticMeshActor	GA-Props:GA-Torch00	-252.640	-69.120	62.040	GA-Props.GA-Torch00_Pf1.GA-Torch00_Pf1_Arc1.StaticMeshComponent0
Harset-0000fffd	StaticMeshActor	GA-Props:GA-Torch00	-248.320	-69.120	71.760	GA-Props.GA-Torch00_Pf1.GA-Torch00_Pf1_Arc1.StaticMeshComponent0
Harset-0000fffd	StaticMeshActor	GA-Props:GA-Torch00	-218.120	-69.120	71.760	GA-Props.GA-Torch00_Pf1.GA-Torch00_Pf1_Arc1.StaticMeshComponent0
Harset-0000fffd	StaticMeshActor	GA-Interior:GA-small_doorway_close_a_00	-273.260	-51.620	17.920	GA-Interior.GA-small_doorway_close_a_00_Pf0.GA-small_doorway_close_a_00_Pf0_Arc1.StaticMeshComponent0
Harset-0000fffd	StaticMeshActor	GA-Props:GA-Torch00	-248.320	-69.120	1.040	GA-Props.GA-Torch00_Pf1.GA-Torch00_Pf1_Arc1.StaticMeshComponent0
Harset-0000fffd	StaticMeshActor	GA-Props:GA-Torch00	-218.120	-69.120	1.040	GA-Props.GA-Torch00_Pf1.GA-Torch00_Pf1_Arc1.StaticMeshComponent0
Harset-0000fffd	StaticMeshActor	GA-Props:GA-Torch00	-214.740	-38.180	25.810	GA-Props.GA-Torch00_Pf1.GA-Torch00_Pf1_Arc1.StaticMeshComponent0
Harset-0000fffd	StaticMeshActor	GA-Props:GA-Torch00	-214.130	-38.180	2.730	GA-Props.GA-Torch00_Pf1.GA-Torch00_Pf1_Arc1.StaticMeshComponent0
Harset-0000fffd	StaticMeshActor	GA-Props:GA-Torch00	-214.960	-38.210	64.530	GA-Props.GA-Torch00_Pf1.GA-Torch00_Pf1_Arc1.StaticMeshComponent0
Harset-0000fffd	StaticMeshActor	GA-Props:GA-Torch00	-200.990	-41.250	31.670	GA-Props.GA-Torch00_Pf1.GA-Torch00_Pf1_Arc1.StaticMeshComponent0
Harset-0000fffd	StaticMeshActor	GA-Props:GA-Torch00	-249.880	-50.340	43.860	GA-Props.GA-Torch00_Pf1.GA-Torch00_Pf1_Arc1.StaticMeshComponent0
Harset-0000fffd	StaticMeshActor	GA-Props:GA-Torch00	-241.060	-50.370	31.390	GA-Props.GA-Torch00_Pf1.GA-Torch00_Pf1_Arc1.StaticMeshComponent0
Harset-0000fffd	StaticMeshActor	GA-Props:GA-Torch00	-241.010	-50.360	43.750	GA-Props.GA-Torch00_Pf1.GA-Torch00_Pf1_Arc1.StaticMeshComponent0
Harset-0000fffd	StaticMeshActor	GA-Props:GA-Torch00	-258.900	-50.380	23.460	GA-Props.GA-Torch00_Pf1.GA-Torch00_Pf1_Arc1.StaticMeshComponent0
Harset-0000fffd	StaticMeshActor	GA-Props:GA-Torch00	-258.660	-50.370	52.250	GA-Props.GA-Torch00_Pf1.GA-Torch00_Pf1_Arc1.StaticMeshComponent0
Harset-0000fffd	StaticMeshActor	GA-Props:GA-Torch00	-277.760	-50.340	52.420	GA-Props.GA-Torch00_Pf1.GA-Torch00_Pf1_Arc1.StaticMeshComponent0
Harset-0000fffd	StaticMeshActor	GA-Props:GA-Torch00	-277.620	-50.340	23.250	GA-Props.GA-Torch00_Pf1.GA-Torch00_Pf1_Arc1.StaticMeshComponent0
Harset-0000fffd	StaticMeshActor	GA-Props:GA-Torch00	-215.140	-38.180	49.350	GA-Props.GA-Torch00_Pf1.GA-Torch00_Pf1_Arc1.StaticMeshComponent0
Harset-0000fffd	StaticMeshActor	GA-Interior:GA-small_doorway_open_a_00	-252.780	-51.540	37.660	GA-Interior.GA-small_doorway_open_a_00_Pf0.GA-small_doorway_open_a_00_Pf0_Arc1.StaticMeshComponent0
Harset-0000fffd	StaticMeshActor	GA-Interior:GA-small_hallway_ramp_a_00	-225.300	-42.580	37.680	GA-Interior.GA-small_hallway_ramp_a_00_Pf0.GA-small_hallway_ramp_a_00_Pf0_Arc1.StaticMeshComponent0
Harset-0000fffd	StaticMeshActor	GA-Interior:GA-small_hallway_straight_a_1024_00	-207.340	-42.500	37.660	GA-Interior.GA-small_hallway_straight_a_1024_00_Pf0.GA-small_hallway_straight_a_1024_00_Pf0_Arc1.StaticMeshComponent0
Harset-0000fffd	StaticMeshActor	GA-Interior:GA-small_hallway_straight_a_1024_00	-243.180	-51.540	37.660	GA-Interior.GA-small_hallway_straight_a_1024_00_Pf0.GA-small_hallway_straight_a_1024_00_Pf0_Arc1.StaticMeshComponent0
Harset-0000fffe	StaticMeshActor	GA-Building:GA-TowTall01	-226.040	-41.360	37.720	GA-Building.GA-TowTall01_Pf0.GA-TowTall01_Pf0_Arc0.StaticMeshComponent0
Harset-0000fffe	StaticMeshActor	GA-Props:GA-Torch00	-194.000	-69.120	54.560	GA-Props.GA-Torch00_Pf1.GA-Torch00_Pf1_Arc1.StaticMeshComponent0
Harset-0000fffe	StaticMeshActor	GA-Props:GA-Torch00	-143.600	-60.160	67.920	GA-Props.GA-Torch00_Pf1.GA-Torch00_Pf1_Arc1.StaticMeshComponent0
Harset-0000fffe	StaticMeshActor	GA-Props:GA-Torch00	-143.760	-60.160	55.680	GA-Props.GA-Torch00_Pf1.GA-Torch00_Pf1_Arc1.StaticMeshComponent0
Harset-0000fffe	StaticMeshActor	GA-Props:GA-Torch00	-139.680	-60.160	67.760	GA-Props.GA-Torch00_Pf1.GA-Torch00_Pf1_Arc1.StaticMeshComponent0
Harset-0000fffe	StaticMeshActor	GA-Props:GA-Torch00	-139.520	-60.160	55.520	GA-Props.GA-Torch00_Pf1.GA-Torch00_Pf1_Arc1.StaticMeshComponent0
Harset-0000fffe	StaticMeshActor	GA-Interior:GA-small_hallway_straight_a_512_00	-200.520	-70.440	36.080	GA-Interior.GA-small_hallway_straight_a_512_00_Pf0.GA-small_hallway_straight_a_512_00_Pf0_Arc1.StaticMeshComponent0
Harset-0000fffe	StaticMeshActor	GA-Interior:GA-small_doorway_open_a_00	-207.560	-70.440	36.080	GA-Interior.GA-small_doorway_open_a_00_Pf0.GA-small_doorway_open_a_00_Pf0_Arc1.StaticMeshComponent0
Harset-0000fffe	StaticMeshActor	Env-DD:DD-Palm05	-114.160	-60.360	76.480	Env-DD.DD-Palm05_Pf0.DD-Palm05_Pf0_Arc1.StaticMeshComponent0
Harset-0000fffe	StaticMeshActor	Env-DD:DD-Palm05	-114.160	-60.360	24.320	Env-DD.DD-Palm05_Pf0.DD-Palm05_Pf0_Arc1.StaticMeshComponent0
Harset-0000fffe	StaticMeshActor	GA-Props:GA-Torch00	-197.320	-41.130	48.850	GA-Props.GA-Torch00_Pf1.GA-Torch00_Pf1_Arc1.StaticMeshComponent0
Harset-0000fffe	StaticMeshActor	GA-Props:GA-StreetLamp00	-103.041	-60.220	43.817	GA-Props.GA-StreetLamp00_Pf0.GA-StreetLamp00_Pf0_Arc1.StaticMeshComponent0
Harset-0000fffe	StaticMeshActor	Env-DD:DD-Palm07	-111.600	-60.360	48.440	Env-DD.DD-Palm07_Pf0.DD-Palm07_Pf0_Arc1.StaticMeshComponent0
Harset-0000fffe	StaticMeshActor	JF-Props:JF-Torch00	-189.800	-41.120	41.930	JF-Props.JF-Torch00_Pf0.JF-Torch00_Pf0_Arc1.StaticMeshComponent0
Harset-0000fffe	StaticMeshActor	JF-Props:JF-Torch00	-189.850	-41.080	33.810	JF-Props.JF-Torch00_Pf0.JF-Torch00_Pf0_Arc1.StaticMeshComponent0
Harset-0000fffe	StaticMeshActor	GA-Props:GA-StreetLamp00	-102.795	-60.220	83.400	GA-Props.GA-StreetLamp00_Pf0.GA-StreetLamp00_Pf0_Arc1.StaticMeshComponent0
Harset-0000fffe	StaticMeshActor	GA-Props:GA-StreetLamp00	-102.785	-60.220	26.215	GA-Props.GA-StreetLamp00_Pf0.GA-StreetLamp00_Pf0_Arc1.StaticMeshComponent0
Harset-0000fffe	StaticMeshActor	Env-DD:DD-PalmBush01	-112.840	-60.360	72.080	Env-DD.DD-PalmBush01_Pf0.DD-PalmBush01_Pf0_Arc1.StaticMeshComponent0
Harset-0000fffe	StaticMeshActor	Env-DD:DD-PalmBush01	-114.600	-60.360	51.800	Env-DD.DD-PalmBush01_Pf0.DD-PalmBush01_Pf0_Arc1.StaticMeshComponent0
Harset-0000fffe	StaticMeshActor	Env-DD:DD-PalmBush01	-112.840	-60.360	19.920	Env-DD.DD-PalmBush01_Pf0.DD-PalmBush01_Pf0_Arc1.StaticMeshComponent0
Harset-0000fffe	StaticMeshActor	JF-Props:JF-Brazier00	-196.040	-41.290	94.140	JF-Props.JF-Brazier00_Pf0.JF-Brazier00_Pf0_Arc0.StaticMeshComponent0
Harset-0000fffe	StaticMeshActor	SGW_fluids:TOL-FluidPlaneCircle_Flat00	-176.615	-40.830	80.073	JF-Props.JF-Brazier01_Pf0.JF-Brazier01_Pf0_Arc0.StaticMeshComponent0
Harset-0000fffe	StaticMeshActor	SGW_fluids:TOL-FluidPlaneCircle_Flat00	-176.615	-41.000	80.073	JF-Props.JF-Brazier01_Pf0.JF-Brazier01_Pf0_Arc1.StaticMeshComponent0
Harset-0000fffe	StaticMeshActor	SGW_fluids:TOL-FluidPlaneCircle_Flat00	-176.618	-38.520	80.063	JF-Props.JF-Brazier01_Pf0.JF-Brazier01_Pf0_Arc2.StaticMeshComponent0
Harset-0000fffe	StaticMeshActor	GA-Props:GA-Torch00	-192.080	-69.120	4.240	GA-Props.GA-Torch00_Pf1.GA-Torch00_Pf1_Arc1.StaticMeshComponent0
Harset-0000fffe	StaticMeshActor	JF-Props:JF-WallTorch01	-153.340	-39.320	31.460	JF-Props.JF-WallTorch01_Pf0.JF-WallTorch01_Pf0_Arc1.StaticMeshComponent0
Harset-0000fffe	StaticMeshActor	JF-Props:JF-WallTorch01	-159.680	-39.320	39.700	JF-Props.JF-WallTorch01_Pf0.JF-WallTorch01_Pf0_Arc1.StaticMeshComponent0
Harset-0000fffe	StaticMeshActor	JF-Props:JF-Brazier01	-176.620	-41.400	80.100	JF-Props.JF-Brazier01_Pf0.JF-Brazier01_Pf0_Arc12.StaticMeshComponent0
Harset-0000fffe	StaticMeshActor	JF-Props:JF-WallTorch01	-153.340	-39.320	39.800	JF-Props.JF-WallTorch01_Pf0.JF-WallTorch01_Pf0_Arc1.StaticMeshComponent0
Harset-0000fffe	StaticMeshActor	JF-Props:JF-WallTorch01	-154.098	-39.500	22.045	JF-Props.JF-WallTorch01_Pf0.JF-WallTorch01_Pf0_Arc1.StaticMeshComponent0
Harset-0000fffe	StaticMeshActor	JF-Props:JF-Brazier00	-192.020	-40.270	82.020	JF-Props.JF-Brazier00_Pf0.JF-Brazier00_Pf0_Arc0.StaticMeshComponent0
Harset-0000fffe	StaticMeshActor	JF-Props:JF-WallTorch01	-191.840	-39.600	34.800	JF-Props.JF-WallTorch01_Pf0.JF-WallTorch01_Pf0_Arc1.StaticMeshComponent0
Harset-0000fffe	StaticMeshActor	GA-Props:GA-Torch00	-192.240	-69.120	68.160	GA-Props.GA-Torch00_Pf1.GA-Torch00_Pf1_Arc1.StaticMeshComponent0
Harset-0000fffe	StaticMeshActor	GA-Props:GA-Torch00	-180.400	-69.120	68.000	GA-Props.GA-Torch00_Pf1.GA-Torch00_Pf1_Arc1.StaticMeshComponent0
Harset-0000fffe	StaticMeshActor	GA-Props:GA-Torch00	-181.360	-69.120	38.560	GA-Props.GA-Torch00_Pf1.GA-Torch00_Pf1_Arc1.StaticMeshComponent0
Harset-0000fffe	StaticMeshActor	JF-Props:JF-Brazier00	-140.810	-40.640	19.080	JF-Props.JF-Brazier00_Pf0.JF-Brazier00_Pf0_Arc0.StaticMeshComponent0
Harset-0000fffe	StaticMeshActor	GA-Props:GA-Torch00	-197.240	-41.150	26.280	GA-Props.GA-Torch00_Pf1.GA-Torch00_Pf1_Arc1.StaticMeshComponent0
Harset-0000fffe	StaticMeshActor	GA-Props:GA-Torch00	-181.280	-69.120	33.680	GA-Props.GA-Torch00_Pf1.GA-Torch00_Pf1_Arc1.StaticMeshComponent0
Harset-0000fffe	StaticMeshActor	GA-Props:GA-Torch00	-126.760	-60.140	6.890	GA-Props.GA-Torch00_Pf1.GA-Torch00_Pf1_Arc1.StaticMeshComponent0
Harset-0000fffe	StaticMeshActor	GA-Props:GA-Torch00	-126.640	-60.140	58.220	GA-Props.GA-Torch00_Pf1.GA-Torch00_Pf1_Arc1.StaticMeshComponent0
Harset-0000fffe	StaticMeshActor	GA-Props:GA-Torch00	-126.690	-60.140	65.540	GA-Props.GA-Torch00_Pf1.GA-Torch00_Pf1_Arc1.StaticMeshComponent0
Harset-0000fffe	StaticMeshActor	GA-Props:GA-Torch00	-126.530	-60.140	14.190	GA-Props.GA-Torch00_Pf1.GA-Torch00_Pf1_Arc1.StaticMeshComponent0
Harset-0000fffe	StaticMeshActor	JF-Arch:JF-HighWallArch00	-156.480	-41.280	35.660	JF-Arch.JF-HighWallArch00_Pf0.JF-HighWallArch00_Pf0_Arc1.StaticMeshComponent0
Harset-0000fffe	StaticMeshActor	GA-Props:GA-Torch00	-180.160	-69.120	4.080	GA-Props.GA-Torch00_Pf1.GA-Torch00_Pf1_Arc1.StaticMeshComponent0
Harset-0000fffe	StaticMeshActor	GA-Props:GA-Torch00	-194.000	-69.120	66.240	GA-Props.GA-Torch00_Pf1.GA-Torch00_Pf1_Arc1.StaticMeshComponent0
Harset-0000fffe	StaticMeshActor	JF-Buildings:JF-LargeBuilding_FrontEnt00	-135.440	-40.780	61.620	JF-Buildings.JF-LargeBuilding_FrontEnt00_Pf0.JF-LargeBuilding_FrontEnt00_Pf0_Arc1.StaticMeshComponent0
Harset-0000fffe	StaticMeshActor	GA-Props:GA-Torch00	-139.440	-60.160	4.320	GA-Props.GA-Torch00_Pf1.GA-Torch00_Pf1_Arc1.StaticMeshComponent0
Harset-0000fffe	StaticMeshActor	JF-Props:JF-WallTorch01	-159.680	-39.320	31.360	JF-Props.JF-WallTorch01_Pf0.JF-WallTorch01_Pf0_Arc1.StaticMeshComponent0
Harset-0000fffe	StaticMeshActor	GA-Props:GA-StreetLamp_Single00	-105.666	-57.460	40.597	GA-Props.GA-StreetLamp_Single00_Pf0.GA-StreetLamp_Single00_Pf0_Arc3.StaticMeshComponent0
Harset-0000fffe	StaticMeshActor	GA-Props:GA-StreetLamp_Single00	-105.746	-57.440	30.403	GA-Props.GA-StreetLamp_Single00_Pf0.GA-StreetLamp_Single00_Pf0_Arc3.StaticMeshComponent0
Harset-0000fffe	StaticMeshActor	JF-Props:JF-BrazierCenter01	-135.123	-41.020	10.857	JF-Props.JF-BrazierCenter01_Pf0.JF-BrazierCenter01_Pf0_Arc0.StaticMeshComponent0
Harset-0000fffe	StaticMeshActor	SGW_fluids:TOL-FluidPlaneCircle_Flat00	-135.151	-38.230	10.857	JF-Props.JF-BrazierCenter01_Pf0.JF-BrazierCenter01_Pf0_Arc1.StaticMeshComponent0
Harset-0000fffe	StaticMeshActor	JF-Props:JF-WallTorch01	-191.840	-39.600	40.640	JF-Props.JF-WallTorch01_Pf0.JF-WallTorch01_Pf0_Arc1.StaticMeshComponent0
Harset-0000fffe	StaticMeshActor	JF-Props:JF-Brazier00	-130.160	-40.780	1.730	JF-Props.JF-Brazier00_Pf0.JF-Brazier00_Pf0_Arc0.StaticMeshComponent0
Harset-0000fffe	StaticMeshActor	JF-Props:JF-Brazier00	-140.840	-40.780	2.020	JF-Props.JF-Brazier00_Pf0.JF-Brazier00_Pf0_Arc0.StaticMeshComponent0
Harset-0000fffe	StaticMeshActor	JF-Buildings:JF-Tent03	-186.320	-41.120	31.200	JF-Buildings.JF-Tent03_Pf0.JF-Tent03_Pf0_Arc1.StaticMeshComponent0
Harset-0000fffe	StaticMeshActor	JF-Buildings:JF-Tent03	-154.304	-41.280	84.498	JF-Buildings.JF-Tent03_Pf0.JF-Tent03_Pf0_Arc1.StaticMeshComponent0
Harset-0000fffe	StaticMeshActor	JF-Buildings:JF-Tent03	-154.451	-41.280	89.835	JF-Buildings.JF-Tent03_Pf0.JF-Tent03_Pf0_Arc1.StaticMeshComponent0
Harset-0000fffe	StaticMeshActor	JF-Buildings:JF-Tent03	-154.860	-41.280	77.744	JF-Buildings.JF-Tent03_Pf0.JF-Tent03_Pf0_Arc1.StaticMeshComponent0
Harset-0000fffe	StaticMeshActor	JF-Buildings:JF-Tent03	-153.871	-41.369	96.646	JF-Buildings.JF-Tent03_Pf0.JF-Tent03_Pf0_Arc1.StaticMeshComponent0
Harset-0000fffe	StaticMeshActor	Env-DD:DD-Palm00	-112.120	-60.360	22.840	Env-DD.DD-Palm00_Pf0.DD-Palm00_Pf0_Arc1.StaticMeshComponent0
Harset-0000fffe	StaticMeshActor	JF-Props:JF-Brazier00	-130.120	-40.780	18.630	JF-Props.JF-Brazier00_Pf0.JF-Brazier00_Pf0_Arc0.StaticMeshComponent0
Harset-0000fffe	StaticMeshActor	Env-DD:DD-Palm00	-112.120	-60.360	75.000	Env-DD.DD-Palm00_Pf0.DD-Palm00_Pf0_Arc1.StaticMeshComponent0
Harset-0000fffe	StaticMeshActor	Env-DD:DD-Palm01	-114.520	-60.360	20.920	Env-DD.DD-Palm01_Pf0.DD-Palm01_Pf0_Arc1.StaticMeshComponent0
Harset-0000fffe	StaticMeshActor	GA-Interior:GA-small_doorway_open_a_00	-132.040	-61.480	61.680	GA-Interior.GA-small_doorway_open_a_00_Pf0.GA-small_doorway_open_a_00_Pf0_Arc1.StaticMeshComponent0
Harset-0000fffe	StaticMeshActor	GA-Interior:GA-small_doorway_open_a_00	-132.040	-61.480	10.480	GA-Interior.GA-small_doorway_open_a_00_Pf0.GA-small_doorway_open_a_00_Pf0_Arc1.StaticMeshComponent0
Harset-0000fffe	StaticMeshActor	GA-Building:GA-Barracks01	-198.090	-41.280	84.350	GA-Building.GA-Barracks01_Pf0.GA-Barracks01_Pf0_Arc2.StaticMeshComponent0
Harset-0000fffe	StaticMeshActor	GA-Interior:GA-small_hallway_3way_a_00	-187.720	-70.440	36.080	GA-Interior.GA-small_hallway_3way_a_00_Pf0.GA-small_hallway_3way_a_00_Pf0_Arc1.StaticMeshComponent0
Harset-0000fffe	StaticMeshActor	JF-Buildings:JF-LargeBuilding_FrontEnt00	-135.440	-40.780	10.460	JF-Buildings.JF-LargeBuilding_FrontEnt00_Pf0.JF-LargeBuilding_FrontEnt00_Pf0_Arc1.StaticMeshComponent0
Harset-0000fffe	StaticMeshActor	GA-Interior:GA-small_hallway_elbow_a_00	-187.720	-70.440	61.680	GA-Interior.GA-small_hallway_elbow_a_00_Pf0.GA-small_hallway_elbow_a_00_Pf0_Arc1.StaticMeshComponent0
Harset-0000fffe	StaticMeshActor	GA-Interior:GA-small_hallway_elbow_a_00	-187.760	-70.440	10.480	GA-Interior.GA-small_hallway_elbow_a_00_Pf0.GA-small_hallway_elbow_a_00_Pf0_Arc1.StaticMeshComponent0
Harset-0000fffe	StaticMeshActor	GA-Interior:GA-small_hallway_ramp_a_00	-159.560	-61.480	61.680	GA-Interior.GA-small_hallway_ramp_a_00_Pf0.GA-small_hallway_ramp_a_00_Pf0_Arc1.StaticMeshComponent0
Harset-0000fffe	StaticMeshActor	GA-Interior:GA-small_hallway_ramp_a_00	-159.600	-61.480	10.480	GA-Interior.GA-small_hallway_ramp_a_00_Pf0.GA-small_hallway_ramp_a_00_Pf0_Arc1.StaticMeshComponent0
Harset-0000fffe	StaticMeshActor	GA-Props:GA-Torch00	-193.600	-69.120	17.680	GA-Props.GA-Torch00_Pf1.GA-Torch00_Pf1_Arc1.StaticMeshComponent0
Harset-0000fffe	StaticMeshActor	GA-Props:GA-Torch00	-143.760	-60.160	16.640	GA-Props.GA-Torch00_Pf1.GA-Torch00_Pf1_Arc1.StaticMeshComponent0
Harset-0000fffe	StaticMeshActor	GA-Interior:GA-small_hallway_straight_a_1024_00	-141.640	-61.480	61.680	GA-Interior.GA-small_hallway_straight_a_1024_00_Pf0.GA-small_hallway_straight_a_1024_00_Pf0_Arc1.StaticMeshComponent0
Harset-0000fffe	StaticMeshActor	GA-Interior:GA-small_hallway_straight_a_1024_00	-141.640	-61.480	10.480	GA-Interior.GA-small_hallway_straight_a_1024_00_Pf0.GA-small_hallway_straight_a_1024_00_Pf0_Arc1.StaticMeshComponent0
Harset-0000fffe	StaticMeshActor	GA-Interior:GA-small_hallway_straight_a_512_00	-174.920	-70.440	61.680	GA-Interior.GA-small_hallway_straight_a_512_00_Pf0.GA-small_hallway_straight_a_512_00_Pf0_Arc1.StaticMeshComponent0
Harset-0000fffe	StaticMeshActor	GA-Interior:GA-small_hallway_straight_a_512_00	-187.720	-70.440	48.880	GA-Interior.GA-small_hallway_straight_a_512_00_Pf0.GA-small_hallway_straight_a_512_00_Pf0_Arc1.StaticMeshComponent0
Harset-0000fffe	StaticMeshActor	GA-Interior:GA-small_hallway_straight_a_512_00	-187.720	-70.440	23.280	GA-Interior.GA-small_hallway_straight_a_512_00_Pf0.GA-small_hallway_straight_a_512_00_Pf0_Arc1.StaticMeshComponent0
Harset-0000fffe	StaticMeshActor	GA-Props:GA-Torch00	-143.760	-60.160	4.240	GA-Props.GA-Torch00_Pf1.GA-Torch00_Pf1_Arc1.StaticMeshComponent0
Harset-0000fffe	StaticMeshActor	GA-Interior:GA-small_hallway_straight_a_512_00	-174.960	-70.440	10.480	GA-Interior.GA-small_hallway_straight_a_512_00_Pf0.GA-small_hallway_straight_a_512_00_Pf0_Arc1.StaticMeshComponent0
Harset-0000fffe	StaticMeshActor	GA-Props:GA-Torch00	-139.440	-60.160	16.640	GA-Props.GA-Torch00_Pf1.GA-Torch00_Pf1_Arc1.StaticMeshComponent0
Harset-0000fffe	StaticMeshActor	GA-Props:GA-Torch00	-193.760	-69.120	6.160	GA-Props.GA-Torch00_Pf1.GA-Torch00_Pf1_Arc1.StaticMeshComponent0
Harset-0000fffe	StaticMeshActor	Env-DD:DD-Palm01	-114.520	-60.360	73.080	Env-DD.DD-Palm01_Pf0.DD-Palm01_Pf0_Arc1.StaticMeshComponent0
Harset-0000fffe	StaticMeshActor	Env-DD:DD-Palm01	-112.161	-60.440	50.792	Env-DD.DD-Palm01_Pf0.DD-Palm01_Pf0_Arc1.StaticMeshComponent0
Harset-0000fffe	StaticMeshActor	Env-DD:DD-Palm02	-115.440	-60.360	49.920	Env-DD.DD-Palm02_Pf0.DD-Palm02_Pf0_Arc1.StaticMeshComponent0
Harset-0000ffff	StaticMeshActor	Env-DD:DD-Palm03	-20.919	-69.440	79.498	Env-DD.DD-Palm03_Pf0.DD-Palm03_Pf0_Arc1.StaticMeshComponent0
Harset-0000ffff	StaticMeshActor	GA-Building:GA-GuardPost00	-12.831	-69.090	3.576	GA-Building.GA-GuardPost00_Pf0.GA-GuardPost00_Pf0_Arc1.StaticMeshComponent0
Harset-0000ffff	StaticMeshActor	Env-DD:DD-Palm04	-29.559	-69.520	87.178	Env-DD.DD-Palm04_Pf0.DD-Palm04_Pf0_Arc1.StaticMeshComponent0
Harset-0000ffff	StaticMeshActor	Env-DD:DD-Palm05	-23.639	-69.600	86.378	Env-DD.DD-Palm05_Pf0.DD-Palm05_Pf0_Arc1.StaticMeshComponent0
Harset-0000ffff	StaticMeshActor	Env-DD:DD-Palm07	-31.647	-70.160	93.790	Env-DD.DD-Palm07_Pf0.DD-Palm07_Pf0_Arc1.StaticMeshComponent0
Harset-0000ffff	StaticMeshActor	Env-DD:DD-Palm07	-14.199	-69.360	79.338	Env-DD.DD-Palm07_Pf0.DD-Palm07_Pf0_Arc1.StaticMeshComponent0
Harset-0000ffff	StaticMeshActor	Env-DD:DD-Palm07	-57.577	-69.360	7.916	Env-DD.DD-Palm07_Pf0.DD-Palm07_Pf0_Arc1.StaticMeshComponent0
Harset-0000ffff	StaticMeshActor	GA-Props:GA-Torch00	-4.951	-69.150	34.096	GA-Props.GA-Torch00_Pf1.GA-Torch00_Pf1_Arc1.StaticMeshComponent0
Harset-0000ffff	StaticMeshActor	GA-Props:GA-StreetLamp00	-7.671	-69.070	71.436	GA-Props.GA-StreetLamp00_Pf0.GA-StreetLamp00_Pf0_Arc1.StaticMeshComponent0
Harset-0000ffff	StaticMeshActor	GA-Props:GA-StreetLamp00	-4.231	-60.270	99.676	GA-Props.GA-StreetLamp00_Pf0.GA-StreetLamp00_Pf0_Arc1.StaticMeshComponent0
Harset-0000ffff	StaticMeshActor	GA-Props:GA-StreetLamp00	-41.511	-69.390	43.916	GA-Props.GA-StreetLamp00_Pf0.GA-StreetLamp00_Pf0_Arc1.StaticMeshComponent0
Harset-0000ffff	StaticMeshActor	GA-Props:GA-StreetLamp00	-41.431	-69.390	27.596	GA-Props.GA-StreetLamp00_Pf0.GA-StreetLamp00_Pf0_Arc1.StaticMeshComponent0
Harset-0000ffff	StaticMeshActor	GA-Props:GA-StreetLamp00	-62.631	-65.390	39.756	GA-Props.GA-StreetLamp00_Pf0.GA-StreetLamp00_Pf0_Arc1.StaticMeshComponent0
Harset-0000ffff	StaticMeshActor	GA-Props:GA-StreetLamp00	-62.871	-65.390	31.676	GA-Props.GA-StreetLamp00_Pf0.GA-StreetLamp00_Pf0_Arc1.StaticMeshComponent0
Harset-0000ffff	StaticMeshActor	Env-DD:DD-PalmBush01	-25.879	-69.520	88.938	Env-DD.DD-PalmBush01_Pf0.DD-PalmBush01_Pf0_Arc1.StaticMeshComponent0
Harset-0000ffff	StaticMeshActor	GA-Props:GA-StreetLamp00	-17.141	-69.170	1.356	GA-Props.GA-StreetLamp00_Pf0.GA-StreetLamp00_Pf0_Arc1.StaticMeshComponent0
Harset-0000ffff	StaticMeshActor	GA-Props:GA-StreetLamp00	-96.153	-60.330	90.028	GA-Props.GA-StreetLamp00_Pf0.GA-StreetLamp00_Pf0_Arc1.StaticMeshComponent0
Harset-0000ffff	StaticMeshActor	GA-Props:GA-StreetLamp00	-78.156	-60.170	55.444	GA-Props.GA-StreetLamp00_Pf0.GA-StreetLamp00_Pf0_Arc1.StaticMeshComponent0
Harset-0000ffff	StaticMeshActor	GA-Props:GA-StreetLamp00	-68.087	-60.170	65.796	GA-Props.GA-StreetLamp00_Pf0.GA-StreetLamp00_Pf0_Arc1.StaticMeshComponent0
Harset-0000ffff	StaticMeshActor	GA-Props:GA-StreetLamp00	-67.703	-60.250	6.272	GA-Props.GA-StreetLamp00_Pf0.GA-StreetLamp00_Pf0_Arc1.StaticMeshComponent0
Harset-0000ffff	StaticMeshActor	GA-Props:GA-StreetLamp00	-77.673	-60.250	16.243	GA-Props.GA-StreetLamp00_Pf0.GA-StreetLamp00_Pf0_Arc1.StaticMeshComponent0
Harset-0000ffff	StaticMeshActor	GA-Interior:GA-hallway_decor_torch_01	-73.500	-63.210	32.312	GA-Interior.GA-hallway_decor_torch_01_Pf0.GA-hallway_decor_torch_01_Pf0_Arc2.StaticMeshComponent0
Harset-0000ffff	StaticMeshActor	GA-Interior:GA-hallway_decor_torch_01	-73.768	-63.210	38.954	GA-Interior.GA-hallway_decor_torch_01_Pf0.GA-hallway_decor_torch_01_Pf0_Arc2.StaticMeshComponent0
Harset-0000ffff	StaticMeshActor	Env-DD:DD-Palm00	-56.980	-69.300	12.780	Env-DD.DD-Palm00_Pf0.DD-Palm00_Pf0_Arc1.StaticMeshComponent0
Harset-0000ffff	StaticMeshActor	Env-DD:DD-Palm00	-59.240	-69.280	61.160	Env-DD.DD-Palm00_Pf0.DD-Palm00_Pf0_Arc1.StaticMeshComponent0
Harset-00010000	StaticMeshActor	GA-Building:GA-MerchantTent01	73.360	-30.960	178.710	GA-Building.GA-MerchantTent01_Pf0.GA-MerchantTent01_Pf0_Arc2.StaticMeshComponent0
Harset-00010000	StaticMeshActor	GA-Props:GA-Awning_Door01	25.840	-50.040	161.320	GA-Props.GA-Awning_Door01_Pf0.GA-Awning_Door01_Pf0_Arc2.StaticMeshComponent0
Harset-00010000	StaticMeshActor	GA-Props:GA-Torch00	10.200	-30.920	191.950	GA-Props.GA-Torch00_Pf1.GA-Torch00_Pf1_Arc1.StaticMeshComponent0
Harset-00010000	StaticMeshActor	GA-Interior:GA-hallway_decor_torch_01	33.450	-45.150	162.760	GA-Interior.GA-hallway_decor_torch_01_Pf0.GA-hallway_decor_torch_01_Pf0_Arc2.StaticMeshComponent0
Harset-00010000	StaticMeshActor	GA-Props:GA-StreetLamp00	46.886	-49.860	139.112	GA-Props.GA-StreetLamp00_Pf0.GA-StreetLamp00_Pf0_Arc1.StaticMeshComponent0
Harset-00010000	StaticMeshActor	GA-Props:GA-StreetLamp00	27.494	-49.740	123.060	GA-Props.GA-StreetLamp00_Pf0.GA-StreetLamp00_Pf0_Arc1.StaticMeshComponent0
Harset-00010000	StaticMeshActor	GA-Props:GA-StreetLamp00	37.846	-49.740	112.708	GA-Props.GA-StreetLamp00_Pf0.GA-StreetLamp00_Pf0_Arc1.StaticMeshComponent0
Harset-00010000	StaticMeshActor	GA-Props:GA-StreetLamp00	53.518	-49.860	132.479	GA-Props.GA-StreetLamp00_Pf0.GA-StreetLamp00_Pf0_Arc1.StaticMeshComponent0
Harset-00010000	StaticMeshActor	GA-Props:GA-Torch00	19.400	-49.880	181.520	GA-Props.GA-Torch00_Pf1.GA-Torch00_Pf1_Arc1.StaticMeshComponent0
Harset-00010000	StaticMeshActor	GA-Props:GA-Torch00	31.720	-49.920	181.480	GA-Props.GA-Torch00_Pf1.GA-Torch00_Pf1_Arc1.StaticMeshComponent0
Harset-00010000	StaticMeshActor	GA-Props:GA-Torch00	31.840	-49.920	172.600	GA-Props.GA-Torch00_Pf1.GA-Torch00_Pf1_Arc1.StaticMeshComponent0
Harset-00010000	StaticMeshActor	GA-Props:GA-Torch00	19.760	-49.880	172.520	GA-Props.GA-Torch00_Pf1.GA-Torch00_Pf1_Arc1.StaticMeshComponent0
Harset-00010000	StaticMeshActor	GA-Interior:GA-hallway_decor_torch_01	18.030	-45.150	162.760	GA-Interior.GA-hallway_decor_torch_01_Pf0.GA-hallway_decor_torch_01_Pf0_Arc2.StaticMeshComponent0
Harset-00010000	StaticMeshActor	GA-Props:GA-StreetLamp00	90.080	-60.240	106.400	GA-Props.GA-StreetLamp00_Pf0.GA-StreetLamp00_Pf0_Arc1.StaticMeshComponent0
Harset-00010000	StaticMeshActor	GA-Props:GA-StreetLamp_Single00	4.883	-47.100	143.664	GA-Props.GA-StreetLamp_Single00_Pf0.GA-StreetLamp_Single00_Pf0_Arc3.StaticMeshComponent0
Harset-00010000	StaticMeshActor	Env-DD:DD-Palm00	56.105	-50.040	165.077	Env-DD.DD-Palm00_Pf0.DD-Palm00_Pf0_Arc1.StaticMeshComponent0
Harset-00010000	StaticMeshActor	Env-DD:DD-Palm00	9.795	-59.375	113.318	Env-DD.DD-Palm00_Pf0.DD-Palm00_Pf0_Arc1.StaticMeshComponent0
Harset-00010000	StaticMeshActor	GA-Interior:GA-hallway_decor_torch_01	4.149	-57.820	118.698	GA-Interior.GA-hallway_decor_torch_01_Pf0.GA-hallway_decor_torch_01_Pf0_Arc2.StaticMeshComponent0
Harset-00010000	StaticMeshActor	Env-DD:DD-Palm01	47.720	-30.070	199.100	Env-DD.DD-Palm01_Pf0.DD-Palm01_Pf0_Arc1.StaticMeshComponent0
Harset-00010000	StaticMeshActor	Env-DD:DD-Palm07	12.990	-59.100	112.190	Env-DD.DD-Palm07_Pf0.DD-Palm07_Pf0_Arc1.StaticMeshComponent0
Harset-00010000	StaticMeshActor	Env-DD:DD-PalmBush01	10.540	-59.110	111.600	Env-DD.DD-PalmBush01_Pf0.DD-PalmBush01_Pf0_Arc1.StaticMeshComponent0
Harset-00010000	StaticMeshActor	GA-Interior:GA-small_doorway_open_a_00	25.600	-51.200	169.600	GA-Interior.GA-small_doorway_open_a_00_Pf0.GA-small_doorway_open_a_00_Pf0_Arc1.StaticMeshComponent0
Harset-00010000	StaticMeshActor	GA-Interior:GA-small_hallway_ramp_a_00	25.600	-51.200	197.120	GA-Interior.GA-small_hallway_ramp_a_00_Pf0.GA-small_hallway_ramp_a_00_Pf0_Arc1.StaticMeshComponent0
Harset-00010000	StaticMeshActor	GA-Interior:GA-small_hallway_straight_a_1024_00	25.600	-51.200	179.200	GA-Interior.GA-small_hallway_straight_a_1024_00_Pf0.GA-small_hallway_straight_a_1024_00_Pf0_Arc1.StaticMeshComponent0
Harset-00010001	StaticMeshActor	GA-Building:GA-GuardPost00	111.320	-30.960	177.415	GA-Building.GA-GuardPost00_Pf0.GA-GuardPost00_Pf0_Arc1.StaticMeshComponent0
Harset-00010001	StaticMeshActor	EM-Cover:EM-Cover_Guardpost_Med01	131.697	-40.800	133.177	EM-Cover.EM-Cover_Guardpost_Med01_Pf0.EM-Cover_Guardpost_Med01_Pf0_Arc1.StaticMeshComponent0
Harset-00010001	StaticMeshActor	Em-Props:EM-SandbagSingle_00	136.489	-41.041	113.478	Em-Props.EM-SandbagI_00_Pf1.EM-SandbagI_00_Pf1_Arc8.StaticMeshComponent0
Harset-00010001	StaticMeshActor	Em-Props:EM-SandbagSingle_00	137.364	-39.760	115.002	Em-Props.EM-SandbagI_00_Pf1.EM-SandbagI_00_Pf1_Arc0.StaticMeshComponent0
Harset-00010001	StaticMeshActor	Em-Props:EM-ViewScreen02	186.510	-39.990	153.119	Em-Props.EM-ViewScreen02_Pf0.EM-ViewScreen02_Pf0_Arc1.StaticMeshComponent0
Harset-00010001	StaticMeshActor	Em-Props:EM-SandbagSingle_00	138.113	-40.980	117.485	Em-Props.EM-SandbagI_00_Pf1.EM-SandbagI_00_Pf1_Arc5.StaticMeshComponent0
Harset-00010001	StaticMeshActor	Em-Props:EM-ViewScreen02	195.010	-39.990	149.809	Em-Props.EM-ViewScreen02_Pf0.EM-ViewScreen02_Pf0_Arc1.StaticMeshComponent0
Harset-00010001	StaticMeshActor	Em-Props:EM-ViewScreen02	195.189	-39.980	156.589	Em-Props.EM-ViewScreen02_Pf0.EM-ViewScreen02_Pf0_Arc1.StaticMeshComponent0
Harset-00010001	StaticMeshActor	Em-Props:EM-ViewScreen02	185.979	-39.990	163.829	Em-Props.EM-ViewScreen02_Pf0.EM-ViewScreen02_Pf0_Arc1.StaticMeshComponent0
Harset-00010001	StaticMeshActor	Em-Props:EM-ViewScreen02	194.949	-39.990	166.339	Em-Props.EM-ViewScreen02_Pf0.EM-ViewScreen02_Pf0_Arc1.StaticMeshComponent0
Harset-00010001	StaticMeshActor	EM-Cover:EM-Cover_Shield_Med_I00	140.021	-41.180	120.209	EM-Cover.EM-Cover_Shield_Med_I00_Pf0.EM-Cover_Shield_Med_I00_Pf0_Arc2.StaticMeshComponent0
Harset-00010001	StaticMeshActor	Em-Props:EM-SandbagSingle_00	137.333	-41.200	116.529	Em-Props.EM-SandbagI_00_Pf1.EM-SandbagI_00_Pf1_Arc1.StaticMeshComponent0
Harset-00010001	StaticMeshActor	Em-Props:EM-SandbagSingle_00	136.826	-41.360	115.910	Em-Props.EM-SandbagI_00_Pf1.EM-SandbagI_00_Pf1_Arc2.StaticMeshComponent0
Harset-00010001	StaticMeshActor	Em-Props:EM-SandbagI_00	137.543	-41.200	115.390	Em-Props.EM-SandbagI_00_Pf1.EM-SandbagI_00_Pf1_Arc3.StaticMeshComponent0
Harset-00010001	StaticMeshActor	Em-Props:EM-SandbagSingle_00	137.930	-39.760	116.246	Em-Props.EM-SandbagI_00_Pf1.EM-SandbagI_00_Pf1_Arc4.StaticMeshComponent0
Harset-00010001	StaticMeshActor	Em-Props:EM-SandbagSingle_00	136.898	-41.037	113.227	Em-Props.EM-SandbagI_00_Pf1.EM-SandbagI_00_Pf1_Arc11.StaticMeshComponent0
Harset-00010001	StaticMeshActor	Em-Props:EM-WallLight00	191.734	-35.521	163.485	Em-Props.EM-WallLight00_Pf0.EM-WallLight00_Pf0_Arc2.StaticMeshComponent0
Harset-00010001	StaticMeshActor	EM-Cover:EM-Cover_Shield_Med_I00	160.572	-41.180	152.580	EM-Cover.EM-Cover_Shield_Med_I00_Pf0.EM-Cover_Shield_Med_I00_Pf0_Arc2.StaticMeshComponent0
Harset-00010001	StaticMeshActor	GA-Props:GA-StreetLamp00	107.980	-31.040	184.121	GA-Props.GA-StreetLamp00_Pf0.GA-StreetLamp00_Pf0_Arc1.StaticMeshComponent0
Harset-00010001	StaticMeshActor	GA-Props:GA-StreetLamp00	115.103	-31.040	194.780	GA-Props.GA-StreetLamp00_Pf0.GA-StreetLamp00_Pf0_Arc1.StaticMeshComponent0
Harset-00010001	StaticMeshActor	Em-Props:EM-WallLight00	186.454	-35.181	163.305	Em-Props.EM-WallLight00_Pf0.EM-WallLight00_Pf0_Arc2.StaticMeshComponent0
Harset-00010001	StaticMeshActor	EM-Cover:EM-Cover_Shield_Med_I00	162.150	-41.180	162.080	EM-Cover.EM-Cover_Shield_Med_I00_Pf0.EM-Cover_Shield_Med_I00_Pf0_Arc2.StaticMeshComponent0
Harset-00010001	StaticMeshActor	Em-Props:EM-SandbagSingle_00	136.526	-40.851	112.984	Em-Props.EM-SandbagI_00_Pf1.EM-SandbagI_00_Pf1_Arc10.StaticMeshComponent0
Harset-00010001	StaticMeshActor	Em-Props:EM-SandbagSingle_00	138.566	-41.200	116.934	Em-Props.EM-SandbagI_00_Pf1.EM-SandbagI_00_Pf1_Arc12.StaticMeshComponent0
Harset-00010001	StaticMeshActor	EM-Cover:EM-Cover_Shield_Med_I00	174.231	-41.190	199.314	EM-Cover.EM-Cover_Shield_Med_I00_Pf0.EM-Cover_Shield_Med_I00_Pf0_Arc2.StaticMeshComponent0
Harset-00010001	StaticMeshActor	Em-Props:EM-WallLight00	186.454	-35.181	154.385	Em-Props.EM-WallLight00_Pf0.EM-WallLight00_Pf0_Arc2.StaticMeshComponent0
Harset-00010001	StaticMeshActor	Em-Props:EM-WallLight00	191.734	-35.521	154.505	Em-Props.EM-WallLight00_Pf0.EM-WallLight00_Pf0_Arc2.StaticMeshComponent0
Harset-00010001	StaticMeshActor	Em-Props:EM-ViewScreen02	182.260	-39.990	153.469	Em-Props.EM-ViewScreen02_Pf0.EM-ViewScreen02_Pf0_Arc1.StaticMeshComponent0
Harset-00010001	StaticMeshActor	EM_Earth_Military:EM-Infirmary00-Generator	149.920	-41.120	105.600	EM_Earth_Military.EM-Infirmary00-Generator_Pf0.EM-Infirmary00-Generator_Pf0_Arc1.StaticMeshComponent0
Harset-00010001	StaticMeshActor	Em-Props:EM-AC_unit00	185.814	-37.781	149.265	Em-Props.EM-AC_unit00_Pf0.EM-AC_unit00_Pf0_Arc1.StaticMeshComponent0
Harset-00010001	StaticMeshActor	Em-Props:EM-AC_unit00	185.814	-37.481	167.245	Em-Props.EM-AC_unit00_Pf0.EM-AC_unit00_Pf0_Arc1.StaticMeshComponent0
Harset-00010001	StaticMeshActor	Env-DD:DD-Palm01	132.624	-69.280	112.480	Env-DD.DD-Palm01_Pf0.DD-Palm01_Pf0_Arc1.StaticMeshComponent0
Harset-00010001	StaticMeshActor	Em-Props:EM-StandingLight01	148.331	-41.280	154.278	Em-Props.EM-StandingLight01_Pf0.EM-StandingLight01_Pf0_Arc0.StaticMeshComponent0
Harset-00010001	StaticMeshActor	Em-Props:EM-StandingLight01	134.880	-41.280	111.800	Em-Props.EM-StandingLight01_Pf0.EM-StandingLight01_Pf0_Arc0.StaticMeshComponent0
Harset-00010001	StaticMeshActor	Em-Props:EM-StandingLight04	126.156	-27.730	116.700	Em-Props.EM-StandingLight04_Pf0.EM-StandingLight04_Pf0_Arc0.StaticMeshComponent0
Harset-00010001	StaticMeshActor	Em-Props:EM-StandingLight04	130.526	-27.730	111.199	Em-Props.EM-StandingLight04_Pf0.EM-StandingLight04_Pf0_Arc0.StaticMeshComponent0
Harset-00010001	StaticMeshActor	Em-Props:EM-StandingLight04	152.730	-29.971	155.011	Em-Props.EM-StandingLight04_Pf0.EM-StandingLight04_Pf0_Arc0.StaticMeshComponent0
Harset-00010001	StaticMeshActor	Em-Props:EM-StandingLight04	158.720	-29.971	164.695	Em-Props.EM-StandingLight04_Pf0.EM-StandingLight04_Pf0_Arc0.StaticMeshComponent0
Harset-00010001	StaticMeshActor	Em-Props:EM-StandingLight05	169.202	-41.200	158.882	Em-Props.EM-StandingLight05_Pf0.EM-StandingLight05_Pf0_Arc0.StaticMeshComponent0
Harset-00010001	StaticMeshActor	Em-Props:EM-StandingLight05	178.968	-41.200	127.885	Em-Props.EM-StandingLight05_Pf0.EM-StandingLight05_Pf0_Arc0.StaticMeshComponent0
Harset-00010001	StaticMeshActor	GA-Building:GA-Barracks01	102.388	-31.610	167.962	GA-Building.GA-Barracks01_Pf0.GA-Barracks01_Pf0_Arc2.StaticMeshComponent0
Harset-00010001	StaticMeshActor	Em-Props:EM-SandbagSingle_00	138.786	-41.240	117.414	Em-Props.EM-SandbagI_00_Pf1.EM-SandbagI_00_Pf1_Arc6.StaticMeshComponent0
Harset-00010001	StaticMeshActor	GA-Building:GA-GuardPost00	122.587	-30.960	194.277	GA-Building.GA-GuardPost00_Pf0.GA-GuardPost00_Pf0_Arc1.StaticMeshComponent0
Harset-00010001	StaticMeshActor	Em-Props:EM-StandingLight04	169.447	-29.895	199.658	Em-Props.EM-StandingLight04_Pf0.EM-StandingLight04_Pf0_Arc0.StaticMeshComponent0
Harset-00010001	StaticMeshActor	Em-Props:EM-SandbagSingle_00	136.010	-41.300	113.906	Em-Props.EM-SandbagI_00_Pf1.EM-SandbagI_00_Pf1_Arc7.StaticMeshComponent0
Harset-00010001	StaticMeshActor	Em-Props:EM-SandbagSingle_00	136.341	-41.199	113.194	Em-Props.EM-SandbagI_00_Pf1.EM-SandbagI_00_Pf1_Arc9.StaticMeshComponent0
Harset-00010001	StaticMeshActor	EM-Buildings:EM-Quartermaster01	188.514	-41.221	156.705	EM-Buildings.EM-Quartermaster01_Pf0.EM-Quartermaster01_Pf0_Arc1.StaticMeshComponent0
Harset-00010002	StaticMeshActor	Em-Props:EM-SecurityCam01_Arm	212.539	-63.680	108.507	Em-Props.EM-SecurityCam00_Pf0.EM-SecurityCam00_Pf0_Arc1.StaticMeshComponent0
Harset-0001fffe	StaticMeshActor	Env-DD:DD-Palm03	-103.520	-50.080	147.040	Env-DD.DD-Palm03_Pf0.DD-Palm03_Pf0_Arc1.StaticMeshComponent0
Harset-0001fffe	StaticMeshActor	GA-Building:GA-GuardPost00	-114.009	-31.050	171.490	GA-Building.GA-GuardPost00_Pf0.GA-GuardPost00_Pf0_Arc1.StaticMeshComponent0
Harset-0001fffe	StaticMeshActor	CA-Arch:CA-Courtyard_Str00	-184.510	-41.440	162.266	CA-Arch.CA-Courtyard_Str00_Pf0.CA-Courtyard_Str00_Pf0_Arc4.StaticMeshComponent0
Harset-0001fffe	StaticMeshActor	Env-DD:DD-Palm04	-113.280	-53.920	137.920	Env-DD.DD-Palm04_Pf0.DD-Palm04_Pf0_Arc1.StaticMeshComponent0
Harset-0001fffe	StaticMeshActor	JF-Props:JF-Brazier00	-102.830	-30.770	161.400	JF-Props.JF-Brazier00_Pf0.JF-Brazier00_Pf0_Arc0.StaticMeshComponent0
Harset-0001fffe	StaticMeshActor	JF-Props:JF-Brazier00	-110.090	-30.760	162.530	JF-Props.JF-Brazier00_Pf0.JF-Brazier00_Pf0_Arc0.StaticMeshComponent0
Harset-0001fffe	StaticMeshActor	JF-Props:JF-Brazier00	-121.350	-30.900	169.300	JF-Props.JF-Brazier00_Pf0.JF-Brazier00_Pf0_Arc0.StaticMeshComponent0
Harset-0001fffe	StaticMeshActor	JF-Props:JF-Brazier00	-150.790	-30.970	196.260	JF-Props.JF-Brazier00_Pf0.JF-Brazier00_Pf0_Arc0.StaticMeshComponent0
Harset-0001fffe	StaticMeshActor	Env-DD:DD-Palm07	-108.000	-60.320	110.080	Env-DD.DD-Palm07_Pf0.DD-Palm07_Pf0_Arc1.StaticMeshComponent0
Harset-0001fffe	StaticMeshActor	GA-Arch_Ruined:GA-Aquaducts05	-146.273	-42.429	187.657	GA-Arch_Ruined.GA-Aquaducts05_Pf0.GA-Aquaducts05_Pf0_Arc2.StaticMeshComponent0
Harset-0001fffe	StaticMeshActor	GA-Props:GA-StreetLamp00	-113.506	-31.040	178.974	GA-Props.GA-StreetLamp00_Pf0.GA-StreetLamp00_Pf0_Arc1.StaticMeshComponent0
Harset-0001fffe	StaticMeshActor	GA-Props:GA-StreetLamp00	-124.165	-31.040	186.096	GA-Props.GA-StreetLamp00_Pf0.GA-StreetLamp00_Pf0_Arc1.StaticMeshComponent0
Harset-0001fffe	StaticMeshActor	JF-Buildings:JF-MilitaryTent00	-179.711	-41.367	133.189	JF-Buildings.JF-MilitaryTent00_Pf0.JF-MilitaryTent00_Pf0_Arc5.StaticMeshComponent0
Harset-0001fffe	StaticMeshActor	JF-Props:JF-Torch00	-184.030	-41.300	130.220	JF-Props.JF-Torch00_Pf0.JF-Torch00_Pf0_Arc1.StaticMeshComponent0
Harset-0001fffe	StaticMeshActor	JF-Props:JF-Torch00	-175.820	-41.300	128.850	JF-Props.JF-Torch00_Pf0.JF-Torch00_Pf0_Arc1.StaticMeshComponent0
Harset-0001fffe	StaticMeshActor	JF-Props:JF-Torch00	-176.020	-41.290	137.420	JF-Props.JF-Torch00_Pf0.JF-Torch00_Pf0_Arc1.StaticMeshComponent0
Harset-0001fffe	StaticMeshActor	JF-Buildings:JF-Tent01	-185.369	-41.120	114.921	JF-Buildings.JF-Tent01_Pf0.JF-Tent01_Pf0_Arc3.StaticMeshComponent0
Harset-0001fffe	StaticMeshActor	JF-Buildings:JF-Tent03	-144.325	-41.280	106.295	JF-Buildings.JF-Tent03_Pf0.JF-Tent03_Pf0_Arc1.StaticMeshComponent0
Harset-0001fffe	StaticMeshActor	JF-Buildings:JF-Tent03	-140.153	-41.280	110.467	JF-Buildings.JF-Tent03_Pf0.JF-Tent03_Pf0_Arc1.StaticMeshComponent0
Harset-0001fffe	StaticMeshActor	JF-Buildings:JF-Tent03	-148.412	-41.280	102.208	JF-Buildings.JF-Tent03_Pf0.JF-Tent03_Pf0_Arc1.StaticMeshComponent0
Harset-0001fffe	StaticMeshActor	JF-Buildings:JF-Tent03	-184.475	-41.308	121.821	JF-Buildings.JF-Tent03_Pf0.JF-Tent03_Pf0_Arc1.StaticMeshComponent0
Harset-0001fffe	StaticMeshActor	JF-Buildings:JF-Tent03	-194.918	-41.335	100.090	JF-Buildings.JF-Tent03_Pf0.JF-Tent03_Pf0_Arc1.StaticMeshComponent0
Harset-0001fffe	StaticMeshActor	JF-Props:JF-WallTorch01	-162.299	-38.580	155.211	JF-Props.JF-WallTorch01_Pf0.JF-WallTorch01_Pf0_Arc1.StaticMeshComponent0
Harset-0001fffe	StaticMeshActor	JF-Props:JF-WallTorch01	-170.843	-38.580	161.555	JF-Props.JF-WallTorch01_Pf0.JF-WallTorch01_Pf0_Arc1.StaticMeshComponent0
Harset-0001fffe	StaticMeshActor	JF-Props:JF-Brazier00	-144.480	-41.290	134.080	JF-Props.JF-Brazier00_Pf0.JF-Brazier00_Pf0_Arc0.StaticMeshComponent0
Harset-0001fffe	StaticMeshActor	JF-Props:JF-Brazier00	-153.380	-41.290	140.350	JF-Props.JF-Brazier00_Pf0.JF-Brazier00_Pf0_Arc0.StaticMeshComponent0
Harset-0001fffe	StaticMeshActor	JF-Props:JF-Brazier00	-151.190	-41.290	143.960	JF-Props.JF-Brazier00_Pf0.JF-Brazier00_Pf0_Arc0.StaticMeshComponent0
Harset-0001fffe	StaticMeshActor	JF-Props:JF-Brazier00	-142.270	-41.290	137.860	JF-Props.JF-Brazier00_Pf0.JF-Brazier00_Pf0_Arc0.StaticMeshComponent0
Harset-0001fffe	StaticMeshActor	JF-Props:JF-WallTorch01	-132.957	-36.480	111.310	JF-Props.JF-WallTorch01_Pf0.JF-WallTorch01_Pf0_Arc1.StaticMeshComponent0
Harset-0001fffe	StaticMeshActor	JF-Props:JF-WallTorch01	-123.591	-36.510	120.566	JF-Props.JF-WallTorch01_Pf0.JF-WallTorch01_Pf0_Arc1.StaticMeshComponent0
Harset-0001fffe	StaticMeshActor	JF-Buildings:JF-Tent00	-190.374	-41.280	107.377	JF-Buildings.JF-Tent00_Pf0.JF-Tent00_Pf0_Arc3.StaticMeshComponent0
Harset-0001fffe	StaticMeshActor	GA-Props:GA-Bank00	-187.920	-41.440	162.396	GA-Props.GA-Bank00_Pf0.GA-Bank00_Pf0_Arc1.StaticMeshComponent0
Harset-0001ffff	StaticMeshActor	Env-DD:DD-Palm02	-84.960	-69.280	132.000	Env-DD.DD-Palm02_Pf0.DD-Palm02_Pf0_Arc1.StaticMeshComponent0
Harset-0001ffff	StaticMeshActor	Env-DD:DD-Palm03	-78.080	-70.400	121.280	Env-DD.DD-Palm03_Pf0.DD-Palm03_Pf0_Arc1.StaticMeshComponent0
Harset-0001ffff	StaticMeshActor	JF-Props:JF-Brazier00	-63.710	-30.830	184.570	JF-Props.JF-Brazier00_Pf0.JF-Brazier00_Pf0_Arc0.StaticMeshComponent0
Harset-0001ffff	StaticMeshActor	GA-Props:GA-Awning_Door01	-25.320	-50.040	161.320	GA-Props.GA-Awning_Door01_Pf0.GA-Awning_Door01_Pf0_Arc2.StaticMeshComponent0
Harset-0001ffff	StaticMeshActor	GA-Building:GA-GuardPost00	-73.521	-29.200	168.241	GA-Building.GA-GuardPost00_Pf0.GA-GuardPost00_Pf0_Arc1.StaticMeshComponent0
Harset-0001ffff	StaticMeshActor	GA-Building:GA-MerchantTent01	-73.265	-30.960	179.975	GA-Building.GA-MerchantTent01_Pf0.GA-MerchantTent01_Pf0_Arc2.StaticMeshComponent0
Harset-0001ffff	StaticMeshActor	Env-DD:DD-PalmBush00	-58.860	-31.130	200.190	Env-DD.DD-PalmBush00_Pf0.DD-PalmBush00_Pf0_Arc1.StaticMeshComponent0
Harset-0001ffff	StaticMeshActor	JF-Props:JF-Brazier00	-88.200	-30.960	178.260	JF-Props.JF-Brazier00_Pf0.JF-Brazier00_Pf0_Arc0.StaticMeshComponent0
Harset-0001ffff	StaticMeshActor	Env-DD:DD-Palm04	-86.720	-71.200	128.960	Env-DD.DD-Palm04_Pf0.DD-Palm04_Pf0_Arc1.StaticMeshComponent0
Harset-0001ffff	StaticMeshActor	Env-DD:DD-Palm05	-80.800	-69.760	128.160	Env-DD.DD-Palm05_Pf0.DD-Palm05_Pf0_Arc1.StaticMeshComponent0
Harset-0001ffff	StaticMeshActor	GA-Props:GA-Torch00	-28.282	-31.010	185.424	GA-Props.GA-Torch00_Pf1.GA-Torch00_Pf1_Arc1.StaticMeshComponent0
Harset-0001ffff	StaticMeshActor	GA-Props:GA-Torch00	-10.040	-30.800	192.080	GA-Props.GA-Torch00_Pf1.GA-Torch00_Pf1_Arc1.StaticMeshComponent0
Harset-0001ffff	StaticMeshActor	Env-DD:DD-Palm07	-71.360	-69.280	121.120	Env-DD.DD-Palm07_Pf0.DD-Palm07_Pf0_Arc1.StaticMeshComponent0
Harset-0001ffff	StaticMeshActor	Env-DD:DD-Palm07	-88.808	-70.080	135.571	Env-DD.DD-Palm07_Pf0.DD-Palm07_Pf0_Arc1.StaticMeshComponent0
Harset-0001ffff	StaticMeshActor	Env-DD:DD-Palm07	-60.640	-50.080	135.360	Env-DD.DD-Palm07_Pf0.DD-Palm07_Pf0_Arc1.StaticMeshComponent0
Harset-0001ffff	StaticMeshActor	GA-Interior:GA-hallway_decor_torch_01	-17.800	-45.130	162.730	GA-Interior.GA-hallway_decor_torch_01_Pf0.GA-hallway_decor_torch_01_Pf0_Arc2.StaticMeshComponent0
Harset-0001ffff	StaticMeshActor	GA-Interior:GA-hallway_decor_torch_01	-33.240	-45.130	162.730	GA-Interior.GA-hallway_decor_torch_01_Pf0.GA-hallway_decor_torch_01_Pf0_Arc2.StaticMeshComponent0
Harset-0001ffff	StaticMeshActor	Env-DD:DD-PalmBush01	-83.040	-69.280	130.720	Env-DD.DD-PalmBush01_Pf0.DD-PalmBush01_Pf0_Arc1.StaticMeshComponent0
Harset-0001ffff	StaticMeshActor	Env-DD:DD-PalmBush01	-10.796	-59.110	113.020	Env-DD.DD-PalmBush01_Pf0.DD-PalmBush01_Pf0_Arc1.StaticMeshComponent0
Harset-0001ffff	StaticMeshActor	Env-DD:DD-PalmBush02	-94.080	-50.714	144.862	Env-DD.DD-PalmBush02_Pf0.DD-PalmBush02_Pf0_Arc1.StaticMeshComponent0
Harset-0001ffff	StaticMeshActor	GA-Props:GA-StreetLamp00	-47.959	-49.940	139.820	GA-Props.GA-StreetLamp00_Pf0.GA-StreetLamp00_Pf0_Arc1.StaticMeshComponent0
Harset-0001ffff	StaticMeshActor	GA-Props:GA-StreetLamp00	-54.708	-49.940	133.322	GA-Props.GA-StreetLamp00_Pf0.GA-StreetLamp00_Pf0_Arc1.StaticMeshComponent0
Harset-0001ffff	StaticMeshActor	GA-Props:GA-Torch00	-31.800	-49.880	172.640	GA-Props.GA-Torch00_Pf1.GA-Torch00_Pf1_Arc1.StaticMeshComponent0
Harset-0001ffff	StaticMeshActor	GA-Props:GA-Torch00	-19.400	-49.880	172.400	GA-Props.GA-Torch00_Pf1.GA-Torch00_Pf1_Arc1.StaticMeshComponent0
Harset-0001ffff	StaticMeshActor	GA-Props:GA-Torch00	-19.480	-49.880	181.280	GA-Props.GA-Torch00_Pf1.GA-Torch00_Pf1_Arc1.StaticMeshComponent0
Harset-0001ffff	StaticMeshActor	GA-Props:GA-Torch00	-31.960	-49.920	181.440	GA-Props.GA-Torch00_Pf1.GA-Torch00_Pf1_Arc1.StaticMeshComponent0
Harset-0001ffff	StaticMeshActor	GA-Props:GA-StreetLamp_Single00	-5.311	-47.080	143.743	GA-Props.GA-StreetLamp_Single00_Pf0.GA-StreetLamp_Single00_Pf0_Arc3.StaticMeshComponent0
Harset-0001ffff	StaticMeshActor	GA-Props:GA-StreetLamp_Single00	-3.210	-27.080	188.280	GA-Props.GA-StreetLamp_Single00_Pf0.GA-StreetLamp_Single00_Pf0_Arc3.StaticMeshComponent0
Harset-0001ffff	StaticMeshActor	GA-Props:GA-Torch00	-14.240	-30.880	189.760	GA-Props.GA-Torch00_Pf1.GA-Torch00_Pf1_Arc1.StaticMeshComponent0
Harset-0001ffff	StaticMeshActor	GA-Props:GA-StreetLamp00	-38.026	-49.900	112.776	GA-Props.GA-StreetLamp00_Pf0.GA-StreetLamp00_Pf0_Arc1.StaticMeshComponent0
Harset-0001ffff	StaticMeshActor	GA-Props:GA-StreetLamp00	-28.056	-49.900	122.746	GA-Props.GA-StreetLamp00_Pf0.GA-StreetLamp00_Pf0_Arc1.StaticMeshComponent0
Harset-0001ffff	StaticMeshActor	GA-Interior:GA-hallway_decor_torch_01	-4.145	-57.820	118.593	GA-Interior.GA-hallway_decor_torch_01_Pf0.GA-hallway_decor_torch_01_Pf0_Arc2.StaticMeshComponent0
Harset-0001ffff	StaticMeshActor	Env-DD:DD-Palm00	-59.280	-49.880	164.840	Env-DD.DD-Palm00_Pf0.DD-Palm00_Pf0_Arc1.StaticMeshComponent0
Harset-0001ffff	StaticMeshActor	Env-DD:DD-Palm00	-11.760	-59.100	111.240	Env-DD.DD-Palm00_Pf0.DD-Palm00_Pf0_Arc1.StaticMeshComponent0
Harset-0001ffff	StaticMeshActor	GA-Interior:GA-small_doorway_open_a_00	-25.600	-51.200	169.600	GA-Interior.GA-small_doorway_open_a_00_Pf0.GA-small_doorway_open_a_00_Pf0_Arc1.StaticMeshComponent0
Harset-0001ffff	StaticMeshActor	GA-Interior:GA-small_hallway_ramp_a_00	-25.600	-51.200	197.120	GA-Interior.GA-small_hallway_ramp_a_00_Pf0.GA-small_hallway_ramp_a_00_Pf0_Arc1.StaticMeshComponent0
Harset-0001ffff	StaticMeshActor	GA-Interior:GA-small_hallway_straight_a_1024_00	-25.600	-51.200	179.200	GA-Interior.GA-small_hallway_straight_a_1024_00_Pf0.GA-small_hallway_straight_a_1024_00_Pf0_Arc1.StaticMeshComponent0
Harset-0001ffff	StaticMeshActor	Env-DD:DD-Palm01	-67.775	-49.429	142.664	Env-DD.DD-Palm01_Pf0.DD-Palm01_Pf0_Arc1.StaticMeshComponent0
Harset-0001ffff	StaticMeshActor	Env-DD:DD-Palm01	-10.860	-59.100	114.140	Env-DD.DD-Palm01_Pf0.DD-Palm01_Pf0_Arc1.StaticMeshComponent0
Harset-00020000	StaticMeshActor	GA-Building:GA-TowShort01	-0.000	-30.720	288.800	GA-Building.GA-TowShort01_Pf0.GA-TowShort01_Pf0_Arc4.StaticMeshComponent0
Harset-00020000	StaticMeshActor	GA-Interior:GA-small_hallway_straight_a_512_00	0.000	-60.160	238.080	GA-Interior.GA-small_hallway_straight_a_512_00_Pf0.GA-small_hallway_straight_a_512_00_Pf0_Arc1.StaticMeshComponent0
Harset-00020000	StaticMeshActor	GA-Interior:GA-small_doorway_open_a_00	0.000	-30.720	269.600	GA-Interior.GA-small_doorway_open_a_00_Pf0.GA-small_doorway_open_a_00_Pf0_Arc1.StaticMeshComponent0
Harset-00020000	StaticMeshActor	GA-Building:GA-MerchantTent01	63.440	-30.960	230.680	GA-Building.GA-MerchantTent01_Pf0.GA-MerchantTent01_Pf0_Arc2.StaticMeshComponent0
Harset-00020000	StaticMeshActor	GA-Building:GA-Structure_Small00	79.620	-30.960	229.680	GA-Building.GA-Structure_Small00_Pf1.GA-Structure_Small00_Pf1_Arc0.StaticMeshComponent0
Harset-00020000	StaticMeshActor	GA-Interior:GA-small_doorway_open_a_00	0.000	-60.160	245.120	GA-Interior.GA-small_doorway_open_a_00_Pf0.GA-small_doorway_open_a_00_Pf0_Arc1.StaticMeshComponent0
Harset-00020000	StaticMeshActor	GA-Interior:GA-small_hallway_3way_a_00	0.000	-60.160	225.280	GA-Interior.GA-small_hallway_3way_a_00_Pf0.GA-small_hallway_3way_a_00_Pf0_Arc1.StaticMeshComponent0
Harset-00020000	StaticMeshActor	GA-Props:GA-Torch00	28.039	-30.960	224.899	GA-Props.GA-Torch00_Pf1.GA-Torch00_Pf1_Arc1.StaticMeshComponent0
Harset-00020000	StaticMeshActor	GA-Props:GA-Torch00	10.560	-30.960	222.050	GA-Props.GA-Torch00_Pf1.GA-Torch00_Pf1_Arc1.StaticMeshComponent0
Harset-00020000	StaticMeshActor	GA-Props:GA-Torch00	10.720	-30.980	201.500	GA-Props.GA-Torch00_Pf1.GA-Torch00_Pf1_Arc1.StaticMeshComponent0
Harset-00020000	StaticMeshActor	GA-Props:GA-Torch00	10.560	-30.930	227.850	GA-Props.GA-Torch00_Pf1.GA-Torch00_Pf1_Arc1.StaticMeshComponent0
Harset-00020000	StaticMeshActor	GA-Props:GA-Torch00	7.919	-29.440	242.784	GA-Props.GA-Torch00_Pf1.GA-Torch00_Pf1_Arc1.StaticMeshComponent0
Harset-00020000	StaticMeshActor	GA-Props:GA-Torch00	28.240	-30.850	245.280	GA-Props.GA-Torch00_Pf1.GA-Torch00_Pf1_Arc1.StaticMeshComponent0
Harset-00020000	StaticMeshActor	GA-Props:GA-Torch00	10.560	-30.960	207.340	GA-Props.GA-Torch00_Pf1.GA-Torch00_Pf1_Arc1.StaticMeshComponent0
Harset-00020000	StaticMeshActor	GA-Props:GA-Torch00	28.090	-30.930	204.480	GA-Props.GA-Torch00_Pf1.GA-Torch00_Pf1_Arc1.StaticMeshComponent0
Harset-00020000	StaticMeshActor	GA-Props:GA-Torch00	19.560	-67.880	290.320	GA-Props.GA-Torch00_Pf1.GA-Torch00_Pf1_Arc1.StaticMeshComponent0
Harset-00020000	StaticMeshActor	GA-Props:GA-Torch00	4.480	-58.880	250.200	GA-Props.GA-Torch00_Pf1.GA-Torch00_Pf1_Arc1.StaticMeshComponent0
Harset-00020000	StaticMeshActor	GA-Props:GA-Torch00	5.960	-58.840	241.840	GA-Props.GA-Torch00_Pf1.GA-Torch00_Pf1_Arc1.StaticMeshComponent0
Harset-00020000	StaticMeshActor	GA-Props:GA-Torch00	2.320	-58.880	219.160	GA-Props.GA-Torch00_Pf1.GA-Torch00_Pf1_Arc1.StaticMeshComponent0
Harset-00020000	StaticMeshActor	GA-Props:GA-Torch00	18.360	-58.880	231.440	GA-Props.GA-Torch00_Pf1.GA-Torch00_Pf1_Arc1.StaticMeshComponent0
Harset-00020000	StaticMeshActor	GA-Props:GA-Torch00	29.560	-58.880	231.360	GA-Props.GA-Torch00_Pf1.GA-Torch00_Pf1_Arc1.StaticMeshComponent0
Harset-00020000	StaticMeshActor	GA-Props:GA-Torch00	31.720	-58.880	217.880	GA-Props.GA-Torch00_Pf1.GA-Torch00_Pf1_Arc1.StaticMeshComponent0
Harset-00020000	StaticMeshActor	GA-Props:GA-Torch00	20.360	-58.880	250.760	GA-Props.GA-Torch00_Pf1.GA-Torch00_Pf1_Arc1.StaticMeshComponent0
Harset-00020000	StaticMeshActor	GA-Props:GA-Torch00	20.560	-61.440	266.880	GA-Props.GA-Torch00_Pf1.GA-Torch00_Pf1_Arc1.StaticMeshComponent0
Harset-00020000	StaticMeshActor	GA-Props:GA-Torch00	3.960	-63.440	262.490	GA-Props.GA-Torch00_Pf1.GA-Torch00_Pf1_Arc1.StaticMeshComponent0
Harset-00020000	StaticMeshActor	GA-Props:GA-Torch00	6.000	-67.840	272.960	GA-Props.GA-Torch00_Pf1.GA-Torch00_Pf1_Arc1.StaticMeshComponent0
Harset-00020000	StaticMeshActor	Env-DD:DD-Palm00	55.930	-30.290	203.790	Env-DD.DD-Palm00_Pf0.DD-Palm00_Pf0_Arc1.StaticMeshComponent0
Harset-00020000	StaticMeshActor	Env-DD:DD-Palm00	14.003	-67.840	288.612	Env-DD.DD-Palm00_Pf0.DD-Palm00_Pf0_Arc1.StaticMeshComponent0
Harset-00020000	StaticMeshActor	GA-Interior:GA-hallway_decor_torch_00	17.830	-29.420	279.830	GA-Interior.GA-hallway_decor_torch_00_Pf0.GA-hallway_decor_torch_00_Pf0_Arc0.StaticMeshComponent0
Harset-00020000	StaticMeshActor	GA-Interior:GA-hallway_decor_torch_00	17.830	-29.420	287.200	GA-Interior.GA-hallway_decor_torch_00_Pf0.GA-hallway_decor_torch_00_Pf0_Arc0.StaticMeshComponent0
Harset-00020000	StaticMeshActor	GA-Interior:GA-hallway_decor_torch_00	17.830	-29.420	292.740	GA-Interior.GA-hallway_decor_torch_00_Pf0.GA-hallway_decor_torch_00_Pf0_Arc0.StaticMeshComponent0
Harset-00020000	StaticMeshActor	GA-Interior:GA-hallway_decor_torch_00	17.830	-29.420	299.260	GA-Interior.GA-hallway_decor_torch_00_Pf0.GA-hallway_decor_torch_00_Pf0_Arc0.StaticMeshComponent0
Harset-00020000	StaticMeshActor	GA-Interior:GA-hallway_decor_torch_00	4.710	-29.420	270.950	GA-Interior.GA-hallway_decor_torch_00_Pf0.GA-hallway_decor_torch_00_Pf0_Arc0.StaticMeshComponent0
Harset-00020000	StaticMeshActor	GA-Props:GA-Torch00	5.803	-29.440	287.524	GA-Props.GA-Torch00_Pf1.GA-Torch00_Pf1_Arc1.StaticMeshComponent0
Harset-00020000	StaticMeshActor	GA-Props:GA-Torch00	5.802	-29.440	299.592	GA-Props.GA-Torch00_Pf1.GA-Torch00_Pf1_Arc1.StaticMeshComponent0
Harset-00020000	StaticMeshActor	Env-DD:DD-Palm02	53.290	-30.990	215.840	Env-DD.DD-Palm02_Pf0.DD-Palm02_Pf0_Arc1.StaticMeshComponent0
Harset-00020000	StaticMeshActor	GA-Interior:GA-hallway_decor_torch_00	4.710	-29.420	257.890	GA-Interior.GA-hallway_decor_torch_00_Pf0.GA-hallway_decor_torch_00_Pf0_Arc0.StaticMeshComponent0
Harset-00020000	StaticMeshActor	Env-DD:DD-PalmBush01	48.410	-29.860	212.850	Env-DD.DD-PalmBush01_Pf0.DD-PalmBush01_Pf0_Arc1.StaticMeshComponent0
Harset-00020000	StaticMeshActor	Env-DD:DD-PalmBush01	45.430	-30.380	202.150	Env-DD.DD-PalmBush01_Pf0.DD-PalmBush01_Pf0_Arc1.StaticMeshComponent0
Harset-00020000	StaticMeshActor	Env-DD:DD-PalmBush01	57.320	-30.540	213.520	Env-DD.DD-PalmBush01_Pf0.DD-PalmBush01_Pf0_Arc1.StaticMeshComponent0
Harset-00020000	StaticMeshActor	Env-DD:DD-PalmBush02	50.460	-30.150	201.700	Env-DD.DD-PalmBush02_Pf0.DD-PalmBush02_Pf0_Arc1.StaticMeshComponent0
Harset-00020000	StaticMeshActor	Env-DD:DD-PalmBush02	45.270	-30.720	213.290	Env-DD.DD-PalmBush02_Pf0.DD-PalmBush02_Pf0_Arc1.StaticMeshComponent0
Harset-00020000	StaticMeshActor	Env-DD:DD-PalmBush02	58.180	-30.640	200.150	Env-DD.DD-PalmBush02_Pf0.DD-PalmBush02_Pf0_Arc1.StaticMeshComponent0
Harset-00020000	StaticMeshActor	GA-Interior:GA-small_hallway_elbow_a_00	25.600	-60.160	225.280	GA-Interior.GA-small_hallway_elbow_a_00_Pf0.GA-small_hallway_elbow_a_00_Pf0_Arc1.StaticMeshComponent0
Harset-00020000	StaticMeshActor	GA-Interior:GA-small_hallway_straight_a_512_00	12.800	-60.160	225.280	GA-Interior.GA-small_hallway_straight_a_512_00_Pf0.GA-small_hallway_straight_a_512_00_Pf0_Arc1.StaticMeshComponent0
Harset-00020000	StaticMeshActor	GA-Interior:GA-small_hallway_straight_a_512_00	25.600	-60.160	212.480	GA-Interior.GA-small_hallway_straight_a_512_00_Pf0.GA-small_hallway_straight_a_512_00_Pf0_Arc1.StaticMeshComponent0
Harset-00020000	StaticMeshActor	GA-Props:GA-Bank00	19.280	-67.840	275.920	GA-Props.GA-Bank00_Pf0.GA-Bank00_Pf0_Arc1.StaticMeshComponent0
Harset-00020000	StaticMeshActor	GA-Props:GA-Fence00	2.400	-67.840	287.160	GA-Props.GA-Fence00_Pf0.GA-Fence00_Pf0_Arc1.StaticMeshComponent0
Harset-00020000	StaticMeshActor	GA-Props:GA-Fence00	7.440	-67.840	287.160	GA-Props.GA-Fence00_Pf0.GA-Fence00_Pf0_Arc1.StaticMeshComponent0
Harset-00020000	StaticMeshActor	GA-Props:GA-Fence03	2.400	-67.840	290.600	GA-Props.GA-Fence03_Pf0.GA-Fence03_Pf0_Arc1.StaticMeshComponent0
Harset-00020000	StaticMeshActor	GA-Props:GA-Fence03	7.440	-67.840	290.600	GA-Props.GA-Fence03_Pf0.GA-Fence03_Pf0_Arc1.StaticMeshComponent0
Harset-00020000	StaticMeshActor	GA-Props:GA-Torch00	4.550	-29.440	275.680	GA-Props.GA-Torch00_Pf1.GA-Torch00_Pf1_Arc1.StaticMeshComponent0
Harset-00020000	StaticMeshActor	Env-DD:DD-PalmBush00	43.420	-31.130	200.190	Env-DD.DD-PalmBush00_Pf0.DD-PalmBush00_Pf0_Arc1.StaticMeshComponent0
Harset-00020001	StaticMeshActor	CA-Arch:CA-Courtyard_Str00	188.110	-41.180	243.700	CA-Arch.CA-Courtyard_Str00_Pf0.CA-Courtyard_Str00_Pf0_Arc4.StaticMeshComponent0
Harset-00020001	StaticMeshActor	GA-Building:GA-MerchantTent01	131.635	-30.960	249.034	GA-Building.GA-MerchantTent01_Pf0.GA-MerchantTent01_Pf0_Arc2.StaticMeshComponent0
Harset-00020001	StaticMeshActor	GA-Building:GA-MerchantTent00	110.240	-30.960	231.240	GA-Building.GA-MerchantTent00_Pf0.GA-MerchantTent00_Pf0_Arc2.StaticMeshComponent0
Harset-00020001	StaticMeshActor	GA-Arch_Ruined:GA-Aquaducts05	195.750	-41.160	203.953	GA-Arch_Ruined.GA-Aquaducts05_Pf0.GA-Aquaducts05_Pf0_Arc2.StaticMeshComponent0
Harset-00020001	StaticMeshActor	EM-Cover:EM-Cover_Shield_Med_I00	177.248	-41.170	209.364	EM-Cover.EM-Cover_Shield_Med_I00_Pf0.EM-Cover_Shield_Med_I00_Pf0_Arc2.StaticMeshComponent0
Harset-00020001	StaticMeshActor	Em-Props:EM-StandingLight04	173.432	-29.895	210.324	Em-Props.EM-StandingLight04_Pf0.EM-StandingLight04_Pf0_Arc0.StaticMeshComponent0
Harset-00020001	StaticMeshActor	Em-Props:EM-StandingLight05	183.331	-41.198	209.023	Em-Props.EM-StandingLight05_Pf0.EM-StandingLight05_Pf0_Arc0.StaticMeshComponent0
Harset-00020001	StaticMeshActor	GA-Props:GA-Bank00	188.210	-41.180	247.110	GA-Props.GA-Bank00_Pf0.GA-Bank00_Pf0_Arc1.StaticMeshComponent0
Harset-00020002	StaticMeshActor	GA-Arch:GA-Aquaducts02	221.830	-41.160	199.600	GA-Arch.GA-Aquaducts02_Pf0.GA-Aquaducts02_Pf0_Arc5.StaticMeshComponent0
Harset-00020002	StaticMeshActor	EM_Earth_Military:EM-WaterTower00	261.120	-11.840	228.800	EM_Earth_Military.EM-WaterTower00_Pf0.EM-WaterTower00_Pf0_Arc1.StaticMeshComponent0
Harset-00020002	StaticMeshActor	CA-Arch:CA-Courtyard_Decor00	225.142	-22.110	264.231	CA-Arch.CA-Courtyard_Decor00_Pf0.CA-Courtyard_Decor00_Pf0_Arc4.StaticMeshComponent0
Harset-0002fffe	StaticMeshActor	JF-Props:JF-Brazier00	-116.980	-30.960	207.300	JF-Props.JF-Brazier00_Pf0.JF-Brazier00_Pf0_Arc0.StaticMeshComponent0
Harset-0002fffe	StaticMeshActor	GA-Building:GA-MerchantTent01	-128.061	-31.040	222.126	GA-Building.GA-MerchantTent01_Pf0.GA-MerchantTent01_Pf0_Arc2.StaticMeshComponent0
Harset-0002fffe	StaticMeshActor	GA-Arch:GA-Aquaducts02	-106.730	-30.980	236.078	GA-Arch.GA-Aquaducts02_Pf0.GA-Aquaducts02_Pf0_Arc5.StaticMeshComponent0
Harset-0002fffe	StaticMeshActor	GA-Building:GA-MerchantTent01	-109.195	-31.040	210.388	GA-Building.GA-MerchantTent01_Pf0.GA-MerchantTent01_Pf0_Arc2.StaticMeshComponent0
Harset-0002fffe	StaticMeshActor	GA-Building:GA-MerchantTent03	-101.867	-30.960	220.151	GA-Building.GA-MerchantTent03_Pf0.GA-MerchantTent03_Pf0_Arc2.StaticMeshComponent0
Harset-0002fffe	StaticMeshActor	JF-Props:JF-Brazier00	-106.020	-31.090	220.150	JF-Props.JF-Brazier00_Pf0.JF-Brazier00_Pf0_Arc0.StaticMeshComponent0
Harset-0002fffe	StaticMeshActor	GA-Arch_Ruined:GA-Aquaducts06	-119.770	-30.960	214.128	GA-Arch_Ruined.GA-Aquaducts06_Pf0.GA-Aquaducts06_Pf0_Arc1.StaticMeshComponent0
Harset-0002fffe	StaticMeshActor	GA-Props:GA-Torch00	-171.209	-28.250	227.443	GA-Props.GA-Torch00_Pf1.GA-Torch00_Pf1_Arc1.StaticMeshComponent0
Harset-0002fffe	StaticMeshActor	GA-Props:GA-Torch00	-158.764	-28.250	239.888	GA-Props.GA-Torch00_Pf1.GA-Torch00_Pf1_Arc1.StaticMeshComponent0
Harset-0002fffe	StaticMeshActor	GA-Props:GA-Torch00	-181.618	-28.250	237.851	GA-Props.GA-Torch00_Pf1.GA-Torch00_Pf1_Arc1.StaticMeshComponent0
Harset-0002fffe	StaticMeshActor	GA-Props:GA-Torch00	-169.173	-28.250	250.296	GA-Props.GA-Torch00_Pf1.GA-Torch00_Pf1_Arc1.StaticMeshComponent0
Harset-0002fffe	StaticMeshActor	GA-Props:GA-Torch00	-176.866	-28.250	219.749	GA-Props.GA-Torch00_Pf1.GA-Torch00_Pf1_Arc1.StaticMeshComponent0
Harset-0002fffe	StaticMeshActor	GA-Props:GA-Torch00	-162.385	-28.250	225.180	GA-Props.GA-Torch00_Pf1.GA-Torch00_Pf1_Arc1.StaticMeshComponent0
Harset-0002fffe	StaticMeshActor	HP-Props:HP-Brazier00	-159.782	-28.250	232.308	HP-Props.HP-Brazier00_Pf0.HP-Brazier00_Pf0_Arc2.StaticMeshComponent0
Harset-0002fffe	StaticMeshActor	HP-Props:HP-Brazier00	-170.078	-28.250	234.457	HP-Props.HP-Brazier00_Pf1.HP-Brazier00_Pf1_Arc1.StaticMeshComponent0
Harset-0002fffe	StaticMeshActor	GA-Building:GA-TowMed00	-166.118	-31.130	234.797	GA-Building.GA-TowMed00_Pf0.GA-TowMed00_Pf0_Arc0.StaticMeshComponent0
Harset-0002fffe	StaticMeshActor	JF-Props:JF-Brazier00	-111.250	-31.030	232.950	JF-Props.JF-Brazier00_Pf0.JF-Brazier00_Pf0_Arc0.StaticMeshComponent0
Harset-0002fffe	StaticMeshActor	JF-Props:JF-Brazier00	-131.260	-30.960	227.380	JF-Props.JF-Brazier00_Pf0.JF-Brazier00_Pf0_Arc0.StaticMeshComponent0
Harset-0002ffff	StaticMeshActor	Env-DD:DD-Palm02	-48.990	-30.990	215.520	Env-DD.DD-Palm02_Pf0.DD-Palm02_Pf0_Arc1.StaticMeshComponent0
Harset-0002ffff	StaticMeshActor	GA-Props:GA-Torch00	-9.920	-30.930	227.850	GA-Props.GA-Torch00_Pf1.GA-Torch00_Pf1_Arc1.StaticMeshComponent0
Harset-0002ffff	StaticMeshActor	GA-Props:GA-Torch00	-9.920	-30.960	222.050	GA-Props.GA-Torch00_Pf1.GA-Torch00_Pf1_Arc1.StaticMeshComponent0
Harset-0002ffff	StaticMeshActor	JF-Props:JF-Brazier00	-43.480	-30.960	231.950	JF-Props.JF-Brazier00_Pf0.JF-Brazier00_Pf0_Arc0.StaticMeshComponent0
Harset-0002ffff	StaticMeshActor	GA-Props:GA-Awning_Door01	-50.492	-30.960	230.198	GA-Props.GA-Awning_Door01_Pf0.GA-Awning_Door01_Pf0_Arc2.StaticMeshComponent0
Harset-0002ffff	StaticMeshActor	GA-Props:GA-Torch00	-9.760	-30.960	207.180	GA-Props.GA-Torch00_Pf1.GA-Torch00_Pf1_Arc1.StaticMeshComponent0
Harset-0002ffff	StaticMeshActor	GA-Props:GA-Torch00	-28.680	-30.840	224.920	GA-Props.GA-Torch00_Pf1.GA-Torch00_Pf1_Arc1.StaticMeshComponent0
Harset-0002ffff	StaticMeshActor	GA-Props:GA-Torch00	-28.640	-30.800	204.480	GA-Props.GA-Torch00_Pf1.GA-Torch00_Pf1_Arc1.StaticMeshComponent0
Harset-0002ffff	StaticMeshActor	GA-Props:GA-Torch00	-9.760	-30.980	201.590	GA-Props.GA-Torch00_Pf1.GA-Torch00_Pf1_Arc1.StaticMeshComponent0
Harset-0002ffff	StaticMeshActor	JF-Props:JF-Brazier00	-77.300	-30.960	227.170	JF-Props.JF-Brazier00_Pf0.JF-Brazier00_Pf0_Arc0.StaticMeshComponent0
Harset-0002ffff	StaticMeshActor	JF-Props:JF-Brazier00	-65.850	-30.910	229.090	JF-Props.JF-Brazier00_Pf0.JF-Brazier00_Pf0_Arc0.StaticMeshComponent0
Harset-0002ffff	StaticMeshActor	JF-Props:JF-Brazier00	-61.100	-30.960	229.150	JF-Props.JF-Brazier00_Pf0.JF-Brazier00_Pf0_Arc0.StaticMeshComponent0
Harset-0002ffff	StaticMeshActor	JF-Props:JF-Brazier00	-30.780	-30.960	238.700	JF-Props.JF-Brazier00_Pf0.JF-Brazier00_Pf0_Arc0.StaticMeshComponent0
Harset-0002ffff	StaticMeshActor	GA-Props:GA-Torch00	-7.886	-29.440	242.823	GA-Props.GA-Torch00_Pf1.GA-Torch00_Pf1_Arc1.StaticMeshComponent0
Harset-0002ffff	StaticMeshActor	JF-Props:JF-Brazier00	-38.790	-30.820	210.600	JF-Props.JF-Brazier00_Pf0.JF-Brazier00_Pf0_Arc0.StaticMeshComponent0
Harset-0002ffff	StaticMeshActor	JF-Props:JF-Brazier00	-39.490	-30.830	204.940	JF-Props.JF-Brazier00_Pf0.JF-Brazier00_Pf0_Arc0.StaticMeshComponent0
Harset-0002ffff	StaticMeshActor	GA-Building:GA-Barracks01	-87.280	-30.960	220.600	GA-Building.GA-Barracks01_Pf0.GA-Barracks01_Pf0_Arc2.StaticMeshComponent0
Harset-0002ffff	StaticMeshActor	GA-Props:GA-Torch00	-28.240	-30.720	245.280	GA-Props.GA-Torch00_Pf1.GA-Torch00_Pf1_Arc1.StaticMeshComponent0
Harset-0002ffff	StaticMeshActor	GA-Props:GA-Viewscreens00	-88.340	-28.880	213.925	GA-Props.GA-Viewscreens00_Pf0.GA-Viewscreens00_Pf0_Arc0.StaticMeshComponent0
Harset-0002ffff	StaticMeshActor	Env-DD:DD-PalmBush01	-53.870	-30.180	212.850	Env-DD.DD-PalmBush01_Pf0.DD-PalmBush01_Pf0_Arc1.StaticMeshComponent0
Harset-0002ffff	StaticMeshActor	Env-DD:DD-PalmBush01	-56.850	-30.540	202.150	Env-DD.DD-PalmBush01_Pf0.DD-PalmBush01_Pf0_Arc1.StaticMeshComponent0
Harset-0002ffff	StaticMeshActor	Env-DD:DD-PalmBush01	-44.960	-30.700	213.520	Env-DD.DD-PalmBush01_Pf0.DD-PalmBush01_Pf0_Arc1.StaticMeshComponent0
Harset-0002ffff	StaticMeshActor	Env-DD:DD-PalmBush01	-13.040	-67.840	289.720	Env-DD.DD-PalmBush01_Pf0.DD-PalmBush01_Pf0_Arc1.StaticMeshComponent0
Harset-0002ffff	StaticMeshActor	GA-Interior:GA-hallway_decor_torch_00	-17.090	-29.420	292.740	GA-Interior.GA-hallway_decor_torch_00_Pf0.GA-hallway_decor_torch_00_Pf0_Arc0.StaticMeshComponent0
Harset-0002ffff	StaticMeshActor	GA-Props:GA-Torch00	-19.000	-67.880	289.760	GA-Props.GA-Torch00_Pf1.GA-Torch00_Pf1_Arc1.StaticMeshComponent0
Harset-0002ffff	StaticMeshActor	Env-DD:DD-PalmBush02	-51.820	-30.150	201.700	Env-DD.DD-PalmBush02_Pf0.DD-PalmBush02_Pf0_Arc1.StaticMeshComponent0
Harset-0002ffff	StaticMeshActor	Env-DD:DD-PalmBush02	-57.010	-30.720	213.290	Env-DD.DD-PalmBush02_Pf0.DD-PalmBush02_Pf0_Arc1.StaticMeshComponent0
Harset-0002ffff	StaticMeshActor	Env-DD:DD-PalmBush02	-44.100	-30.640	200.150	Env-DD.DD-PalmBush02_Pf0.DD-PalmBush02_Pf0_Arc1.StaticMeshComponent0
Harset-0002ffff	StaticMeshActor	GA-Props:GA-Torch00	-20.200	-61.400	266.600	GA-Props.GA-Torch00_Pf1.GA-Torch00_Pf1_Arc1.StaticMeshComponent0
Harset-0002ffff	StaticMeshActor	GA-Props:GA-Torch00	-20.440	-58.880	250.960	GA-Props.GA-Torch00_Pf1.GA-Torch00_Pf1_Arc1.StaticMeshComponent0
Harset-0002ffff	StaticMeshActor	GA-Props:GA-Torch00	-5.040	-63.400	262.490	GA-Props.GA-Torch00_Pf1.GA-Torch00_Pf1_Arc1.StaticMeshComponent0
Harset-0002ffff	StaticMeshActor	GA-Props:GA-Torch00	-6.600	-67.840	272.840	GA-Props.GA-Torch00_Pf1.GA-Torch00_Pf1_Arc1.StaticMeshComponent0
Harset-0002ffff	StaticMeshActor	GA-Interior:GA-hallway_decor_torch_00	-17.090	-29.420	287.200	GA-Interior.GA-hallway_decor_torch_00_Pf0.GA-hallway_decor_torch_00_Pf0_Arc0.StaticMeshComponent0
Harset-0002ffff	StaticMeshActor	GA-Props:GA-Torch00	-4.600	-58.880	250.120	GA-Props.GA-Torch00_Pf1.GA-Torch00_Pf1_Arc1.StaticMeshComponent0
Harset-0002ffff	StaticMeshActor	GA-Interior:GA-hallway_decor_torch_00	-17.090	-29.420	299.260	GA-Interior.GA-hallway_decor_torch_00_Pf0.GA-hallway_decor_torch_00_Pf0_Arc0.StaticMeshComponent0
Harset-0002ffff	StaticMeshActor	GA-Props:GA-Torch00	-6.120	-58.880	241.760	GA-Props.GA-Torch00_Pf1.GA-Torch00_Pf1_Arc1.StaticMeshComponent0
Harset-0002ffff	StaticMeshActor	GA-Props:GA-Torch00	-2.120	-58.840	219.080	GA-Props.GA-Torch00_Pf1.GA-Torch00_Pf1_Arc1.StaticMeshComponent0
Harset-0002ffff	StaticMeshActor	GA-Props:GA-Torch00	-18.480	-58.880	231.400	GA-Props.GA-Torch00_Pf1.GA-Torch00_Pf1_Arc1.StaticMeshComponent0
Harset-0002ffff	StaticMeshActor	GA-Props:GA-Torch00	-29.560	-58.880	231.400	GA-Props.GA-Torch00_Pf1.GA-Torch00_Pf1_Arc1.StaticMeshComponent0
Harset-0002ffff	StaticMeshActor	GA-Props:GA-Torch00	-32.440	-58.880	217.880	GA-Props.GA-Torch00_Pf1.GA-Torch00_Pf1_Arc1.StaticMeshComponent0
Harset-0002ffff	StaticMeshActor	GA-Interior:GA-hallway_decor_torch_00	-17.090	-29.420	279.830	GA-Interior.GA-hallway_decor_torch_00_Pf0.GA-hallway_decor_torch_00_Pf0_Arc0.StaticMeshComponent0
Harset-0002ffff	StaticMeshActor	GA-Props:GA-Torch00	-6.488	-29.440	299.595	GA-Props.GA-Torch00_Pf1.GA-Torch00_Pf1_Arc1.StaticMeshComponent0
Harset-0002ffff	StaticMeshActor	GA-Props:GA-Torch00	-6.487	-29.440	287.527	GA-Props.GA-Torch00_Pf1.GA-Torch00_Pf1_Arc1.StaticMeshComponent0
Harset-0002ffff	StaticMeshActor	GA-Interior:GA-hallway_decor_torch_00	-4.800	-29.420	270.950	GA-Interior.GA-hallway_decor_torch_00_Pf0.GA-hallway_decor_torch_00_Pf0_Arc0.StaticMeshComponent0
Harset-0002ffff	StaticMeshActor	Env-DD:DD-Palm00	-46.350	-30.290	203.790	Env-DD.DD-Palm00_Pf0.DD-Palm00_Pf0_Arc1.StaticMeshComponent0
Harset-0002ffff	StaticMeshActor	GA-Interior:GA-hallway_decor_torch_00	-4.800	-29.420	257.890	GA-Interior.GA-hallway_decor_torch_00_Pf0.GA-hallway_decor_torch_00_Pf0_Arc0.StaticMeshComponent0
Harset-0002ffff	StaticMeshActor	Env-DD:DD-Palm00	-14.323	-67.840	289.111	Env-DD.DD-Palm00_Pf0.DD-Palm00_Pf0_Arc1.StaticMeshComponent0
Harset-0002ffff	StaticMeshActor	GA-Props:GA-Torch00	-5.190	-29.440	275.680	GA-Props.GA-Torch00_Pf1.GA-Torch00_Pf1_Arc1.StaticMeshComponent0
Harset-0002ffff	StaticMeshActor	GA-Interior:GA-small_hallway_elbow_a_00	-25.600	-60.160	225.280	GA-Interior.GA-small_hallway_elbow_a_00_Pf0.GA-small_hallway_elbow_a_00_Pf0_Arc1.StaticMeshComponent0
Harset-0002ffff	StaticMeshActor	GA-Interior:GA-small_hallway_straight_a_1024_00	-0.000	-30.720	263.040	GA-Interior.GA-small_hallway_straight_a_1024_00_Pf0.GA-small_hallway_straight_a_1024_00_Pf0_Arc1.StaticMeshComponent0
Harset-0002ffff	StaticMeshActor	GA-Interior:GA-small_hallway_straight_a_512_00	-12.800	-60.160	225.280	GA-Interior.GA-small_hallway_straight_a_512_00_Pf0.GA-small_hallway_straight_a_512_00_Pf0_Arc1.StaticMeshComponent0
Harset-0002ffff	StaticMeshActor	GA-Interior:GA-small_hallway_straight_a_512_00	-25.600	-60.160	212.480	GA-Interior.GA-small_hallway_straight_a_512_00_Pf0.GA-small_hallway_straight_a_512_00_Pf0_Arc1.StaticMeshComponent0
Harset-0002ffff	StaticMeshActor	GA-Props:GA-Bank00	-19.440	-67.840	275.960	GA-Props.GA-Bank00_Pf0.GA-Bank00_Pf0_Arc1.StaticMeshComponent0
Harset-0002ffff	StaticMeshActor	GA-Props:GA-Fence00	-2.120	-67.840	287.160	GA-Props.GA-Fence00_Pf0.GA-Fence00_Pf0_Arc1.StaticMeshComponent0
Harset-0002ffff	StaticMeshActor	GA-Props:GA-Fence00	-7.400	-67.840	287.160	GA-Props.GA-Fence00_Pf0.GA-Fence00_Pf0_Arc1.StaticMeshComponent0
Harset-0002ffff	StaticMeshActor	GA-Props:GA-Fence03	-2.120	-67.840	290.600	GA-Props.GA-Fence03_Pf0.GA-Fence03_Pf0_Arc1.StaticMeshComponent0
Harset-0002ffff	StaticMeshActor	GA-Props:GA-Fence03	-7.400	-67.840	290.600	GA-Props.GA-Fence03_Pf0.GA-Fence03_Pf0_Arc1.StaticMeshComponent0
Harset-0002ffff	StaticMeshActor	JF-Props:JF-Brazier00	-96.860	-30.960	221.980	JF-Props.JF-Brazier00_Pf0.JF-Brazier00_Pf0_Arc0.StaticMeshComponent0
Harset-0002ffff	StaticMeshActor	GA-Interior:GA-small_doorway_open_a_00	-0.000	-30.720	253.440	GA-Interior.GA-small_doorway_open_a_00_Pf0.GA-small_doorway_open_a_00_Pf0_Arc1.StaticMeshComponent0
Harset-00030000	StaticMeshActor	GA-Interior:GA-large_doorway_close_a_00	0.160	-69.120	312.160	GA-Interior.GA-large_doorway_close_a_00_Pf0.GA-large_doorway_close_a_00_Pf0_Arc1.StaticMeshComponent0
Harset-00030000	StaticMeshActor	GA-Props:GA-Torch00	3.738	-29.440	306.527	GA-Props.GA-Torch00_Pf1.GA-Torch00_Pf1_Arc1.StaticMeshComponent0
Harset-00030000	StaticMeshActor	GA-Interior:GA-hallway_decor_torch_00	17.830	-29.420	310.270	GA-Interior.GA-hallway_decor_torch_00_Pf0.GA-hallway_decor_torch_00_Pf0_Arc0.StaticMeshComponent0
Harset-0003ffff	StaticMeshActor	GA-Interior:GA-hallway_decor_torch_00	-17.090	-29.420	304.800	GA-Interior.GA-hallway_decor_torch_00_Pf0.GA-hallway_decor_torch_00_Pf0_Arc0.StaticMeshComponent0
Harset-0003ffff	StaticMeshActor	GA-Interior:GA-hallway_decor_torch_00	-17.090	-29.420	310.270	GA-Interior.GA-hallway_decor_torch_00_Pf0.GA-hallway_decor_torch_00_Pf0_Arc0.StaticMeshComponent0
Harset-0003ffff	StaticMeshActor	GA-Props:GA-Torch00	-3.857	-29.440	306.383	GA-Props.GA-Torch00_Pf1.GA-Torch00_Pf1_Arc1.StaticMeshComponent0
Harset-fffd0000	StaticMeshActor	GA-Interior:GA-hallway_decor_torch_00	3.650	-67.620	-244.450	GA-Interior.GA-hallway_decor_torch_00_Pf0.GA-hallway_decor_torch_00_Pf0_Arc0.StaticMeshComponent0
Harset-fffd0000	StaticMeshActor	GA-Interior:GA-hallway_decor_torch_01	14.574	-54.660	-207.846	GA-Interior.GA-hallway_decor_torch_01_Pf0.GA-hallway_decor_torch_01_Pf0_Arc2.StaticMeshComponent0
Harset-fffdffff	StaticMeshActor	GA-Interior:GA-small_hallway_ramp_a_00	-0.120	-59.960	-213.200	GA-Interior.GA-small_hallway_ramp_a_00_Pf0.GA-small_hallway_ramp_a_00_Pf0_Arc1.StaticMeshComponent0
Harset-fffdffff	StaticMeshActor	GA-Interior:GA-small_hallway_straight_a_1024_00	-0.120	-68.920	-231.120	GA-Interior.GA-small_hallway_straight_a_1024_00_Pf0.GA-small_hallway_straight_a_1024_00_Pf0_Arc1.StaticMeshComponent0
Harset-fffdffff	StaticMeshActor	GA-Interior:GA-small_hallway_straight_a_512_00	-0.120	-68.920	-238.800	GA-Interior.GA-small_hallway_straight_a_512_00_Pf0.GA-small_hallway_straight_a_512_00_Pf0_Arc1.StaticMeshComponent0
Harset-fffdffff	StaticMeshActor	GA-Interior:GA-hallway_decor_torch_01	-14.626	-54.660	-207.846	GA-Interior.GA-hallway_decor_torch_01_Pf0.GA-hallway_decor_torch_01_Pf0_Arc2.StaticMeshComponent0
Harset-fffdffff	StaticMeshActor	GA-Interior:GA-small_doorway_close_a_00	-0.120	-68.920	-245.840	GA-Interior.GA-small_doorway_close_a_00_Pf0.GA-small_doorway_close_a_00_Pf0_Arc1.StaticMeshComponent0
Harset-fffdffff	StaticMeshActor	GA-Interior:GA-hallway_decor_torch_00	-4.040	-67.620	-244.450	GA-Interior.GA-hallway_decor_torch_00_Pf0.GA-hallway_decor_torch_00_Pf0_Arc0.StaticMeshComponent0
Harset-fffe0000	StaticMeshActor	JF-Props:JF-Brazier00	45.420	-69.410	-144.900	JF-Props.JF-Brazier00_Pf0.JF-Brazier00_Pf0_Arc0.StaticMeshComponent0
Harset-fffe0000	StaticMeshActor	JF-Props:JF-Brazier00	33.850	-69.380	-139.920	JF-Props.JF-Brazier00_Pf0.JF-Brazier00_Pf0_Arc0.StaticMeshComponent0
Harset-fffe0000	StaticMeshActor	JF-Props:JF-Brazier00	44.680	-69.400	-157.400	JF-Props.JF-Brazier00_Pf0.JF-Brazier00_Pf0_Arc0.StaticMeshComponent0
Harset-fffe0000	StaticMeshActor	JF-Props:JF-Brazier00	30.080	-69.400	-180.930	JF-Props.JF-Brazier00_Pf0.JF-Brazier00_Pf0_Arc0.StaticMeshComponent0
Harset-fffe0000	StaticMeshActor	GA-Interior:GA-hallway_decor_torch_01	2.595	-66.650	-133.275	GA-Interior.GA-hallway_decor_torch_01_Pf0.GA-hallway_decor_torch_01_Pf0_Arc2.StaticMeshComponent0
Harset-fffe0000	StaticMeshActor	JF-Props:JF-Brazier00	73.450	-69.400	-144.520	JF-Props.JF-Brazier00_Pf0.JF-Brazier00_Pf0_Arc0.StaticMeshComponent0
Harset-fffe0000	StaticMeshActor	GA-Interior:GA-hallway_decor_torch_01	7.530	-54.210	-188.960	GA-Interior.GA-hallway_decor_torch_01_Pf0.GA-hallway_decor_torch_01_Pf0_Arc2.StaticMeshComponent0
Harset-fffe0000	StaticMeshActor	GA-Props:GA-Fence03	24.320	-69.280	-156.800	GA-Props.GA-Fence03_Pf0.GA-Fence03_Pf0_Arc1.StaticMeshComponent0
Harset-fffe0000	StaticMeshActor	GA-Props:GA-Fence03	13.880	-61.640	-165.240	GA-Props.GA-Fence03_Pf0.GA-Fence03_Pf0_Arc1.StaticMeshComponent0
Harset-fffe0000	StaticMeshActor	GA-Props:GA-Fence00	24.320	-69.280	-168.560	GA-Props.GA-Fence00_Pf0.GA-Fence00_Pf0_Arc1.StaticMeshComponent0
Harset-fffe0000	StaticMeshActor	GA-Props:GA-Fence00	13.880	-61.640	-177.400	GA-Props.GA-Fence00_Pf0.GA-Fence00_Pf0_Arc1.StaticMeshComponent0
Harset-fffe0000	StaticMeshActor	GA-Props:GA-Fence00	13.880	-61.640	-174.040	GA-Props.GA-Fence00_Pf0.GA-Fence00_Pf0_Arc1.StaticMeshComponent0
Harset-fffe0000	StaticMeshActor	GA-Props:GA-Fence00	13.880	-61.640	-170.680	GA-Props.GA-Fence00_Pf0.GA-Fence00_Pf0_Arc1.StaticMeshComponent0
Harset-fffe0000	StaticMeshActor	GA-Props:GA-Fence00	13.880	-61.640	-156.200	GA-Props.GA-Fence00_Pf0.GA-Fence00_Pf0_Arc1.StaticMeshComponent0
Harset-fffe0000	StaticMeshActor	GA-Props:GA-Fence00	13.880	-61.640	-159.680	GA-Props.GA-Fence00_Pf0.GA-Fence00_Pf0_Arc1.StaticMeshComponent0
Harset-fffe0000	StaticMeshActor	GA-Props:GA-Fence02	22.920	-69.280	-173.160	GA-Props.GA-Fence02_Pf0.GA-Fence02_Pf0_Arc2.StaticMeshComponent0
Harset-fffe0000	StaticMeshActor	GA-Props:GA-Fence02	22.720	-69.280	-152.320	GA-Props.GA-Fence02_Pf0.GA-Fence02_Pf0_Arc2.StaticMeshComponent0
Harset-fffe0000	StaticMeshActor	GA-Props:GA-Torch00	14.400	-69.120	-120.800	GA-Props.GA-Torch00_Pf1.GA-Torch00_Pf1_Arc1.StaticMeshComponent0
Harset-fffe0000	StaticMeshActor	GA-Props:GA-Torch00	13.760	-58.720	-153.280	GA-Props.GA-Torch00_Pf1.GA-Torch00_Pf1_Arc1.StaticMeshComponent0
Harset-fffe0000	StaticMeshActor	GA-Props:GA-Torch00	3.520	-58.720	-190.400	GA-Props.GA-Torch00_Pf1.GA-Torch00_Pf1_Arc1.StaticMeshComponent0
Harset-fffe0000	StaticMeshActor	GA-Props:GA-Torch00	15.840	-69.280	-155.520	GA-Props.GA-Torch00_Pf1.GA-Torch00_Pf1_Arc1.StaticMeshComponent0
Harset-fffe0000	StaticMeshActor	GA-Props:GA-Torch00	15.840	-69.280	-162.880	GA-Props.GA-Torch00_Pf1.GA-Torch00_Pf1_Arc1.StaticMeshComponent0
Harset-fffe0000	StaticMeshActor	GA-Props:GA-Torch00	15.840	-69.280	-171.040	GA-Props.GA-Torch00_Pf1.GA-Torch00_Pf1_Arc1.StaticMeshComponent0
Harset-fffe0000	StaticMeshActor	GA-Props:GA-StreetLamp_Single00	15.200	-67.040	-143.840	GA-Props.GA-StreetLamp_Single00_Pf0.GA-StreetLamp_Single00_Pf0_Arc3.StaticMeshComponent0
Harset-fffe0000	StaticMeshActor	GA-Props:GA-StreetLamp_Single00	15.200	-67.040	-151.840	GA-Props.GA-StreetLamp_Single00_Pf0.GA-StreetLamp_Single00_Pf0_Arc3.StaticMeshComponent0
Harset-fffe0000	StaticMeshActor	Env-DD:DD-Palm00	72.160	-69.520	-110.560	Env-DD.DD-Palm00_Pf0.DD-Palm00_Pf0_Arc1.StaticMeshComponent0
Harset-fffe0000	StaticMeshActor	Env-DD:DD-Palm00	95.280	-69.280	-127.160	Env-DD.DD-Palm00_Pf0.DD-Palm00_Pf0_Arc1.StaticMeshComponent0
Harset-fffe0000	StaticMeshActor	GA-Arch:GA-Aquaducts06	53.090	-69.280	-109.790	GA-Arch.GA-Aquaducts06_Pf0.GA-Aquaducts06_Pf0_Arc1.StaticMeshComponent0
Harset-fffe0000	StaticMeshActor	Env-DD:DD-Palm01	18.760	-69.240	-136.720	Env-DD.DD-Palm01_Pf0.DD-Palm01_Pf0_Arc1.StaticMeshComponent0
Harset-fffe0000	StaticMeshActor	Env-DD:DD-Palm01	98.360	-69.280	-122.360	Env-DD.DD-Palm01_Pf0.DD-Palm01_Pf0_Arc1.StaticMeshComponent0
Harset-fffe0000	StaticMeshActor	GA-Props:GA-Awning_Door00	16.560	-64.440	-167.640	GA-Props.GA-Awning_Door00_Pf0.GA-Awning_Door00_Pf0_Arc2.StaticMeshComponent0
Harset-fffe0000	StaticMeshActor	JF-Props:JF-Brazier00	4.130	-69.030	-125.450	JF-Props.JF-Brazier00_Pf0.JF-Brazier00_Pf0_Arc0.StaticMeshComponent0
Harset-fffe0000	StaticMeshActor	GA-Props:GA-Awning_Door00	16.560	-64.560	-158.680	GA-Props.GA-Awning_Door00_Pf0.GA-Awning_Door00_Pf0_Arc2.StaticMeshComponent0
Harset-fffe0000	StaticMeshActor	Env-DD:DD-Palm03	97.400	-69.480	-124.120	Env-DD.DD-Palm03_Pf0.DD-Palm03_Pf0_Arc1.StaticMeshComponent0
Harset-fffe0000	StaticMeshActor	Env-DD:DD-Palm04	18.560	-69.080	-140.160	Env-DD.DD-Palm04_Pf0.DD-Palm04_Pf0_Arc1.StaticMeshComponent0
Harset-fffe0000	StaticMeshActor	Env-DD:DD-PalmBush00	34.560	-69.280	-105.280	Env-DD.DD-PalmBush00_Pf0.DD-PalmBush00_Pf0_Arc1.StaticMeshComponent0
Harset-fffe0000	StaticMeshActor	Env-DD:DD-PalmBush00	21.880	-68.920	-140.560	Env-DD.DD-PalmBush00_Pf0.DD-PalmBush00_Pf0_Arc1.StaticMeshComponent0
Harset-fffe0000	StaticMeshActor	Env-DD:DD-PalmBush01	20.360	-69.000	-138.000	Env-DD.DD-PalmBush01_Pf0.DD-PalmBush01_Pf0_Arc1.StaticMeshComponent0
Harset-fffe0000	StaticMeshActor	GA-Arch:GA-Aquaducts06	96.070	-69.280	-152.750	GA-Arch.GA-Aquaducts06_Pf0.GA-Aquaducts06_Pf0_Arc1.StaticMeshComponent0
Harset-fffe0000	StaticMeshActor	GA-Arch:GA-Aquaducts06	96.070	-69.280	-212.750	GA-Arch.GA-Aquaducts06_Pf0.GA-Aquaducts06_Pf0_Arc1.StaticMeshComponent0
Harset-fffe0000	StaticMeshActor	GA-Interior:GA-small_doorway_open_a_00	-0.120	-59.960	-195.920	GA-Interior.GA-small_doorway_open_a_00_Pf0.GA-small_doorway_open_a_00_Pf0_Arc1.StaticMeshComponent0
Harset-fffe0000	StaticMeshActor	GA-Building:GA-MerchantTent01	41.565	-69.290	-102.840	GA-Building.GA-MerchantTent01_Pf0.GA-MerchantTent01_Pf0_Arc2.StaticMeshComponent0
Harset-fffe0000	StaticMeshActor	GA-Building:GA-MerchantTent02	75.378	-69.330	-104.260	GA-Building.GA-MerchantTent02_Pf0.GA-MerchantTent02_Pf0_Arc2.StaticMeshComponent0
Harset-fffe0000	StaticMeshActor	GA-Arch:GA-Aquaducts08	13.080	-69.310	-109.810	GA-Arch.GA-Aquaducts08_Pf0.GA-Aquaducts08_Pf0_Arc1.StaticMeshComponent0
Harset-fffe0000	StaticMeshActor	GA-Interior:GA-hallway_decor_torch_00	5.810	-58.660	-199.240	GA-Interior.GA-hallway_decor_torch_00_Pf0.GA-hallway_decor_torch_00_Pf0_Arc0.StaticMeshComponent0
Harset-fffe0000	StaticMeshActor	JF-Props:JF-Brazier00	17.520	-69.400	-179.000	JF-Props.JF-Brazier00_Pf0.JF-Brazier00_Pf0_Arc0.StaticMeshComponent0
Harset-fffe0000	StaticMeshActor	JF-Props:JF-Brazier00	24.270	-69.250	-106.430	JF-Props.JF-Brazier00_Pf0.JF-Brazier00_Pf0_Arc0.StaticMeshComponent0
Harset-fffe0000	StaticMeshActor	JF-Props:JF-Brazier00	23.050	-69.180	-139.110	JF-Props.JF-Brazier00_Pf0.JF-Brazier00_Pf0_Arc0.StaticMeshComponent0
Harset-fffe0000	StaticMeshActor	JF-Props:JF-Brazier00	71.580	-69.290	-113.940	JF-Props.JF-Brazier00_Pf0.JF-Brazier00_Pf0_Arc0.StaticMeshComponent0
Harset-fffe0000	StaticMeshActor	JF-Props:JF-Brazier00	26.330	-69.220	-113.020	JF-Props.JF-Brazier00_Pf0.JF-Brazier00_Pf0_Arc0.StaticMeshComponent0
Harset-fffe0001	StaticMeshActor	Env-DD:DD-Palm03	122.960	-60.240	-101.120	Env-DD.DD-Palm03_Pf0.DD-Palm03_Pf0_Arc1.StaticMeshComponent0
Harset-fffefffe	StaticMeshActor	Env-DD:DD-Palm00	-113.520	-60.040	-115.640	Env-DD.DD-Palm00_Pf0.DD-Palm00_Pf0_Arc1.StaticMeshComponent0
Harset-fffeffff	StaticMeshActor	JF-Props:JF-Brazier00	-46.250	-69.400	-173.280	JF-Props.JF-Brazier00_Pf0.JF-Brazier00_Pf0_Arc0.StaticMeshComponent0
Harset-fffeffff	StaticMeshActor	JF-Props:JF-Brazier00	-73.480	-69.300	-163.180	JF-Props.JF-Brazier00_Pf0.JF-Brazier00_Pf0_Arc0.StaticMeshComponent0
Harset-fffeffff	StaticMeshActor	JF-Props:JF-Brazier00	-58.270	-69.390	-154.530	JF-Props.JF-Brazier00_Pf0.JF-Brazier00_Pf0_Arc0.StaticMeshComponent0
Harset-fffeffff	StaticMeshActor	Env-DD:DD-Palm05	-21.280	-69.280	-139.640	Env-DD.DD-Palm05_Pf0.DD-Palm05_Pf0_Arc1.StaticMeshComponent0
Harset-fffeffff	StaticMeshActor	JF-Props:JF-Brazier00	-23.660	-69.000	-138.810	JF-Props.JF-Brazier00_Pf0.JF-Brazier00_Pf0_Arc0.StaticMeshComponent0
Harset-fffeffff	StaticMeshActor	Env-DD:DD-Palm07	-96.691	-69.000	-124.240	Env-DD.DD-Palm07_Pf0.DD-Palm07_Pf0_Arc1.StaticMeshComponent0
Harset-fffeffff	StaticMeshActor	Env-DD:DD-PalmBush00	-77.324	-69.000	-107.025	Env-DD.DD-PalmBush00_Pf0.DD-PalmBush00_Pf0_Arc1.StaticMeshComponent0
Harset-fffeffff	StaticMeshActor	Env-DD:DD-PalmBush02	-20.960	-69.280	-136.240	Env-DD.DD-PalmBush02_Pf0.DD-PalmBush02_Pf0_Arc1.StaticMeshComponent0
Harset-fffeffff	StaticMeshActor	GA-Props:GA-Fence00	-13.880	-61.640	-170.680	GA-Props.GA-Fence00_Pf0.GA-Fence00_Pf0_Arc1.StaticMeshComponent0
Harset-fffeffff	StaticMeshActor	GA-Props:GA-Fence00	-13.880	-61.640	-174.040	GA-Props.GA-Fence00_Pf0.GA-Fence00_Pf0_Arc1.StaticMeshComponent0
Harset-fffeffff	StaticMeshActor	GA-Props:GA-Fence02	-22.920	-69.280	-173.160	GA-Props.GA-Fence02_Pf0.GA-Fence02_Pf0_Arc2.StaticMeshComponent0
Harset-fffeffff	StaticMeshActor	GA-Props:GA-Fence02	-22.720	-69.280	-152.320	GA-Props.GA-Fence02_Pf0.GA-Fence02_Pf0_Arc2.StaticMeshComponent0
Harset-fffeffff	StaticMeshActor	JF-Props:JF-Brazier00	-69.450	-69.130	-107.330	JF-Props.JF-Brazier00_Pf0.JF-Brazier00_Pf0_Arc0.StaticMeshComponent0
Harset-fffeffff	StaticMeshActor	GA-Props:GA-Fence03	-13.880	-61.640	-165.240	GA-Props.GA-Fence03_Pf0.GA-Fence03_Pf0_Arc1.StaticMeshComponent0
Harset-fffeffff	StaticMeshActor	GA-Props:GA-Fence03	-24.320	-69.280	-156.800	GA-Props.GA-Fence03_Pf0.GA-Fence03_Pf0_Arc1.StaticMeshComponent0
Harset-fffeffff	StaticMeshActor	GA-Props:GA-Fence00	-13.880	-61.640	-159.680	GA-Props.GA-Fence00_Pf0.GA-Fence00_Pf0_Arc1.StaticMeshComponent0
Harset-fffeffff	StaticMeshActor	GA-Props:GA-Fence00	-24.320	-69.280	-168.560	GA-Props.GA-Fence00_Pf0.GA-Fence00_Pf0_Arc1.StaticMeshComponent0
Harset-fffeffff	StaticMeshActor	GA-Props:GA-Fence00	-13.880	-61.640	-177.400	GA-Props.GA-Fence00_Pf0.GA-Fence00_Pf0_Arc1.StaticMeshComponent0
Harset-fffeffff	StaticMeshActor	GA-Props:GA-Fence00	-13.880	-61.640	-156.200	GA-Props.GA-Fence00_Pf0.GA-Fence00_Pf0_Arc1.StaticMeshComponent0
Harset-fffeffff	StaticMeshActor	GA-Props:GA-Torch00	-3.840	-58.720	-190.560	GA-Props.GA-Torch00_Pf1.GA-Torch00_Pf1_Arc1.StaticMeshComponent0
Harset-fffeffff	StaticMeshActor	GA-Props:GA-Torch00	-15.840	-69.280	-155.280	GA-Props.GA-Torch00_Pf1.GA-Torch00_Pf1_Arc1.StaticMeshComponent0
Harset-fffeffff	StaticMeshActor	GA-Props:GA-Torch00	-15.840	-69.280	-162.880	GA-Props.GA-Torch00_Pf1.GA-Torch00_Pf1_Arc1.StaticMeshComponent0
Harset-fffeffff	StaticMeshActor	GA-Props:GA-Torch00	-15.840	-69.280	-171.040	GA-Props.GA-Torch00_Pf1.GA-Torch00_Pf1_Arc1.StaticMeshComponent0
Harset-fffeffff	StaticMeshActor	GA-Props:GA-StreetLamp00	-72.341	-68.940	-113.895	GA-Props.GA-StreetLamp00_Pf0.GA-StreetLamp00_Pf0_Arc1.StaticMeshComponent0
Harset-fffeffff	StaticMeshActor	GA-Props:GA-StreetLamp00	-86.559	-68.940	-127.698	GA-Props.GA-StreetLamp00_Pf0.GA-StreetLamp00_Pf0_Arc1.StaticMeshComponent0
Harset-fffeffff	StaticMeshActor	GA-Props:GA-Torch00	-14.880	-69.120	-120.480	GA-Props.GA-Torch00_Pf1.GA-Torch00_Pf1_Arc1.StaticMeshComponent0
Harset-fffeffff	StaticMeshActor	GA-Props:GA-Torch00	-13.600	-58.720	-153.600	GA-Props.GA-Torch00_Pf1.GA-Torch00_Pf1_Arc1.StaticMeshComponent0
Harset-fffeffff	StaticMeshActor	GA-Props:GA-StreetLamp_Single00	-15.200	-67.040	-151.930	GA-Props.GA-StreetLamp_Single00_Pf0.GA-StreetLamp_Single00_Pf0_Arc3.StaticMeshComponent0
Harset-fffeffff	StaticMeshActor	JF-Props:JF-Brazier00	-58.310	-69.170	-110.000	JF-Props.JF-Brazier00_Pf0.JF-Brazier00_Pf0_Arc0.StaticMeshComponent0
Harset-fffeffff	StaticMeshActor	JF-Props:JF-Brazier00	-62.670	-68.960	-101.860	JF-Props.JF-Brazier00_Pf0.JF-Brazier00_Pf0_Arc0.StaticMeshComponent0
Harset-fffeffff	StaticMeshActor	JF-Props:JF-Brazier00	-17.740	-69.120	-101.480	JF-Props.JF-Brazier00_Pf0.JF-Brazier00_Pf0_Arc0.StaticMeshComponent0
Harset-fffeffff	StaticMeshActor	JF-Props:JF-Brazier00	-63.110	-69.020	-123.380	JF-Props.JF-Brazier00_Pf0.JF-Brazier00_Pf0_Arc0.StaticMeshComponent0
Harset-fffeffff	StaticMeshActor	JF-Props:JF-Brazier00	-49.520	-69.050	-142.360	JF-Props.JF-Brazier00_Pf0.JF-Brazier00_Pf0_Arc0.StaticMeshComponent0
Harset-fffeffff	StaticMeshActor	GA-Arch:GA-Aquaducts06	-53.350	-69.280	-109.780	GA-Arch.GA-Aquaducts06_Pf0.GA-Aquaducts06_Pf0_Arc1.StaticMeshComponent0
Harset-fffeffff	StaticMeshActor	GA-Props:GA-Awning_Door00	-16.560	-64.440	-167.640	GA-Props.GA-Awning_Door00_Pf0.GA-Awning_Door00_Pf0_Arc2.StaticMeshComponent0
Harset-fffeffff	StaticMeshActor	GA-Props:GA-Awning_Door00	-16.560	-64.560	-158.680	GA-Props.GA-Awning_Door00_Pf0.GA-Awning_Door00_Pf0_Arc2.StaticMeshComponent0
Harset-fffeffff	StaticMeshActor	JF-Props:JF-Brazier00	-4.400	-69.020	-125.420	JF-Props.JF-Brazier00_Pf0.JF-Brazier00_Pf0_Arc0.StaticMeshComponent0
Harset-fffeffff	StaticMeshActor	GA-Props:GA-StreetLamp_Single00	-15.200	-67.040	-143.840	GA-Props.GA-StreetLamp_Single00_Pf0.GA-StreetLamp_Single00_Pf0_Arc3.StaticMeshComponent0
Harset-fffeffff	StaticMeshActor	GA-Arch:GA-Aquaducts08	-13.340	-69.310	-109.800	GA-Arch.GA-Aquaducts08_Pf0.GA-Aquaducts08_Pf0_Arc1.StaticMeshComponent0
Harset-fffeffff	StaticMeshActor	JF-Props:JF-Brazier00	-3.210	-69.130	-117.480	JF-Props.JF-Brazier00_Pf0.JF-Brazier00_Pf0_Arc0.StaticMeshComponent0
Harset-fffeffff	StaticMeshActor	GA-Arch:GA-Aquaducts06	-96.330	-69.280	-152.740	GA-Arch.GA-Aquaducts06_Pf0.GA-Aquaducts06_Pf0_Arc1.StaticMeshComponent0
Harset-fffeffff	StaticMeshActor	GA-Arch:GA-Aquaducts06	-96.330	-69.280	-212.260	GA-Arch.GA-Aquaducts06_Pf0.GA-Aquaducts06_Pf0_Arc1.StaticMeshComponent0
Harset-fffeffff	StaticMeshActor	GA-Interior:GA-hallway_decor_torch_01	-7.730	-54.210	-188.960	GA-Interior.GA-hallway_decor_torch_01_Pf0.GA-hallway_decor_torch_01_Pf0_Arc2.StaticMeshComponent0
Harset-fffeffff	StaticMeshActor	Env-DD:DD-Palm01	-16.440	-69.280	-139.560	Env-DD.DD-Palm01_Pf0.DD-Palm01_Pf0_Arc1.StaticMeshComponent0
Harset-fffeffff	StaticMeshActor	GA-Interior:GA-hallway_decor_torch_01	-2.565	-66.650	-133.275	GA-Interior.GA-hallway_decor_torch_01_Pf0.GA-hallway_decor_torch_01_Pf0_Arc2.StaticMeshComponent0
Harset-fffeffff	StaticMeshActor	Env-DD:DD-Palm02	-18.920	-69.280	-136.920	Env-DD.DD-Palm02_Pf0.DD-Palm02_Pf0_Arc1.StaticMeshComponent0
Harset-ffff0000	StaticMeshActor	GA-Props:GA-StreetLamp00	29.409	-69.430	-20.804	GA-Props.GA-StreetLamp00_Pf0.GA-StreetLamp00_Pf0_Arc1.StaticMeshComponent0
Harset-ffff0000	StaticMeshActor	GA-Props:GA-StreetLamp00	30.409	-69.390	-48.084	GA-Props.GA-StreetLamp00_Pf0.GA-StreetLamp00_Pf0_Arc1.StaticMeshComponent0
Harset-ffff0000	StaticMeshActor	GA-Props:GA-StreetLamp00	28.289	-69.470	-87.844	GA-Props.GA-StreetLamp00_Pf0.GA-StreetLamp00_Pf0_Arc1.StaticMeshComponent0
Harset-ffff0000	StaticMeshActor	GA-Props:GA-StreetLamp00	64.449	-69.490	-90.284	GA-Props.GA-StreetLamp00_Pf0.GA-StreetLamp00_Pf0_Arc1.StaticMeshComponent0
Harset-ffff0000	StaticMeshActor	GA-Props:GA-StreetLamp00	51.849	-69.510	-77.324	GA-Props.GA-StreetLamp00_Pf0.GA-StreetLamp00_Pf0_Arc1.StaticMeshComponent0
Harset-ffff0000	StaticMeshActor	GA-Props:GA-StreetLamp00	42.209	-69.390	-7.604	GA-Props.GA-StreetLamp00_Pf0.GA-StreetLamp00_Pf0_Arc1.StaticMeshComponent0
Harset-ffff0000	StaticMeshActor	GA-Props:GA-StreetLamp_Single00	80.970	-67.200	-97.610	GA-Props.GA-StreetLamp_Single00_Pf0.GA-StreetLamp_Single00_Pf0_Arc3.StaticMeshComponent0
Harset-ffff0000	StaticMeshActor	GA-Props:GA-StreetLamp_Single00	15.600	-65.920	-66.480	GA-Props.GA-StreetLamp_Single00_Pf0.GA-StreetLamp_Single00_Pf0_Arc3.StaticMeshComponent0
Harset-ffff0000	StaticMeshActor	GA-Props:GA-Torch00	45.040	-59.160	-40.440	GA-Props.GA-Torch00_Pf1.GA-Torch00_Pf1_Arc1.StaticMeshComponent0
Harset-ffff0000	StaticMeshActor	GA-Props:GA-Torch00	54.640	-59.160	-40.520	GA-Props.GA-Torch00_Pf1.GA-Torch00_Pf1_Arc1.StaticMeshComponent0
Harset-ffff0000	StaticMeshActor	GA-Props:GA-Torch00	54.840	-59.120	-18.080	GA-Props.GA-Torch00_Pf1.GA-Torch00_Pf1_Arc1.StaticMeshComponent0
Harset-ffff0000	StaticMeshActor	GA-Props:GA-Torch00	45.600	-59.160	-18.200	GA-Props.GA-Torch00_Pf1.GA-Torch00_Pf1_Arc1.StaticMeshComponent0
Harset-ffff0000	StaticMeshActor	GA-Arch:GA-Aquaducts00	13.080	-69.497	-53.690	GA-Arch.GA-Aquaducts00_Pf0.GA-Aquaducts00_Pf0_Arc9.StaticMeshComponent0
Harset-ffff0000	StaticMeshActor	JF-Props:JF-Brazier00	36.210	-69.290	-99.900	JF-Props.JF-Brazier00_Pf0.JF-Brazier00_Pf0_Arc0.StaticMeshComponent0
Harset-ffff0000	StaticMeshActor	GA-Props:GA-StreetLamp_Single00	52.769	-66.880	-3.551	GA-Props.GA-StreetLamp_Single00_Pf0.GA-StreetLamp_Single00_Pf0_Arc3.StaticMeshComponent0
Harset-ffff0000	StaticMeshActor	GA-Props:GA-StreetLamp00	78.779	-60.190	-43.584	GA-Props.GA-StreetLamp00_Pf0.GA-StreetLamp00_Pf0_Arc1.StaticMeshComponent0
Harset-ffff0000	StaticMeshActor	GA-Props:GA-StreetLamp00	73.659	-60.400	-72.104	GA-Props.GA-StreetLamp00_Pf0.GA-StreetLamp00_Pf0_Arc1.StaticMeshComponent0
Harset-ffff0000	StaticMeshActor	GA-Props:GA-StreetLamp00	78.779	-60.510	-61.424	GA-Props.GA-StreetLamp00_Pf0.GA-StreetLamp00_Pf0_Arc1.StaticMeshComponent0
Harset-ffff0000	StaticMeshActor	GA-Props:GA-StreetLamp00	95.525	-60.340	-18.893	GA-Props.GA-StreetLamp00_Pf0.GA-StreetLamp00_Pf0_Arc1.StaticMeshComponent0
Harset-ffff0000	StaticMeshActor	GA-Props:GA-StreetLamp_Single00	10.640	-65.920	-86.870	GA-Props.GA-StreetLamp_Single00_Pf0.GA-StreetLamp_Single00_Pf0_Arc3.StaticMeshComponent0
Harset-ffff0000	StaticMeshActor	JF-Props:JF-Brazier00	79.610	-60.100	-87.790	JF-Props.JF-Brazier00_Pf0.JF-Brazier00_Pf0_Arc0.StaticMeshComponent0
Harset-ffff0000	StaticMeshActor	JF-Props:JF-Brazier00	58.200	-60.160	-6.400	JF-Props.JF-Brazier00_Pf0.JF-Brazier00_Pf0_Arc0.StaticMeshComponent0
Harset-ffff0000	StaticMeshActor	GA-Building:GA-MerchantTent00	35.055	-69.280	-13.585	GA-Building.GA-MerchantTent00_Pf0.GA-MerchantTent00_Pf0_Arc2.StaticMeshComponent0
Harset-ffff0000	StaticMeshActor	GA-Props:GA-StreetLamp_Single00	10.640	-65.920	-76.640	GA-Props.GA-StreetLamp_Single00_Pf0.GA-StreetLamp_Single00_Pf0_Arc3.StaticMeshComponent0
Harset-ffff0000	StaticMeshActor	GA-Building:GA-MerchantTent01	36.792	-69.311	-79.960	GA-Building.GA-MerchantTent01_Pf0.GA-MerchantTent01_Pf0_Arc2.StaticMeshComponent0
Harset-ffff0000	StaticMeshActor	GA-Props:GA-StreetLamp_Single00	54.362	-66.990	-1.971	GA-Props.GA-StreetLamp_Single00_Pf0.GA-StreetLamp_Single00_Pf0_Arc3.StaticMeshComponent0
Harset-ffff0000	StaticMeshActor	GA-Props:GA-StreetLamp_Single00	47.678	-66.880	-8.642	GA-Props.GA-StreetLamp_Single00_Pf0.GA-StreetLamp_Single00_Pf0_Arc3.StaticMeshComponent0
Harset-ffff0000	StaticMeshActor	GA-Props:GA-StreetLamp_Single00	75.087	-67.200	-91.727	GA-Props.GA-StreetLamp_Single00_Pf0.GA-StreetLamp_Single00_Pf0_Arc3.StaticMeshComponent0
Harset-ffff0000	StaticMeshActor	GA-Props:GA-StreetLamp_Single00	75.879	-67.200	-92.519	GA-Props.GA-StreetLamp_Single00_Pf0.GA-StreetLamp_Single00_Pf0_Arc3.StaticMeshComponent0
Harset-ffff0000	StaticMeshActor	GA-Props:GA-StreetLamp_Single00	70.109	-67.200	-86.749	GA-Props.GA-StreetLamp_Single00_Pf0.GA-StreetLamp_Single00_Pf0_Arc3.StaticMeshComponent0
Harset-ffff0000	StaticMeshActor	GA-Props:GA-StreetLamp_Single00	15.600	-65.920	-97.280	GA-Props.GA-StreetLamp_Single00_Pf0.GA-StreetLamp_Single00_Pf0_Arc3.StaticMeshComponent0
Harset-ffff0000	StaticMeshActor	GA-Props:GA-StreetLamp_Single00	15.600	-65.920	-86.960	GA-Props.GA-StreetLamp_Single00_Pf0.GA-StreetLamp_Single00_Pf0_Arc3.StaticMeshComponent0
Harset-ffff0000	StaticMeshActor	GA-Props:GA-StreetLamp_Single00	15.600	-65.920	-76.720	GA-Props.GA-StreetLamp_Single00_Pf0.GA-StreetLamp_Single00_Pf0_Arc3.StaticMeshComponent0
Harset-ffff0000	StaticMeshActor	GA-Props:GA-StreetLamp_Single00	15.600	-65.920	-56.240	GA-Props.GA-StreetLamp_Single00_Pf0.GA-StreetLamp_Single00_Pf0_Arc3.StaticMeshComponent0
Harset-ffff0000	StaticMeshActor	GA-Props:GA-StreetLamp_Single00	15.600	-65.920	-46.080	GA-Props.GA-StreetLamp_Single00_Pf0.GA-StreetLamp_Single00_Pf0_Arc3.StaticMeshComponent0
Harset-ffff0000	StaticMeshActor	GA-Props:GA-StreetLamp_Single00	15.600	-65.920	-35.840	GA-Props.GA-StreetLamp_Single00_Pf0.GA-StreetLamp_Single00_Pf0_Arc3.StaticMeshComponent0
Harset-ffff0000	StaticMeshActor	GA-Props:GA-StreetLamp_Single00	15.600	-65.920	-25.600	GA-Props.GA-StreetLamp_Single00_Pf0.GA-StreetLamp_Single00_Pf0_Arc3.StaticMeshComponent0
Harset-ffff0000	StaticMeshActor	GA-Props:GA-StreetLamp_Single00	15.600	-65.920	-15.360	GA-Props.GA-StreetLamp_Single00_Pf0.GA-StreetLamp_Single00_Pf0_Arc3.StaticMeshComponent0
Harset-ffff0000	StaticMeshActor	GA-Props:GA-StreetLamp_Single00	10.640	-65.920	-97.190	GA-Props.GA-StreetLamp_Single00_Pf0.GA-StreetLamp_Single00_Pf0_Arc3.StaticMeshComponent0
Harset-ffff0000	StaticMeshActor	GA-Building:GA-MerchantTent01	28.173	-69.280	-38.088	GA-Building.GA-MerchantTent01_Pf0.GA-MerchantTent01_Pf0_Arc2.StaticMeshComponent0
Harset-ffff0000	StaticMeshActor	Env-DD:DD-Palm00	63.400	-60.240	-1.360	Env-DD.DD-Palm00_Pf0.DD-Palm00_Pf0_Arc1.StaticMeshComponent0
Harset-ffff0000	StaticMeshActor	Env-DD:DD-Palm00	64.360	-69.280	-88.160	Env-DD.DD-Palm00_Pf0.DD-Palm00_Pf0_Arc1.StaticMeshComponent0
Harset-ffff0000	StaticMeshActor	Env-DD:DD-Palm00	44.960	-69.280	-6.080	Env-DD.DD-Palm00_Pf0.DD-Palm00_Pf0_Arc1.StaticMeshComponent0
Harset-ffff0000	StaticMeshActor	Env-DD:DD-Palm00	53.120	-60.280	-12.720	Env-DD.DD-Palm00_Pf0.DD-Palm00_Pf0_Arc1.StaticMeshComponent0
Harset-ffff0000	StaticMeshActor	GA-Props:GA-Torch00	9.360	-69.080	-0.840	GA-Props.GA-Torch00_Pf1.GA-Torch00_Pf1_Arc1.StaticMeshComponent0
Harset-ffff0000	StaticMeshActor	Env-DD:DD-Palm00	75.293	-60.240	-81.837	Env-DD.DD-Palm00_Pf0.DD-Palm00_Pf0_Arc1.StaticMeshComponent0
Harset-ffff0000	StaticMeshActor	GA-Building:GA-MerchantTent02	19.551	-69.330	-80.992	GA-Building.GA-MerchantTent02_Pf0.GA-MerchantTent02_Pf0_Arc2.StaticMeshComponent0
Harset-ffff0000	StaticMeshActor	GA-Props:GA-StreetLamp_Single00	10.640	-65.920	-66.400	GA-Props.GA-StreetLamp_Single00_Pf0.GA-StreetLamp_Single00_Pf0_Arc3.StaticMeshComponent0
Harset-ffff0000	StaticMeshActor	GA-Building:GA-MerchantTent02	46.489	-69.330	-50.523	GA-Building.GA-MerchantTent02_Pf0.GA-MerchantTent02_Pf0_Arc2.StaticMeshComponent0
Harset-ffff0000	StaticMeshActor	GA-Building:GA-MerchantTent02	36.502	-69.361	-69.270	GA-Building.GA-MerchantTent02_Pf0.GA-MerchantTent02_Pf0_Arc2.StaticMeshComponent0
Harset-ffff0000	StaticMeshActor	GA-Building:GA-MerchantTent03	57.822	-69.290	-83.756	GA-Building.GA-MerchantTent03_Pf0.GA-MerchantTent03_Pf0_Arc2.StaticMeshComponent0
Harset-ffff0000	StaticMeshActor	GA-Building:GA-MerchantTent03	29.807	-69.280	-29.762	GA-Building.GA-MerchantTent03_Pf0.GA-MerchantTent03_Pf0_Arc2.StaticMeshComponent0
Harset-ffff0000	StaticMeshActor	GA-Props:GA-StreetLamp_Single00	10.640	-65.920	-56.160	GA-Props.GA-StreetLamp_Single00_Pf0.GA-StreetLamp_Single00_Pf0_Arc3.StaticMeshComponent0
Harset-ffff0000	StaticMeshActor	Env-DD:DD-Palm01	95.040	-60.326	-25.760	Env-DD.DD-Palm01_Pf0.DD-Palm01_Pf0_Arc1.StaticMeshComponent0
Harset-ffff0000	StaticMeshActor	Env-DD:DD-Palm01	54.400	-69.280	-50.720	Env-DD.DD-Palm01_Pf0.DD-Palm01_Pf0_Arc1.StaticMeshComponent0
Harset-ffff0000	StaticMeshActor	Env-DD:DD-Palm01	17.592	-69.720	-71.520	Env-DD.DD-Palm01_Pf0.DD-Palm01_Pf0_Arc1.StaticMeshComponent0
Harset-ffff0000	StaticMeshActor	Env-DD:DD-Palm01	17.760	-69.580	-96.960	Env-DD.DD-Palm01_Pf0.DD-Palm01_Pf0_Arc1.StaticMeshComponent0
Harset-ffff0000	StaticMeshActor	Env-DD:DD-Palm01	19.380	-69.420	-2.320	Env-DD.DD-Palm01_Pf0.DD-Palm01_Pf0_Arc1.StaticMeshComponent0
Harset-ffff0000	StaticMeshActor	Env-DD:DD-Palm02	98.480	-60.812	-57.360	Env-DD.DD-Palm02_Pf0.DD-Palm02_Pf0_Arc1.StaticMeshComponent0
Harset-ffff0000	StaticMeshActor	GA-Props:GA-Awning_Door00	13.665	-67.840	-55.156	GA-Props.GA-Awning_Door00_Pf0.GA-Awning_Door00_Pf0_Arc2.StaticMeshComponent0
Harset-ffff0000	StaticMeshActor	Env-DD:DD-Palm03	69.280	-60.160	-73.920	Env-DD.DD-Palm03_Pf0.DD-Palm03_Pf0_Arc1.StaticMeshComponent0
Harset-ffff0000	StaticMeshActor	Env-DD:DD-Palm05	98.400	-60.636	-32.280	Env-DD.DD-Palm05_Pf0.DD-Palm05_Pf0_Arc1.StaticMeshComponent0
Harset-ffff0000	StaticMeshActor	Env-DD:DD-Palm07	51.840	-69.280	-46.400	Env-DD.DD-Palm07_Pf0.DD-Palm07_Pf0_Arc1.StaticMeshComponent0
Harset-ffff0000	StaticMeshActor	Env-DD:DD-Palm07	53.579	-60.485	-11.095	Env-DD.DD-Palm07_Pf0.DD-Palm07_Pf0_Arc1.StaticMeshComponent0
Harset-ffff0000	StaticMeshActor	Env-DD:DD-Palm07	85.619	-60.485	-92.399	Env-DD.DD-Palm07_Pf0.DD-Palm07_Pf0_Arc1.StaticMeshComponent0
Harset-ffff0000	StaticMeshActor	Env-DD:DD-PalmBush00	84.320	-60.160	-91.520	Env-DD.DD-PalmBush00_Pf0.DD-PalmBush00_Pf0_Arc1.StaticMeshComponent0
Harset-ffff0000	StaticMeshActor	Env-DD:DD-PalmBush00	55.080	-69.380	-77.120	Env-DD.DD-PalmBush00_Pf0.DD-PalmBush00_Pf0_Arc1.StaticMeshComponent0
Harset-ffff0000	StaticMeshActor	Env-DD:DD-PalmBush01	96.520	-60.323	-28.440	Env-DD.DD-PalmBush01_Pf0.DD-PalmBush01_Pf0_Arc1.StaticMeshComponent0
Harset-ffff0000	StaticMeshActor	Env-DD:DD-PalmBush02	75.190	-60.160	-83.630	Env-DD.DD-PalmBush02_Pf0.DD-PalmBush02_Pf0_Arc1.StaticMeshComponent0
Harset-ffff0000	StaticMeshActor	GA-Props:GA-StreetLamp_Single00	10.640	-65.920	-46.000	GA-Props.GA-StreetLamp_Single00_Pf0.GA-StreetLamp_Single00_Pf0_Arc3.StaticMeshComponent0
Harset-ffff0000	StaticMeshActor	JF-Buildings:JF-Tent03	53.091	-69.470	-69.381	JF-Buildings.JF-Tent03_Pf0.JF-Tent03_Pf0_Arc1.StaticMeshComponent0
Harset-ffff0000	StaticMeshActor	JF-Props:JF-Torch00	65.000	-60.160	-53.800	JF-Props.JF-Torch00_Pf0.JF-Torch00_Pf0_Arc1.StaticMeshComponent0
Harset-ffff0000	StaticMeshActor	GA-Props:GA-StreetLamp_Single00	10.640	-65.920	-35.760	GA-Props.GA-StreetLamp_Single00_Pf0.GA-StreetLamp_Single00_Pf0_Arc3.StaticMeshComponent0
Harset-ffff0000	StaticMeshActor	Env-DD:DD-Palm07	65.120	-60.285	-1.040	Env-DD.DD-Palm07_Pf0.DD-Palm07_Pf0_Arc1.StaticMeshComponent0
Harset-ffff0000	StaticMeshActor	JF-Props:JF-Torch00	65.080	-60.200	-70.450	JF-Props.JF-Torch00_Pf0.JF-Torch00_Pf0_Arc1.StaticMeshComponent0
Harset-ffff0000	StaticMeshActor	GA-Props:GA-StreetLamp_Single00	10.640	-65.920	-25.520	GA-Props.GA-StreetLamp_Single00_Pf0.GA-StreetLamp_Single00_Pf0_Arc3.StaticMeshComponent0
Harset-ffff0000	StaticMeshActor	GA-Props:GA-StreetLamp_Single00	10.640	-65.920	-15.280	GA-Props.GA-StreetLamp_Single00_Pf0.GA-StreetLamp_Single00_Pf0_Arc3.StaticMeshComponent0
Harset-ffff0001	StaticMeshActor	Em-Props:EM-StandingLight04	137.520	-31.271	-62.262	Em-Props.EM-StandingLight04_Pf0.EM-StandingLight04_Pf0_Arc0.StaticMeshComponent0
Harset-ffff0001	StaticMeshActor	EM_Earth_Military:EM-Portapot00	198.237	-41.234	-19.497	EM_Earth_Military.EM-Portapot00_Pf0.EM-Portapot00_Pf0_Arc1.StaticMeshComponent0
Harset-ffff0001	StaticMeshActor	GA-Props:GA-StreetLamp00	103.569	-60.190	-82.644	GA-Props.GA-StreetLamp00_Pf0.GA-StreetLamp00_Pf0_Arc1.StaticMeshComponent0
Harset-ffff0001	StaticMeshActor	Em-Props:EM-StandingLight04	126.461	-27.411	-46.151	Em-Props.EM-StandingLight04_Pf0.EM-StandingLight04_Pf0_Arc0.StaticMeshComponent0
Harset-ffff0001	StaticMeshActor	Em-Props:EM-StandingLight01	138.765	-41.205	-44.935	Em-Props.EM-StandingLight01_Pf0.EM-StandingLight01_Pf0_Arc0.StaticMeshComponent0
Harset-ffff0001	StaticMeshActor	GA-Props:GA-StreetLamp00	101.966	-60.360	-12.451	GA-Props.GA-StreetLamp00_Pf0.GA-StreetLamp00_Pf0_Arc1.StaticMeshComponent0
Harset-ffff0001	StaticMeshActor	Em-Props:EM-StandingLight04	142.115	-31.250	-68.527	Em-Props.EM-StandingLight04_Pf0.EM-StandingLight04_Pf0_Arc0.StaticMeshComponent0
Harset-ffff0001	StaticMeshActor	Em-Props:EM-StandingLight04	122.855	-27.410	-48.088	Em-Props.EM-StandingLight04_Pf0.EM-StandingLight04_Pf0_Arc0.StaticMeshComponent0
Harset-ffff0001	StaticMeshActor	Em-Props:EM-StandingLight04	131.114	-27.410	-39.829	Em-Props.EM-StandingLight04_Pf0.EM-StandingLight04_Pf0_Arc0.StaticMeshComponent0
Harset-ffff0001	StaticMeshActor	GA-Props:GA-Bank00	178.260	-41.180	-30.050	GA-Props.GA-Bank00_Pf0.GA-Bank00_Pf0_Arc1.StaticMeshComponent0
Harset-ffff0001	StaticMeshActor	EM_Earth_Military:EM-Tent_small00	116.244	-60.260	-19.878	EM_Earth_Military.EM-Tent_small00_Pf0.EM-Tent_small00_Pf0_Arc3.StaticMeshComponent0
Harset-ffff0001	StaticMeshActor	EM-Cover:EM-Cover_Guardpost_Med01	154.127	-40.800	-57.350	EM-Cover.EM-Cover_Guardpost_Med01_Pf0.EM-Cover_Guardpost_Med01_Pf0_Arc1.StaticMeshComponent0
Harset-ffff0001	StaticMeshActor	EM_Earth_Military:EM-Tent_large00	141.665	-41.120	-35.492	EM_Earth_Military.EM-Tent_large00_Pf1.EM-Tent_large00_Pf1_Arc2.StaticMeshComponent0
Harset-ffff0001	StaticMeshActor	GA-Building:GA-MerchantTent01	123.292	-60.320	-20.660	GA-Building.GA-MerchantTent01_Pf0.GA-MerchantTent01_Pf0_Arc2.StaticMeshComponent0
Harset-ffff0001	StaticMeshActor	EM_Earth_Military:EM-Tent_large01	129.560	-60.220	-12.220	EM_Earth_Military.EM-Tent_large01_Pf0.EM-Tent_large01_Pf0_Arc2.StaticMeshComponent0
Harset-ffff0001	StaticMeshActor	GA-Props:GA-StreetLamp00	116.409	-60.150	-96.484	GA-Props.GA-StreetLamp00_Pf0.GA-StreetLamp00_Pf0_Arc1.StaticMeshComponent0
Harset-ffff0001	StaticMeshActor	Env-DD:DD-Palm01	104.880	-60.320	-13.200	Env-DD.DD-Palm01_Pf0.DD-Palm01_Pf0_Arc1.StaticMeshComponent0
Harset-ffff0001	StaticMeshActor	GA-Building:GA-MerchantTent02	110.843	-60.370	-15.015	GA-Building.GA-MerchantTent02_Pf0.GA-MerchantTent02_Pf0_Arc2.StaticMeshComponent0
Harset-ffff0001	StaticMeshActor	EM_Earth_Military:EM-Tent_med00	164.439	-41.222	-37.927	EM_Earth_Military.EM-Tent_med00_Pf0.EM-Tent_med00_Pf0_Arc3.StaticMeshComponent0
Harset-ffff0001	StaticMeshActor	Em-Props:EM-StandingLight04	134.422	-31.250	-60.834	Em-Props.EM-StandingLight04_Pf0.EM-StandingLight04_Pf0_Arc0.StaticMeshComponent0
Harset-ffff0001	StaticMeshActor	Em-Props:EM-ViewScreen02	166.503	-40.192	-36.681	Em-Props.EM-ViewScreen02_Pf0.EM-ViewScreen02_Pf0_Arc1.StaticMeshComponent0
Harset-ffff0001	StaticMeshActor	Em-Props:EM-ViewScreen02	165.438	-40.202	-36.780	Em-Props.EM-ViewScreen02_Pf0.EM-ViewScreen02_Pf0_Arc1.StaticMeshComponent0
Harset-ffff0001	StaticMeshActor	Em-Props:EM-ViewScreen02	153.645	-40.120	-61.033	Em-Props.EM-ViewScreen02_Pf0.EM-ViewScreen02_Pf0_Arc1.StaticMeshComponent0
Harset-ffff0001	StaticMeshActor	Em-Props:EM-ViewScreen02	153.200	-40.130	-60.160	Em-Props.EM-ViewScreen02_Pf0.EM-ViewScreen02_Pf0_Arc1.StaticMeshComponent0
Harset-ffff0001	StaticMeshActor	EM_Earth_Military:EM-Tent_med00	158.688	-41.180	-44.621	EM_Earth_Military.EM-Tent_med00_Pf0.EM-Tent_med00_Pf0_Arc3.StaticMeshComponent0
Harset-ffff0001	StaticMeshActor	Em-Props:EM-CanLight00	189.480	-33.190	-5.020	Em-Props.EM-CanLight00_Pf0.EM-CanLight00_Pf0_Arc1.StaticMeshComponent0
Harset-ffff0001	StaticMeshActor	Em-Props:EM-CanLight00	189.480	-33.190	-7.080	Em-Props.EM-CanLight00_Pf0.EM-CanLight00_Pf0_Arc1.StaticMeshComponent0
Harset-ffff0001	StaticMeshActor	Em-Props:EM-CanLight00	189.480	-33.190	-11.120	Em-Props.EM-CanLight00_Pf0.EM-CanLight00_Pf0_Arc1.StaticMeshComponent0
Harset-ffff0001	StaticMeshActor	Em-Props:EM-CanLight00	189.480	-33.190	-9.060	Em-Props.EM-CanLight00_Pf0.EM-CanLight00_Pf0_Arc1.StaticMeshComponent0
Harset-ffff0001	StaticMeshActor	Em-Props:EM-CanLight00	189.480	-33.190	-13.150	Em-Props.EM-CanLight00_Pf0.EM-CanLight00_Pf0_Arc1.StaticMeshComponent0
Harset-ffff0001	StaticMeshActor	Env-DD:DD-Palm03	107.040	-59.560	-36.160	Env-DD.DD-Palm03_Pf0.DD-Palm03_Pf0_Arc1.StaticMeshComponent0
Harset-ffff0001	StaticMeshActor	Env-DD:DD-Palm04	119.400	-60.240	-99.440	Env-DD.DD-Palm04_Pf0.DD-Palm04_Pf0_Arc1.StaticMeshComponent0
Harset-ffff0001	StaticMeshActor	Em-Props:EM-WallLight01	200.840	-32.080	-6.480	Em-Props.EM-WallLight01_Pf0.EM-WallLight01_Pf0_Arc2.StaticMeshComponent0
Harset-ffff0001	StaticMeshActor	EM_Earth_Military:EM-Tent_med00	154.240	-41.120	-21.920	EM_Earth_Military.EM-Tent_med00_Pf0.EM-Tent_med00_Pf0_Arc3.StaticMeshComponent0
Harset-ffff0001	StaticMeshActor	EM_Earth_Military:EM-Tent_med00	154.240	-41.120	-13.640	EM_Earth_Military.EM-Tent_med00_Pf0.EM-Tent_med00_Pf0_Arc3.StaticMeshComponent0
Harset-ffff0001	StaticMeshActor	Env-DD:DD-PalmBush02	104.800	-60.557	-77.120	Env-DD.DD-PalmBush02_Pf0.DD-PalmBush02_Pf0_Arc1.StaticMeshComponent0
Harset-ffff0001	StaticMeshActor	EM_Earth_Military:EM-Tent_med00	154.183	-41.120	-6.065	EM_Earth_Military.EM-Tent_med00_Pf0.EM-Tent_med00_Pf0_Arc3.StaticMeshComponent0
Harset-ffff0001	StaticMeshActor	CA-Arch:CA-Courtyard_Str00	177.532	-41.180	-29.180	CA-Arch.CA-Courtyard_Str00_Pf0.CA-Courtyard_Str00_Pf0_Arc4.StaticMeshComponent0
Harset-ffff0002	StaticMeshActor	GA-Interior:GA-large_doorway_close_a_00	258.200	-69.160	-28.120	GA-Interior.GA-large_doorway_close_a_00_Pf0.GA-large_doorway_close_a_00_Pf0_Arc1.StaticMeshComponent0
Harset-ffff0002	StaticMeshActor	GA-Interior:GA-large_doorway_close_a_00	207.000	-69.160	-28.120	GA-Interior.GA-large_doorway_close_a_00_Pf0.GA-large_doorway_close_a_00_Pf0_Arc1.StaticMeshComponent0
Harset-ffff0002	StaticMeshActor	GA-Interior:GA-large_doorway_open_a_00	232.600	-69.160	-12.760	GA-Interior.GA-large_doorway_open_a_00_Pf0.GA-large_doorway_open_a_00_Pf0_Arc1.StaticMeshComponent0
Harset-ffff0002	StaticMeshActor	Em-Props:EM-SecurityCam01_Arm	212.559	-63.680	-19.813	Em-Props.EM-SecurityCam00_Pf0.EM-SecurityCam00_Pf0_Arc1.StaticMeshComponent0
Harset-ffff0002	StaticMeshActor	Em-Props:EM-SecurityCam01_Arm	212.559	-63.680	-36.333	Em-Props.EM-SecurityCam00_Pf0.EM-SecurityCam00_Pf0_Arc1.StaticMeshComponent0
Harset-ffff0002	StaticMeshActor	EM_Earth_Military:EM-Portapot00	208.437	-41.152	-19.435	EM_Earth_Military.EM-Portapot00_Pf0.EM-Portapot00_Pf0_Arc1.StaticMeshComponent0
Harset-ffff0002	StaticMeshActor	GA-Interior:GA-large_doorway_open_a_00	232.600	-69.160	-5.080	GA-Interior.GA-large_doorway_open_a_00_Pf0.GA-large_doorway_open_a_00_Pf0_Arc1.StaticMeshComponent0
Harset-ffff0002	StaticMeshActor	EM-Buildings:EM-Bunker00	202.080	-41.200	-9.040	EM-Buildings.EM-Bunker00_Pf0.EM-Bunker00_Pf0_Arc0.StaticMeshComponent0
Harset-ffff0002	StaticMeshActor	Em-Props:EM-WallLight01	200.800	-32.080	-13.480	Em-Props.EM-WallLight01_Pf0.EM-WallLight01_Pf0_Arc2.StaticMeshComponent0
Harset-fffffffd	StaticMeshActor	GA-Props:GA-Torch00	-239.460	-69.120	-1.060	GA-Props.GA-Torch00_Pf1.GA-Torch00_Pf1_Arc1.StaticMeshComponent0
Harset-fffffffd	StaticMeshActor	GA-Props:GA-Torch00	-228.200	-69.120	-0.280	GA-Props.GA-Torch00_Pf1.GA-Torch00_Pf1_Arc1.StaticMeshComponent0
Harset-fffffffd	StaticMeshActor	JF-Props:JF-Torch00	-206.245	-41.343	-14.760	JF-Props.JF-Torch00_Pf0.JF-Torch00_Pf0_Arc1.StaticMeshComponent0
Harset-fffffffe	StaticMeshActor	JF-Props:JF-Torch00	-190.863	-41.220	-16.963	JF-Props.JF-Torch00_Pf0.JF-Torch00_Pf0_Arc1.StaticMeshComponent0
Harset-fffffffe	StaticMeshActor	JF-Props:JF-Torch00	-198.328	-41.323	-15.678	JF-Props.JF-Torch00_Pf0.JF-Torch00_Pf0_Arc1.StaticMeshComponent0
Harset-fffffffe	StaticMeshActor	SGW_fluids:TOL-FluidPlaneCircle_Flat00	-176.615	-40.840	-4.957	JF-Props.JF-Brazier01_Pf0.JF-Brazier01_Pf0_Arc0.StaticMeshComponent0
Harset-fffffffe	StaticMeshActor	Env-DD:DD-Palm02	-115.440	-60.360	-2.240	Env-DD.DD-Palm02_Pf0.DD-Palm02_Pf0_Arc1.StaticMeshComponent0
Harset-fffffffe	StaticMeshActor	Env-DD:DD-Palm02	-111.360	-60.360	-70.480	Env-DD.DD-Palm02_Pf0.DD-Palm02_Pf0_Arc1.StaticMeshComponent0
Harset-fffffffe	StaticMeshActor	Env-DD:DD-Palm02	-108.751	-60.677	-35.929	Env-DD.DD-Palm02_Pf0.DD-Palm02_Pf0_Arc1.StaticMeshComponent0
Harset-fffffffe	StaticMeshActor	JF-Buildings:JF-MilitaryTent00	-202.150	-41.380	-12.394	JF-Buildings.JF-MilitaryTent00_Pf0.JF-MilitaryTent00_Pf0_Arc5.StaticMeshComponent0
Harset-fffffffe	StaticMeshActor	Env-DD:DD-Palm04	-106.960	-60.479	-73.092	Env-DD.DD-Palm04_Pf0.DD-Palm04_Pf0_Arc1.StaticMeshComponent0
Harset-fffffffe	StaticMeshActor	SGW_fluids:TOL-FluidPlaneCircle_Flat00	-176.615	-41.010	-4.957	JF-Props.JF-Brazier01_Pf0.JF-Brazier01_Pf0_Arc1.StaticMeshComponent0
Harset-fffffffe	StaticMeshActor	Env-DD:DD-Palm07	-111.600	-60.360	-3.720	Env-DD.DD-Palm07_Pf0.DD-Palm07_Pf0_Arc1.StaticMeshComponent0
Harset-fffffffe	StaticMeshActor	Env-DD:DD-PalmBush01	-114.600	-60.360	-0.360	Env-DD.DD-PalmBush01_Pf0.DD-PalmBush01_Pf0_Arc1.StaticMeshComponent0
Harset-fffffffe	StaticMeshActor	SGW_fluids:TOL-FluidPlaneCircle_Flat00	-176.618	-38.530	-4.967	JF-Props.JF-Brazier01_Pf0.JF-Brazier01_Pf0_Arc2.StaticMeshComponent0
Harset-fffffffe	StaticMeshActor	JF-Props:JF-Brazier01	-176.620	-41.410	-4.930	JF-Props.JF-Brazier01_Pf0.JF-Brazier01_Pf0_Arc12.StaticMeshComponent0
Harset-fffffffe	StaticMeshActor	GA-Props:GA-StreetLamp00	-118.000	-60.300	-96.097	GA-Props.GA-StreetLamp00_Pf0.GA-StreetLamp00_Pf0_Arc1.StaticMeshComponent0
Harset-fffffffe	StaticMeshActor	GA-Building:GA-MerchantTent00	-178.135	-41.290	-43.426	GA-Building.GA-MerchantTent00_Pf0.GA-MerchantTent00_Pf0_Arc2.StaticMeshComponent0
Harset-fffffffe	StaticMeshActor	JF-Props:JF-BrazierCenter01	-130.000	-39.040	-36.240	JF-Props.JF-BrazierCenter01_Pf0.JF-BrazierCenter01_Pf0_Arc0.StaticMeshComponent0
Harset-fffffffe	StaticMeshActor	SGW_fluids:TOL-FluidPlaneCircle_Flat00	-130.020	-36.250	-36.220	JF-Props.JF-BrazierCenter01_Pf0.JF-BrazierCenter01_Pf0_Arc1.StaticMeshComponent0
Harset-fffffffe	StaticMeshActor	JF-Props:JF-Torch00	-198.528	-41.353	-7.108	JF-Props.JF-Torch00_Pf0.JF-Torch00_Pf0_Arc1.StaticMeshComponent0
Harset-fffffffe	StaticMeshActor	GA-Building:GA-MerchantTent01	-165.210	-41.290	-56.650	GA-Building.GA-MerchantTent01_Pf0.GA-MerchantTent01_Pf0_Arc2.StaticMeshComponent0
Harset-fffffffe	StaticMeshActor	JF-Props:JF-BrazierCenter01	-120.720	-39.040	-46.480	JF-Props.JF-BrazierCenter01_Pf0.JF-BrazierCenter01_Pf0_Arc0.StaticMeshComponent0
Harset-fffffffe	StaticMeshActor	SGW_fluids:TOL-FluidPlaneCircle_Flat00	-120.740	-36.250	-46.460	JF-Props.JF-BrazierCenter01_Pf0.JF-BrazierCenter01_Pf0_Arc1.StaticMeshComponent0
Harset-fffffffe	StaticMeshActor	GA-Props:GA-StreetLamp00	-103.266	-60.300	-11.877	GA-Props.GA-StreetLamp00_Pf0.GA-StreetLamp00_Pf0_Arc1.StaticMeshComponent0
Harset-fffffffe	StaticMeshActor	GA-Props:GA-StreetLamp00	-103.782	-60.300	-82.295	GA-Props.GA-StreetLamp00_Pf0.GA-StreetLamp00_Pf0_Arc1.StaticMeshComponent0
Harset-fffffffe	StaticMeshActor	JF-Buildings:JF-Tent00	-173.607	-41.280	-51.174	JF-Buildings.JF-Tent00_Pf0.JF-Tent00_Pf0_Arc3.StaticMeshComponent0
Harset-fffffffe	StaticMeshActor	JF-Buildings:JF-Tent00	-161.272	-41.280	-63.880	JF-Buildings.JF-Tent00_Pf0.JF-Tent00_Pf0_Arc3.StaticMeshComponent0
Harset-fffffffe	StaticMeshActor	JF-Buildings:JF-Tent00	-147.565	-41.290	-30.810	JF-Buildings.JF-Tent00_Pf0.JF-Tent00_Pf0_Arc3.StaticMeshComponent0
Harset-fffffffe	StaticMeshActor	JF-Buildings:JF-Tent01	-158.632	-41.125	-2.620	JF-Buildings.JF-Tent01_Pf0.JF-Tent01_Pf0_Arc3.StaticMeshComponent0
Harset-fffffffe	StaticMeshActor	JF-Buildings:JF-Tent01	-143.115	-41.280	-34.204	JF-Buildings.JF-Tent01_Pf0.JF-Tent01_Pf0_Arc3.StaticMeshComponent0
Harset-fffffffe	StaticMeshActor	JF-Buildings:JF-Tent01_Awaning_01	-139.651	-41.290	-40.308	JF-Buildings.JF-Tent01_Awaning_01_Pf0.JF-TentAwning01_Pf0_Arc1.StaticMeshComponent0
Harset-fffffffe	StaticMeshActor	JF-Props:JF-BrazierCenter01	-124.040	-39.040	-59.440	JF-Props.JF-BrazierCenter01_Pf0.JF-BrazierCenter01_Pf0_Arc0.StaticMeshComponent0
Harset-fffffffe	StaticMeshActor	JF-Buildings:JF-Tent02	-156.057	-41.120	-29.370	JF-Buildings.JF-Tent02_Pf0.JF-Tent02_Pf0_Arc1.StaticMeshComponent0
Harset-fffffffe	StaticMeshActor	GA-Building:GA-MerchantTent02	-162.336	-41.280	-53.900	GA-Building.GA-MerchantTent02_Pf0.GA-MerchantTent02_Pf0_Arc2.StaticMeshComponent0
Harset-fffffffe	StaticMeshActor	SGW_fluids:TOL-FluidPlaneCircle_Flat00	-124.060	-36.250	-59.420	JF-Props.JF-BrazierCenter01_Pf0.JF-BrazierCenter01_Pf0_Arc1.StaticMeshComponent0
Harset-fffffffe	StaticMeshActor	JF-Buildings:JF-Tent03	-182.427	-41.290	-37.543	JF-Buildings.JF-Tent03_Pf0.JF-Tent03_Pf0_Arc1.StaticMeshComponent0
Harset-fffffffe	StaticMeshActor	JF-Props:JF-BrazierCenter01	-140.800	-39.040	-77.200	JF-Props.JF-BrazierCenter01_Pf0.JF-BrazierCenter01_Pf0_Arc0.StaticMeshComponent0
Harset-fffffffe	StaticMeshActor	SGW_fluids:TOL-FluidPlaneCircle_Flat00	-140.820	-36.250	-77.180	JF-Props.JF-BrazierCenter01_Pf0.JF-BrazierCenter01_Pf0_Arc1.StaticMeshComponent0
Harset-fffffffe	StaticMeshActor	JF-Props:JF-Brazier00	-160.920	-41.290	-60.530	JF-Props.JF-Brazier00_Pf0.JF-Brazier00_Pf0_Arc0.StaticMeshComponent0
Harset-fffffffe	StaticMeshActor	JF-Props:JF-Brazier00	-125.120	-60.360	-7.960	JF-Props.JF-Brazier00_Pf0.JF-Brazier00_Pf0_Arc0.StaticMeshComponent0
Harset-fffffffe	StaticMeshActor	JF-Props:JF-Brazier00	-124.320	-60.360	-14.240	JF-Props.JF-Brazier00_Pf0.JF-Brazier00_Pf0_Arc0.StaticMeshComponent0
Harset-fffffffe	StaticMeshActor	GA-Building:GA-MerchantTent01	-194.248	-41.300	-26.362	GA-Building.GA-MerchantTent01_Pf0.GA-MerchantTent01_Pf0_Arc2.StaticMeshComponent0
Harset-fffffffe	StaticMeshActor	JF-Buildings:JF-MilitaryTent00	-125.680	-60.360	-13.554	JF-Buildings.JF-MilitaryTent00_Pf0.JF-MilitaryTent00_Pf0_Arc5.StaticMeshComponent0
Harset-fffffffe	StaticMeshActor	JF-Buildings:JF-Tent02	-157.678	-41.255	-8.754	JF-Buildings.JF-Tent02_Pf0.JF-Tent02_Pf0_Arc1.StaticMeshComponent0
Harset-fffffffe	StaticMeshActor	Env-DD:DD-Palm01	-112.161	-60.440	-1.368	Env-DD.DD-Palm01_Pf0.DD-Palm01_Pf0_Arc1.StaticMeshComponent0
Harset-fffffffe	StaticMeshActor	Env-DD:DD-Palm01	-119.440	-60.440	-99.560	Env-DD.DD-Palm01_Pf0.DD-Palm01_Pf0_Arc1.StaticMeshComponent0
Harset-ffffffff	StaticMeshActor	JF-Props:JF-Torch00	-39.360	-60.320	-55.040	JF-Props.JF-Torch00_Pf0.JF-Torch00_Pf0_Arc1.StaticMeshComponent0
Harset-ffffffff	StaticMeshActor	Env-DD:DD-Palm03	-30.159	-69.440	-18.862	Env-DD.DD-Palm03_Pf0.DD-Palm03_Pf0_Arc1.StaticMeshComponent0
Harset-ffffffff	StaticMeshActor	Env-DD:DD-Palm04	-38.799	-69.520	-11.182	Env-DD.DD-Palm04_Pf0.DD-Palm04_Pf0_Arc1.StaticMeshComponent0
Harset-ffffffff	StaticMeshActor	Env-DD:DD-Palm05	-32.879	-69.600	-11.982	Env-DD.DD-Palm05_Pf0.DD-Palm05_Pf0_Arc1.StaticMeshComponent0
Harset-ffffffff	StaticMeshActor	Env-DD:DD-Palm07	-23.439	-69.360	-19.022	Env-DD.DD-Palm07_Pf0.DD-Palm07_Pf0_Arc1.StaticMeshComponent0
Harset-ffffffff	StaticMeshActor	Env-DD:DD-Palm07	-40.887	-70.160	-4.570	Env-DD.DD-Palm07_Pf0.DD-Palm07_Pf0_Arc1.StaticMeshComponent0
Harset-ffffffff	StaticMeshActor	Env-DD:DD-Palm07	-21.174	-70.160	-3.591	Env-DD.DD-Palm07_Pf0.DD-Palm07_Pf0_Arc1.StaticMeshComponent0
Harset-ffffffff	StaticMeshActor	Env-DD:DD-PalmBush01	-35.119	-69.520	-9.422	Env-DD.DD-PalmBush01_Pf0.DD-PalmBush01_Pf0_Arc1.StaticMeshComponent0
Harset-ffffffff	StaticMeshActor	JF-Props:JF-Brazier00	-50.970	-69.130	-92.890	JF-Props.JF-Brazier00_Pf0.JF-Brazier00_Pf0_Arc0.StaticMeshComponent0
Harset-ffffffff	StaticMeshActor	GA-Props:GA-StreetLamp00	-96.850	-60.410	-18.637	GA-Props.GA-StreetLamp00_Pf0.GA-StreetLamp00_Pf0_Arc1.StaticMeshComponent0
Harset-ffffffff	StaticMeshActor	Em-Props:EM-StandingLight04	-93.945	-48.919	-25.127	Em-Props.EM-StandingLight04_Pf0.EM-StandingLight04_Pf0_Arc0.StaticMeshComponent0
Harset-ffffffff	StaticMeshActor	Em-Props:EM-StandingLight04	-86.251	-48.919	-32.820	Em-Props.EM-StandingLight04_Pf0.EM-StandingLight04_Pf0_Arc0.StaticMeshComponent0
Harset-ffffffff	StaticMeshActor	EM-Cover:EM-Cover_Shield_Med_I00	-88.675	-60.321	-22.749	EM-Cover.EM-Cover_Shield_Med_I00_Pf0.EM-Cover_Shield_Med_I00_Pf0_Arc2.StaticMeshComponent0
Harset-ffffffff	StaticMeshActor	EM-Cover:EM-Cover_Shield_High_V00	-82.808	-60.320	-29.009	EM-Cover.EM-Cover_Shield_High_V00_Pf0.EM-Cover_Shield_High_V00_Pf0_Arc3.StaticMeshComponent0
Harset-ffffffff	StaticMeshActor	JF-Props:JF-Brazier00	-44.070	-69.150	-91.810	JF-Props.JF-Brazier00_Pf0.JF-Brazier00_Pf0_Arc0.StaticMeshComponent0
Harset-ffffffff	StaticMeshActor	GA-Props:GA-StreetLamp_Single00	-10.951	-66.030	-15.364	GA-Props.GA-StreetLamp_Single00_Pf0.GA-StreetLamp_Single00_Pf0_Arc3.StaticMeshComponent0
Harset-ffffffff	StaticMeshActor	GA-Props:GA-StreetLamp_Single00	-10.960	-65.920	-25.600	GA-Props.GA-StreetLamp_Single00_Pf0.GA-StreetLamp_Single00_Pf0_Arc3.StaticMeshComponent0
Harset-ffffffff	StaticMeshActor	GA-Props:GA-StreetLamp_Single00	-10.960	-65.920	-46.080	GA-Props.GA-StreetLamp_Single00_Pf0.GA-StreetLamp_Single00_Pf0_Arc3.StaticMeshComponent0
Harset-ffffffff	StaticMeshActor	GA-Props:GA-StreetLamp_Single00	-10.960	-65.920	-35.840	GA-Props.GA-StreetLamp_Single00_Pf0.GA-StreetLamp_Single00_Pf0_Arc3.StaticMeshComponent0
Harset-ffffffff	StaticMeshActor	GA-Props:GA-StreetLamp_Single00	-10.960	-65.920	-86.960	GA-Props.GA-StreetLamp_Single00_Pf0.GA-StreetLamp_Single00_Pf0_Arc3.StaticMeshComponent0
Harset-ffffffff	StaticMeshActor	GA-Props:GA-StreetLamp_Single00	-10.960	-65.920	-76.720	GA-Props.GA-StreetLamp_Single00_Pf0.GA-StreetLamp_Single00_Pf0_Arc3.StaticMeshComponent0
Harset-ffffffff	StaticMeshActor	GA-Props:GA-StreetLamp_Single00	-10.960	-65.920	-66.480	GA-Props.GA-StreetLamp_Single00_Pf0.GA-StreetLamp_Single00_Pf0_Arc3.StaticMeshComponent0
Harset-ffffffff	StaticMeshActor	GA-Props:GA-StreetLamp_Single00	-10.960	-65.920	-56.240	GA-Props.GA-StreetLamp_Single00_Pf0.GA-StreetLamp_Single00_Pf0_Arc3.StaticMeshComponent0
Harset-ffffffff	StaticMeshActor	GA-Props:GA-StreetLamp_Single00	-10.960	-65.920	-97.280	GA-Props.GA-StreetLamp_Single00_Pf0.GA-StreetLamp_Single00_Pf0_Arc3.StaticMeshComponent0
Harset-ffffffff	StaticMeshActor	GA-Building:GA-Barracks01	-38.720	-60.320	-65.920	GA-Building.GA-Barracks01_Pf0.GA-Barracks01_Pf0_Arc2.StaticMeshComponent0
Harset-ffffffff	StaticMeshActor	GA-Props:GA-Torch00	-9.600	-69.160	-1.000	GA-Props.GA-Torch00_Pf1.GA-Torch00_Pf1_Arc1.StaticMeshComponent0
Harset-ffffffff	StaticMeshActor	GA-Building:GA-MerchantTent01	-53.437	-69.173	-89.818	GA-Building.GA-MerchantTent01_Pf0.GA-MerchantTent01_Pf0_Arc2.StaticMeshComponent0
Harset-ffffffff	StaticMeshActor	GA-Props:GA-StreetLamp00	-91.851	-60.470	-89.683	GA-Props.GA-StreetLamp00_Pf0.GA-StreetLamp00_Pf0_Arc1.StaticMeshComponent0
Harset-ffffffff	StaticMeshActor	GA-Building:GA-MerchantTent01	-32.817	-69.298	-90.085	GA-Building.GA-MerchantTent01_Pf0.GA-MerchantTent01_Pf0_Arc2.StaticMeshComponent0
Harset-ffffffff	StaticMeshActor	GA-Props:GA-StreetLamp00	-83.111	-60.470	-11.484	GA-Props.GA-StreetLamp00_Pf0.GA-StreetLamp00_Pf0_Arc1.StaticMeshComponent0
Harset-ffffffff	StaticMeshActor	GA-Props:GA-Torch00	-53.360	-59.200	-41.520	GA-Props.GA-Torch00_Pf1.GA-Torch00_Pf1_Arc1.StaticMeshComponent0
Harset-ffffffff	StaticMeshActor	GA-Props:GA-Torch00	-63.600	-59.200	-31.480	GA-Props.GA-Torch00_Pf1.GA-Torch00_Pf1_Arc1.StaticMeshComponent0
Harset-ffffffff	StaticMeshActor	GA-Building:GA-MerchantTent02	-63.303	-69.160	-91.237	GA-Building.GA-MerchantTent02_Pf0.GA-MerchantTent02_Pf0_Arc2.StaticMeshComponent0
Harset-ffffffff	StaticMeshActor	JF-Props:JF-Brazier00	-63.100	-69.090	-94.080	JF-Props.JF-Brazier00_Pf0.JF-Brazier00_Pf0_Arc0.StaticMeshComponent0
Harset-ffffffff	StaticMeshActor	JF-Props:JF-Brazier00	-30.570	-68.930	-98.620	JF-Props.JF-Brazier00_Pf0.JF-Brazier00_Pf0_Arc0.StaticMeshComponent0
Harset-ffffffff	StaticMeshActor	GA-Building:GA-MerchantTent02	-34.160	-60.320	-47.440	GA-Building.GA-MerchantTent02_Pf0.GA-MerchantTent02_Pf0_Arc2.StaticMeshComponent0
Harset-ffffffff	StaticMeshActor	JF-Buildings:JF-Tent03	-93.823	-60.400	-60.092	JF-Buildings.JF-Tent03_Pf0.JF-Tent03_Pf0_Arc1.StaticMeshComponent0
Harset-ffffffff	StaticMeshActor	Em-Props:EM-SecurityCam01_Arm	-95.335	-55.319	-26.678	Em-Props.EM-SecurityCam00_Pf0.EM-SecurityCam00_Pf0_Arc1.StaticMeshComponent0
Harset-ffffffff	StaticMeshActor	JF-Buildings:JF-Tent03	-83.981	-60.400	-50.249	JF-Buildings.JF-Tent03_Pf0.JF-Tent03_Pf0_Arc1.StaticMeshComponent0
Harset-ffffffff	StaticMeshActor	Em-Props:EM-SecurityCam01_Arm	-93.191	-56.199	-25.247	Em-Props.EM-SecurityCam00_Pf0.EM-SecurityCam00_Pf0_Arc1.StaticMeshComponent0
Harset-ffffffff	StaticMeshActor	EM-Cover:EM-Cover_Shield_Med_I00	-85.180	-60.321	-21.936	EM-Cover.EM-Cover_Shield_Med_I00_Pf0.EM-Cover_Shield_Med_I00_Pf0_Arc2.StaticMeshComponent0
Harset-ffffffff	StaticMeshActor	GA-Props:GA-Awning_Door01	-46.343	-60.360	-37.940	GA-Props.GA-Awning_Door01_Pf0.GA-Awning_Door01_Pf0_Arc2.StaticMeshComponent0
Harset-ffffffff	StaticMeshActor	GA-Props:GA-Awning_Door01	-59.778	-60.360	-24.505	GA-Props.GA-Awning_Door01_Pf0.GA-Awning_Door01_Pf0_Arc2.StaticMeshComponent0
Harset-ffffffff	StaticMeshActor	GA-Building:GA-MerchantTent01	-73.528	-69.311	-96.360	GA-Building.GA-MerchantTent01_Pf0.GA-MerchantTent01_Pf0_Arc2.StaticMeshComponent0
Harset-ffffffff	StaticMeshActor	GA-Building:GA-MerchantTent02	-21.699	-69.291	-92.322	GA-Building.GA-MerchantTent02_Pf0.GA-MerchantTent02_Pf0_Arc2.StaticMeshComponent0
Harset-ffffffff	StaticMeshActor	GA-Building:GA-MerchantTent03	-41.263	-69.198	-89.275	GA-Building.GA-MerchantTent03_Pf0.GA-MerchantTent03_Pf0_Arc2.StaticMeshComponent0
Harset-ffffffff	StaticMeshActor	GA-Arch:GA-Aquaducts00	-13.340	-69.323	-53.690	GA-Arch.GA-Aquaducts00_Pf0.GA-Aquaducts00_Pf0_Arc9.StaticMeshComponent0
Harset-ffffffff	StaticMeshActor	JF-Props:JF-Torch00	-51.120	-60.320	-64.880	JF-Props.JF-Torch00_Pf0.JF-Torch00_Pf0_Arc1.StaticMeshComponent0
Harset-ffffffff	StaticMeshActor	GA-Props:GA-StreetLamp_Single00	-15.720	-65.920	-15.280	GA-Props.GA-StreetLamp_Single00_Pf0.GA-StreetLamp_Single00_Pf0_Arc3.StaticMeshComponent0
Harset-ffffffff	StaticMeshActor	GA-Props:GA-StreetLamp_Single00	-15.720	-65.920	-25.520	GA-Props.GA-StreetLamp_Single00_Pf0.GA-StreetLamp_Single00_Pf0_Arc3.StaticMeshComponent0
Harset-ffffffff	StaticMeshActor	GA-Props:GA-StreetLamp_Single00	-15.720	-65.920	-35.760	GA-Props.GA-StreetLamp_Single00_Pf0.GA-StreetLamp_Single00_Pf0_Arc3.StaticMeshComponent0
Harset-ffffffff	StaticMeshActor	GA-Props:GA-StreetLamp_Single00	-15.720	-65.920	-46.000	GA-Props.GA-StreetLamp_Single00_Pf0.GA-StreetLamp_Single00_Pf0_Arc3.StaticMeshComponent0
Harset-ffffffff	StaticMeshActor	GA-Props:GA-StreetLamp_Single00	-15.720	-65.920	-56.160	GA-Props.GA-StreetLamp_Single00_Pf0.GA-StreetLamp_Single00_Pf0_Arc3.StaticMeshComponent0
Harset-ffffffff	StaticMeshActor	JF-Props:JF-Torch00	-48.880	-60.320	-71.360	JF-Props.JF-Torch00_Pf0.JF-Torch00_Pf0_Arc1.StaticMeshComponent0
Harset-ffffffff	StaticMeshActor	GA-Props:GA-StreetLamp_Single00	-15.720	-65.920	-66.400	GA-Props.GA-StreetLamp_Single00_Pf0.GA-StreetLamp_Single00_Pf0_Arc3.StaticMeshComponent0
Harset-ffffffff	StaticMeshActor	GA-Props:GA-StreetLamp_Single00	-15.720	-65.920	-76.640	GA-Props.GA-StreetLamp_Single00_Pf0.GA-StreetLamp_Single00_Pf0_Arc3.StaticMeshComponent0
Harset-ffffffff	StaticMeshActor	GA-Props:GA-StreetLamp_Single00	-15.720	-65.920	-86.880	GA-Props.GA-StreetLamp_Single00_Pf0.GA-StreetLamp_Single00_Pf0_Arc3.StaticMeshComponent0
Harset-ffffffff	StaticMeshActor	GA-Props:GA-StreetLamp_Single00	-15.720	-65.920	-97.200	GA-Props.GA-StreetLamp_Single00_Pf0.GA-StreetLamp_Single00_Pf0_Arc3.StaticMeshComponent0
Harset-ffffffff	StaticMeshActor	JF-Props:JF-Torch00	-45.840	-60.320	-56.880	JF-Props.JF-Torch00_Pf0.JF-Torch00_Pf0_Arc1.StaticMeshComponent0
