chunk	actor	export	mesh	ue3_x	ue3_y	ue3_z	bw_x	bw_y	bw_z	verdict	rule	evidence
Agnos-0002fff7	InterpActor_0	5	HB-Humvee_02	28227	-89293	386	-892.93	3.86	282.27	include	matinee:rest-anchored rise=6cm	matinee humvee#17 [Move(5 keys)]; ref SeqAct_PlaySound[Target]
Agnos-fffafffb	InterpActor_1	7	HB-Humvee_02	-57318	-44807	209	-448.07	2.09	-573.18	include	matinee:rest-anchored rise=6cm	matinee humvee#30 [Move(5 keys)]; ref SeqAct_PlaySound[Target]
Beta_Site_Evo_1-00020006	InterpActor_0	281	EM-SecurityCam01_Top	28047	66419	-7442	664.19	-74.42	280.47	exclude	name:camera-head	matinee Cam#851 [Move(5 keys)]; ref SeqAct_PlaySound[Target]
Beta_Site_Evo_1-00020006	InterpActor_1	282	EM-SecurityCam01_Top	20813	65067	-5926	650.67	-59.26	208.13	exclude	name:camera-head	matinee Cam#852 [Move(5 keys)]; ref SeqAct_PlaySound[Target]
Beta_Site_Evo_1-00020006	InterpActor_2	283	EM-SecurityCam01_Top	20799	65573	-6336	655.73	-63.36	207.99	exclude	name:camera-head	matinee Cam#853 [Move(5 keys)]; ref SeqAct_PlaySound[Target]
Beta_Site_Evo_1-00020006	InterpActor_3	284	EM-SecurityCam01_Top	20771	60389	-5926	603.89	-59.26	207.71	exclude	name:camera-head	matinee Cam#854 [Move(5 keys)]; ref SeqAct_PlaySound[Target]
Beta_Site_Evo_1-00020006	InterpActor_4	285	EM-SecurityCam01_Top	29312	60125	-8244	601.25	-82.44	293.12	exclude	name:camera-head	matinee Cam#855 [Move(5 keys)]; ref SeqAct_PlaySound[Target]
Beta_Site_Evo_1-00020006	InterpActor_5	286	EM-SecurityCam01_Top	29001	61840	-7442	618.40	-74.42	290.01	exclude	name:camera-head	matinee Cam#850 [Move(5 keys)]; ref SeqAct_PlaySound[Target]
Beta_Site_Evo_1-00020009	InterpActor_10	268	EM-SecurityCam01_Top	28358	96473	2120	964.73	21.20	283.58	exclude	name:camera-head	matinee Cam#726 [Move(5 keys)]; ref SeqAct_PlaySound[Target]
Beta_Site_Evo_1-00020009	InterpActor_11	269	EM-SecurityCam01_Top	28308	97492	1954	974.92	19.54	283.08	exclude	name:camera-head	matinee Cam#724 [Move(5 keys)]; ref SeqAct_PlaySound[Target]
Beta_Site_Evo_1-00020009	InterpActor_5	270	EM-SecurityCam01_Top	28026	97320	2169	973.20	21.69	280.26	exclude	name:camera-head	matinee Cam#725 [Move(5 keys)]; ref SeqAct_PlaySound[Target]
Beta_Site_Evo_1-0002000a	InterpActor_1	155	EM-SecurityCam01_Top	27678	101217	1798	1012.17	17.98	276.78	exclude	name:camera-head	matinee Cam#399 [Move(5 keys)]; ref SeqAct_PlaySound[Target]
Beta_Site_Evo_1-0002fff8	InterpActor_3	412	EM-SecurityCam01_Top	28033	-76353	1032	-763.53	10.32	280.33	exclude	name:camera-head	matinee Cam#1222 [Move(5 keys)]; ref SeqAct_PlaySound[Target]
Beta_Site_Evo_1-0002fff8	InterpActor_4	413	EM-SecurityCam01_Top	28033	-77500	1032	-775.00	10.32	280.33	exclude	name:camera-head	matinee Cam#1223 [Move(5 keys)]; ref SeqAct_PlaySound[Target]
Beta_Site_Evo_1-0002fff8	InterpActor_5	414	EM-SecurityCam01_Top	25366	-73167	963	-731.67	9.63	253.66	exclude	name:camera-head	matinee Cam#1221 [Move(5 keys)]; ref SeqAct_PlaySound[Target]
Beta_Site_Evo_1-00030006	InterpActor_0	136	EM-SecurityCam01_Top	38067	65444	-5523	654.44	-55.23	380.67	exclude	name:camera-head	matinee Cam#308 [Move(5 keys)]; ref SeqAct_PlaySound[Target]
Beta_Site_Evo_1-00030009	InterpActor_4	234	EM-Antenna00	36418	93752	-190	937.52	-1.90	364.18	exclude	matinee:rotates 45deg	matinee RadarTower#502 [Move(5 keys)]; ref SeqAct_PlaySound[Target]
Beta_Site_Evo_1-00030009	InterpActor_6	235	EM-SecurityCam01_Top	36793	93388	-224	933.88	-2.24	367.93	exclude	name:camera-head	matinee Cam#503 [Move(5 keys)]; ref SeqAct_PlaySound[Target]
Beta_Site_Evo_1-0003000a	InterpActor_2	220	EM-SecurityCam01_Top	36942	102324	1158	1023.24	11.58	369.42	exclude	name:camera-head	matinee Cam#656 [Move(5 keys)]; ref SeqAct_PlaySound[Target]
Beta_Site_Evo_1-0003000a	InterpActor_3	221	EM-SecurityCam01_Top	35777	105002	1158	1050.02	11.58	357.77	exclude	name:camera-head	matinee Cam#657 [Move(5 keys)]; ref SeqAct_PlaySound[Target]
Beta_Site_Evo_1-0003000a	InterpActor_4	222	EM-SecurityCam01_Top	30619	104107	1656	1041.07	16.56	306.19	exclude	name:camera-head	matinee Cam#654 [Move(5 keys)]; ref SeqAct_PlaySound[Target]
Beta_Site_Evo_1-0003000a	InterpActor_7	223	EM-SecurityCam01_Top	30159	104096	1742	1040.96	17.42	301.59	exclude	name:camera-head	matinee Cam#655 [Move(5 keys)]; ref SeqAct_PlaySound[Target]
Beta_Site_Evo_1-00040001	InterpActor_5	227	GLB-RingTransporter00	40304	14920	832	149.20	8.32	403.04	include	matinee:rest-anchored rise=74cm	matinee ring1#667 [Move(7 keys)]
Beta_Site_Evo_1-00040001	InterpActor_6	228	GLB-RingTransporter00	40304	14920	828	149.20	8.28	403.04	include	matinee:rest-anchored rise=138cm	matinee ring2#667 [Move(7 keys)]
Beta_Site_Evo_1-00040001	InterpActor_7	229	GLB-RingTransporter00	40304	14920	828	149.20	8.28	403.04	include	matinee:rest-anchored rise=202cm	matinee ring3#667 [Move(7 keys)]
Beta_Site_Evo_1-00040001	InterpActor_8	230	GLB-RingTransporter00	40304	14920	828	149.20	8.28	403.04	include	matinee:rest-anchored rise=266cm	matinee ring4#667 [Move(7 keys)]
Beta_Site_Evo_1-00040001	InterpActor_9	231	GLB-RingTransporter00	40304	14920	828	149.20	8.28	403.04	include	matinee:rest-anchored rise=330cm	matinee ring5#667 [Move(7 keys)]
Beta_Site_Evo_1-00040008	InterpActor_5	89	GLB-RingTransporter00	42280	84622	-4444	846.22	-44.44	422.80	include	matinee:rest-anchored rise=74cm	matinee ring1#236 [Move(7 keys)]
Beta_Site_Evo_1-00040008	InterpActor_6	90	GLB-RingTransporter00	42280	84622	-4448	846.22	-44.48	422.80	include	matinee:rest-anchored rise=138cm	matinee ring2#236 [Move(7 keys)]
Beta_Site_Evo_1-00040008	InterpActor_7	91	GLB-RingTransporter00	42280	84622	-4448	846.22	-44.48	422.80	include	matinee:rest-anchored rise=202cm	matinee ring3#236 [Move(7 keys)]
Beta_Site_Evo_1-00040008	InterpActor_8	92	GLB-RingTransporter00	42280	84622	-4448	846.22	-44.48	422.80	include	matinee:rest-anchored rise=266cm	matinee ring4#236 [Move(7 keys)]
Beta_Site_Evo_1-00040008	InterpActor_9	93	GLB-RingTransporter00	42280	84622	-4448	846.22	-44.48	422.80	include	matinee:rest-anchored rise=330cm	matinee ring5#236 [Move(7 keys)]
Beta_Site_Evo_1-00040009	InterpActor_0	285	EM-SecurityCam01_Top	47881	97895	1631	978.95	16.31	478.81	exclude	name:camera-head	matinee Cam#701 [Move(5 keys)]; ref SeqAct_PlaySound[Target]
Beta_Site_Evo_1-00040009	InterpActor_1	286	EM-SecurityCam01_Top	43040	93143	-224	931.43	-2.24	430.40	exclude	name:camera-head	matinee Cam#702 [Move(5 keys)]; ref SeqAct_PlaySound[Target]
Beta_Site_Evo_1-00040009	InterpActor_12	287	EM-SecurityCam01_Top	48937	98318	1757	983.18	17.57	489.37	exclude	name:camera-head	matinee Cam#703 [Move(5 keys)]; ref SeqAct_PlaySound[Target]
Beta_Site_Evo_1-00040009	InterpActor_13	288	EM-SecurityCam01_Top	49222	99728	2094	997.28	20.94	492.22	exclude	name:camera-head	matinee Cam#700 [Move(5 keys)]; ref SeqAct_PlaySound[Target]
Beta_Site_Evo_1-00040009	InterpActor_4	289	EM-Antenna00	48716	98564	3224	985.64	32.24	487.16	exclude	matinee:rotates 45deg	matinee RadarTower#699 [Move(5 keys)]; ref SeqAct_PlaySound[Target]
Beta_Site_Evo_1-0004000a	InterpActor_16	164	EM-SecurityCam01_Top	47662	103437	2083	1034.37	20.83	476.62	exclude	name:camera-head	matinee Cam#530 [Move(5 keys)]; ref SeqAct_PlaySound[Target]
Beta_Site_Evo_1-0004000a	InterpActor_17	165	EM-SecurityCam01_Top	47690	103606	2094	1036.06	20.94	476.90	exclude	name:camera-head	matinee Cam#526 [Move(5 keys)]; ref SeqAct_PlaySound[Target]
Beta_Site_Evo_1-0004000a	InterpActor_5	166	EM-SecurityCam01_Top	43263	102325	1159	1023.25	11.59	432.63	exclude	name:camera-head	matinee Cam#527 [Move(5 keys)]; ref SeqAct_PlaySound[Target]
Beta_Site_Evo_1-0004000a	InterpActor_6	167	EM-SecurityCam01_Top	42098	105004	1159	1050.04	11.59	420.98	exclude	name:camera-head	matinee Cam#528 [Move(5 keys)]; ref SeqAct_PlaySound[Target]
Beta_Site_Evo_1-0004000a	InterpActor_7	168	EM-SecurityCam01_Top	49517	104444	2006	1044.44	20.06	495.17	exclude	name:camera-head	matinee Cam#529 [Move(5 keys)]; ref SeqAct_PlaySound[Target]
Beta_Site_Evo_1-00050009	InterpActor_14	190	EM-SecurityCam01_Top	51253	99660	2066	996.60	20.66	512.53	exclude	name:camera-head	matinee Cam#455 [Move(5 keys)]; ref SeqAct_PlaySound[Target]
Beta_Site_Evo_1-00050009	InterpActor_15	191	EM-SecurityCam01_Top	50571	98681	2083	986.81	20.83	505.71	exclude	name:camera-head	matinee Cam#454 [Move(5 keys)]; ref SeqAct_PlaySound[Target]
Beta_Site_Evo_1-0005000a	InterpActor_0	113	EM-SecurityCam01_Top	53138	102354	2006	1023.54	20.06	531.38	exclude	name:camera-head	matinee Cam#342 [Move(5 keys)]; ref SeqAct_PlaySound[Target]
Beta_Site_Evo_1-0005000a	InterpActor_8	114	EM-SecurityCam01_Top	50603	103618	2095	1036.18	20.95	506.03	exclude	name:camera-head	matinee Cam#343 [Move(5 keys)]; ref SeqAct_PlaySound[Target]
Beta_Site_Evo_1-0005000a	InterpActor_9	115	EM-SecurityCam01_Top	53313	100367	2089	1003.67	20.89	533.13	exclude	name:camera-head	matinee Cam#341 [Move(5 keys)]; ref SeqAct_PlaySound[Target]
Beta_Site_Evo_1-00070006	InterpActor_0	320	EM-SecurityCam01_Top	77753	62674	2548	626.74	25.48	777.53	exclude	name:camera-head	matinee Cam#829 [Move(5 keys)]; ref SeqAct_PlaySound[Target]
Beta_Site_Evo_1-00070006	InterpActor_1	321	EM-SecurityCam01_Top	76425	62674	2548	626.74	25.48	764.25	exclude	name:camera-head	matinee Cam#830 [Move(5 keys)]; ref SeqAct_PlaySound[Target]
Beta_Site_Evo_1-00070006	InterpActor_13	322	EM-SecurityCam01_Top	74996	62735	2548	627.35	25.48	749.96	exclude	name:camera-head	matinee Cam#825 [Move(5 keys)]; ref SeqAct_PlaySound[Target]
Beta_Site_Evo_1-00070006	InterpActor_14	323	EM-SecurityCam01_Top	74996	61788	2548	617.88	25.48	749.96	exclude	name:camera-head	matinee Cam#826 [Move(5 keys)]; ref SeqAct_PlaySound[Target]
Beta_Site_Evo_1-00070006	InterpActor_15	324	EM-SecurityCam01_Top	74630	69651	1958	696.51	19.58	746.30	exclude	name:camera-head	matinee Cam#827 [Move(5 keys)]; ref SeqAct_PlaySound[Target]
Beta_Site_Evo_1-00070006	InterpActor_18	325	EM-SecurityCam01_Top	78319	68884	2174	688.84	21.74	783.19	exclude	name:camera-head	matinee Cam#828 [Move(5 keys)]; ref SeqAct_PlaySound[Target]
Beta_Site_Evo_1-00070006	InterpActor_2	326	EM-SecurityCam01_Top	75070	61310	2548	613.10	25.48	750.70	exclude	name:camera-head	matinee Cam#824 [Move(5 keys)]; ref SeqAct_PlaySound[Target]
Beta_Site_Evo_1-00070008	InterpActor_25	64	GLB-RingTransporter00	77392	83456	2044	834.56	20.44	773.92	include	matinee:rest-anchored rise=74cm	matinee ring1#183 [Move(7 keys)]
Beta_Site_Evo_1-00070008	InterpActor_26	65	GLB-RingTransporter00	77392	83456	2040	834.56	20.40	773.92	include	matinee:rest-anchored rise=138cm	matinee ring2#183 [Move(7 keys)]
Beta_Site_Evo_1-00070008	InterpActor_27	66	GLB-RingTransporter00	77392	83456	2040	834.56	20.40	773.92	include	matinee:rest-anchored rise=202cm	matinee ring3#183 [Move(7 keys)]
Beta_Site_Evo_1-00070008	InterpActor_28	67	GLB-RingTransporter00	77392	83456	2040	834.56	20.40	773.92	include	matinee:rest-anchored rise=266cm	matinee ring4#183 [Move(7 keys)]
Beta_Site_Evo_1-00070008	InterpActor_29	68	GLB-RingTransporter00	77392	83456	2040	834.56	20.40	773.92	include	matinee:rest-anchored rise=330cm	matinee ring5#183 [Move(7 keys)]
Beta_Site_Evo_1-00080006	InterpActor_16	105	EM-SecurityCam01_Top	81690	68884	2174	688.84	21.74	816.90	exclude	name:camera-head	matinee Cam#421 [Move(5 keys)]; ref SeqAct_PlaySound[Target]
Beta_Site_Evo_1-00080006	InterpActor_17	106	EM-SecurityCam01_Top	80005	68884	2174	688.84	21.74	800.05	exclude	name:camera-head	matinee Cam#422 [Move(5 keys)]; ref SeqAct_PlaySound[Target]
Beta_Site_Evo_1-00080006	InterpActor_19	107	EM-SecurityCam01_Top	85135	69089	2067	690.89	20.67	851.35	exclude	name:camera-head	matinee Cam#423 [Move(5 keys)]; ref SeqAct_PlaySound[Target]
Beta_Site_Evo_1-00080006	InterpActor_20	108	EM-SecurityCam01_Top	85135	69797	2067	697.97	20.67	851.35	exclude	name:camera-head	matinee Cam#424 [Move(5 keys)]; ref SeqAct_PlaySound[Target]
Beta_Site_Evo_1-00080006	InterpActor_21	109	EM-SecurityCam01_Top	85135	65794	2482	657.94	24.82	851.35	exclude	name:camera-head	matinee Cam#425 [Move(5 keys)]; ref SeqAct_PlaySound[Target]
Beta_Site_Evo_1-00080006	InterpActor_22	110	EM-SecurityCam01_Top	85135	65086	2482	650.86	24.82	851.35	exclude	name:camera-head	matinee Cam#420 [Move(5 keys)]; ref SeqAct_PlaySound[Target]
Beta_Site_Evo_1-000a0006	InterpActor_0	43	EM-SecurityCam01_Top	108664	60210	-22628	602.10	-226.28	1086.64	exclude	name:camera-head	matinee Cam#140 [Move(5 keys)]; ref SeqAct_PlaySound[Target]
Beta_Site_Evo_1-000b0005	InterpActor_1	188	EM-SecurityCam01_Top	110215	58811	-22628	588.11	-226.28	1102.15	exclude	name:camera-head	matinee Cam#632 [Move(5 keys)]; ref SeqAct_PlaySound[Target]
Beta_Site_Evo_1-000b0005	InterpActor_12	189	EM-SecurityCam01_Top	117881	57230	-25079	572.30	-250.79	1178.81	exclude	name:camera-head	matinee Cam#637 [Move(5 keys)]; ref SeqAct_PlaySound[Target]
Beta_Site_Evo_1-000b0005	InterpActor_13	190	EM-SecurityCam01_Top	119862	57230	-25079	572.30	-250.79	1198.62	exclude	name:camera-head	matinee Cam#638 [Move(5 keys)]; ref SeqAct_PlaySound[Target]
Beta_Site_Evo_1-000b0005	InterpActor_2	191	EM-SecurityCam01_Top	112351	55433	-22551	554.33	-225.51	1123.51	exclude	name:camera-head	matinee Cam#633 [Move(5 keys)]; ref SeqAct_PlaySound[Target]
Beta_Site_Evo_1-000b0005	InterpActor_3	192	EM-SecurityCam01_Top	114346	55397	-22551	553.97	-225.51	1143.46	exclude	name:camera-head	matinee Cam#634 [Move(5 keys)]; ref SeqAct_PlaySound[Target]
Beta_Site_Evo_1-000b0005	InterpActor_4	193	EM-SecurityCam01_Top	119861	57231	-21485	572.31	-214.85	1198.61	exclude	name:camera-head	matinee Cam#635 [Move(5 keys)]; ref SeqAct_PlaySound[Target]
Beta_Site_Evo_1-000b0005	InterpActor_5	194	EM-SecurityCam01_Top	117890	57231	-21485	572.31	-214.85	1178.90	exclude	name:camera-head	matinee Cam#636 [Move(5 keys)]; ref SeqAct_PlaySound[Target]
Beta_Site_Evo_1-000b0005	InterpActor_6	195	EM-SecurityCam01_Top	115192	59484	-25321	594.84	-253.21	1151.92	exclude	name:camera-head	matinee Cam#631 [Move(5 keys)]; ref SeqAct_PlaySound[Target]
Beta_Site_Evo_1-000b0006	InterpActor_0	433	GLB-RingTransporter00	115275	68687	-25780	686.87	-257.80	1152.75	include	matinee:rest-anchored rise=74cm	matinee ring1#1336 [Move(7 keys)]
Beta_Site_Evo_1-000b0006	InterpActor_1	434	GLB-RingTransporter00	115275	68687	-25784	686.87	-257.84	1152.75	include	matinee:rest-anchored rise=138cm	matinee ring2#1336 [Move(7 keys)]
Beta_Site_Evo_1-000b0006	InterpActor_2	435	GLB-RingTransporter00	115275	68687	-25784	686.87	-257.84	1152.75	include	matinee:rest-anchored rise=202cm	matinee ring3#1336 [Move(7 keys)]
Beta_Site_Evo_1-000b0006	InterpActor_3	436	GLB-RingTransporter00	115275	68687	-25784	686.87	-257.84	1152.75	include	matinee:rest-anchored rise=266cm	matinee ring4#1336 [Move(7 keys)]
Beta_Site_Evo_1-000b0006	InterpActor_4	437	GLB-RingTransporter00	115275	68687	-25784	686.87	-257.84	1152.75	include	matinee:rest-anchored rise=330cm	matinee ring5#1336 [Move(7 keys)]
Beta_Site_Evo_1-000b0006	InterpActor_5	438	EM-SecurityCam01_Top	113547	61129	-25321	611.29	-253.21	1135.47	exclude	name:camera-head	matinee Cam#1333 [Move(5 keys)]; ref SeqAct_PlaySound[Target]
Beta_Site_Evo_1-000b0006	InterpActor_6	439	EM-SecurityCam01_Top	111381	63734	-23290	637.34	-232.90	1113.81	exclude	name:camera-head	matinee Cam#1334 [Move(5 keys)]; ref SeqAct_PlaySound[Target]
Beta_Site_Evo_1-000b0006	InterpActor_7	440	EM-SecurityCam01_Top	111382	65715	-23290	657.15	-232.90	1113.82	exclude	name:camera-head	matinee Cam#1335 [Move(5 keys)]; ref SeqAct_PlaySound[Target]
Beta_Site_Evo_1-000b0007	InterpActor_10	119	EM-SecurityCam01_Top	119868	72212	-25079	722.12	-250.79	1198.68	exclude	name:camera-head	matinee Cam#386 [Move(5 keys)]; ref SeqAct_PlaySound[Target]
Beta_Site_Evo_1-000b0007	InterpActor_11	120	EM-SecurityCam01_Top	117887	72212	-25079	722.12	-250.79	1178.87	exclude	name:camera-head	matinee Cam#385 [Move(5 keys)]; ref SeqAct_PlaySound[Target]
Beta_Site_Evo_1-000c0006	InterpActor_25	387	GLB-RingTransporter00	121331	61716	-22108	617.16	-221.08	1213.31	include	matinee:rest-anchored rise=74cm	matinee ring1#1193 [Move(7 keys)]
Beta_Site_Evo_1-000c0006	InterpActor_26	388	GLB-RingTransporter00	121331	61716	-22112	617.16	-221.12	1213.31	include	matinee:rest-anchored rise=138cm	matinee ring2#1193 [Move(7 keys)]
Beta_Site_Evo_1-000c0006	InterpActor_27	389	GLB-RingTransporter00	121331	61716	-22112	617.16	-221.12	1213.31	include	matinee:rest-anchored rise=202cm	matinee ring3#1193 [Move(7 keys)]
Beta_Site_Evo_1-000c0006	InterpActor_28	390	GLB-RingTransporter00	121331	61716	-22112	617.16	-221.12	1213.31	include	matinee:rest-anchored rise=266cm	matinee ring4#1193 [Move(7 keys)]
Beta_Site_Evo_1-000c0006	InterpActor_29	391	GLB-RingTransporter00	121331	61716	-22112	617.16	-221.12	1213.31	include	matinee:rest-anchored rise=330cm	matinee ring5#1193 [Move(7 keys)]
Beta_Site_Evo_1-000c0006	InterpActor_8	392	EM-SecurityCam01_Top	126358	65703	-23281	657.03	-232.81	1263.58	exclude	name:camera-head	matinee Cam#1192 [Move(5 keys)]; ref SeqAct_PlaySound[Target]
Beta_Site_Evo_1-000c0006	InterpActor_9	393	EM-SecurityCam01_Top	126358	63722	-23281	637.22	-232.81	1263.58	exclude	name:camera-head	matinee Cam#1191 [Move(5 keys)]; ref SeqAct_PlaySound[Target]
Beta_Site_Evo_1-fffffff8	InterpActor_0	28	GLB-RingTransporter00	-9259	-79157	-5180	-791.57	-51.80	-92.59	include	matinee:rest-anchored rise=74cm	matinee ring1#91 [Move(7 keys)]
Beta_Site_Evo_1-fffffff8	InterpActor_1	29	GLB-RingTransporter00	-9259	-79157	-5184	-791.57	-51.84	-92.59	include	matinee:rest-anchored rise=138cm	matinee ring2#91 [Move(7 keys)]
Beta_Site_Evo_1-fffffff8	InterpActor_2	30	GLB-RingTransporter00	-9259	-79157	-5184	-791.57	-51.84	-92.59	include	matinee:rest-anchored rise=202cm	matinee ring3#91 [Move(7 keys)]
Beta_Site_Evo_1-fffffff8	InterpActor_3	31	GLB-RingTransporter00	-9259	-79157	-5184	-791.57	-51.84	-92.59	include	matinee:rest-anchored rise=266cm	matinee ring4#91 [Move(7 keys)]
Beta_Site_Evo_1-fffffff8	InterpActor_4	32	GLB-RingTransporter00	-9259	-79157	-5184	-791.57	-51.84	-92.59	include	matinee:rest-anchored rise=330cm	matinee ring5#91 [Move(7 keys)]
Castle-00040009	InterpActor_1	231	EM-ShelfBox10	43061	99153	4849	991.53	48.49	430.61	include	kismet:unreferenced	-
Castle-00040009	InterpActor_3	232	EM-Antenna00	47198	95067	3842	950.67	38.42	471.98	exclude	matinee:rotates 45deg	matinee RadarTower#589 [Move(5 keys)]; ref SeqAct_PlaySound[Target]
Castle-00060003	InterpActor_0	218	EM-SecurityCam01_Top	64754	39762	5313	397.62	53.13	647.54	exclude	name:camera-head	matinee Cam#675 [Move(5 keys)]; ref SeqAct_PlaySound[Target]
Castle-00060003	InterpActor_3	219	EM-SecurityCam01_Top	66643	39151	4299	391.51	42.99	666.43	exclude	name:camera-head	matinee Cam#676 [Move(5 keys)]; ref SeqAct_PlaySound[Target]
Castle-00060003	InterpActor_4	220	EM-SecurityCam01_Top	63952	39151	4299	391.51	42.99	639.52	exclude	name:camera-head	matinee Cam#674 [Move(5 keys)]; ref SeqAct_PlaySound[Target]
Castle-00060004	InterpActor_0	158	EM-SecurityCam01_Top	65359	49013	3387	490.13	33.87	653.59	exclude	name:camera-head	matinee Cam#548 [Move(5 keys)]; ref SeqAct_PlaySound[Target]
Castle-00060004	InterpActor_1	159	EM-SecurityCam01_Top	63197	44117	3455	441.17	34.55	631.97	exclude	name:camera-head	matinee Cam#546 [Move(5 keys)]; ref SeqAct_PlaySound[Target]
Castle-00060004	InterpActor_2	160	EM-SecurityCam01_Top	67306	44117	3455	441.17	34.55	673.06	exclude	name:camera-head	matinee Cam#547 [Move(5 keys)]; ref SeqAct_PlaySound[Target]
Castle-00060004	InterpActor_3	161	EM-SecurityCam01_Top	65158	49013	3387	490.13	33.87	651.58	exclude	name:camera-head	matinee Cam#545 [Move(5 keys)]; ref SeqAct_PlaySound[Target]
Castle-00080003	InterpActor_0	240	EM-SecurityCam01_Top	88688	30745	5978	307.45	59.78	886.88	exclude	name:camera-head	matinee Cam#775 [Move(5 keys)]; ref SeqAct_PlaySound[Target]
Castle-00090003	InterpActor_2	331	EM-SecurityCam01_Top	97194	34992	7533	349.92	75.33	971.94	exclude	name:camera-head	matinee Cam#1013 [Move(5 keys)]; ref SeqAct_PlaySound[Target]
Castle-00090004	InterpActor_0	76	EM-SecurityCam01_Top	99812	44746	7563	447.46	75.63	998.12	exclude	name:camera-head	matinee Cam#266 [Move(5 keys)]; ref SeqAct_PlaySound[Target]
Castle-00090004	InterpActor_1	77	EM-SecurityCam01_Top	99812	44142	7563	441.42	75.63	998.12	exclude	name:camera-head	matinee Cam#265 [Move(5 keys)]; ref SeqAct_PlaySound[Target]
Castle-00090004	InterpActor_7	78	GLB-RingTransporter00	99155	46645	7006	466.45	70.06	991.55	include	kismet:unreferenced	-
Castle_CellBlock-fffdfffc	InterpActor_7	1013	GLB-RingTransporter00	-22298	-33098	7365	-330.98	73.65	-222.98	include	kismet:unreferenced	-
Castle_CellBlock-fffefffc	InterpActor_0	157	EM-SecurityCam01_Top	-14845	-30209	7449	-302.09	74.49	-148.45	exclude	name:camera-head	matinee Cam#514 [Move(5 keys)]; ref SeqAct_PlaySound[Target]
Castle_CellBlock-fffefffc	InterpActor_1	158	CA-CastleEntrance_Door00	-18516	-32809	7344	-328.09	73.44	-185.16	exclude	name:door	matinee ConcaveDoor#515 [Move(2 keys)]; matinee ConcaveDoor#516 [Move(2 keys)]
Castle_CellBlock-fffefffc	InterpActor_2	159	EM-SecurityCam01_Top	-11688	-30273	7156	-302.73	71.56	-116.88	exclude	name:camera-head	matinee Cam#513 [Move(5 keys)]; ref SeqAct_PlaySound[Target]
Castle_CellBlock-fffefffc	InterpActor_3	160	CA-CastleEntrance_Door01	-19987	-30057	7344	-300.57	73.44	-199.87	exclude	name:door	matinee ConvexDoor#515 [Move(2 keys)]; matinee ConvexDoor#516 [Move(2 keys)]
Castle_CellBlock-fffefffc	InterpActor_4	161	EM-Door_Prison00	-11447	-30932	6545	-309.32	65.45	-114.47	exclude	name:door	-
Castle_CellBlock-fffefffc	InterpActor_5	162	EM-Door_Prison00	-11447	-30077	6545	-300.77	65.45	-114.47	exclude	name:door	-
Castle_CellBlock-fffefffd	InterpActor_0	324	EM-Door_Prison00	-11447	-29231	6545	-292.31	65.45	-114.47	exclude	name:door	matinee CloseDoor#1039 [Move(2 keys)]; matinee OpenDoor#1040 [Move(2 keys)]; ref SeqAct_PlaySound[Target]
Castle_CellBlock-fffefffd	InterpActor_1	325	EM-SecurityCam01_Top	-14843	-28641	7449	-286.41	74.49	-148.43	exclude	name:camera-head	matinee Cam#1036 [Move(5 keys)]; ref SeqAct_PlaySound[Target]
Castle_CellBlock-fffefffd	InterpActor_10	326	EM-Door_Prison00	-11447	-28381	6545	-283.81	65.45	-114.47	exclude	name:door	-
Castle_CellBlock-fffefffd	InterpActor_11	327	EM-Door_Prison00	-11447	-25661	6545	-256.61	65.45	-114.47	exclude	name:door	-
Castle_CellBlock-fffefffd	InterpActor_12	328	EM-Door_Prison00	-11447	-24813	6545	-248.13	65.45	-114.47	exclude	name:door	-
Castle_CellBlock-fffefffd	InterpActor_13	329	EM-Door_Prison00	-12819	-24365	6545	-243.65	65.45	-128.19	exclude	name:door	-
Castle_CellBlock-fffefffd	InterpActor_14	330	EM-Door_Prison00	-12819	-25213	6545	-252.13	65.45	-128.19	exclude	name:door	-
Castle_CellBlock-fffefffd	InterpActor_15	331	EM-Door_Prison00	-12819	-26070	6545	-260.70	65.45	-128.19	exclude	name:door	-
Castle_CellBlock-fffefffd	InterpActor_16	332	EM-Door_Prison00	-12819	-26909	6545	-269.09	65.45	-128.19	exclude	name:door	-
Castle_CellBlock-fffefffd	InterpActor_3	333	EM-SecurityCam01_Top	-11688	-28577	7156	-285.77	71.56	-116.88	exclude	name:camera-head	matinee Cam#1037 [Move(5 keys)]; ref SeqAct_PlaySound[Target]
Castle_CellBlock-fffefffd	InterpActor_4	334	EM-SecurityCam01_Top	-11686	-26001	7173	-260.01	71.73	-116.86	exclude	name:camera-head	matinee Cam#1035 [Move(5 keys)]; ref SeqAct_PlaySound[Target]
Castle_CellBlock-fffefffd	InterpActor_5	335	GLB-RingTransporter00	-12142	-21535	6558	-215.35	65.58	-121.42	include	matinee:rest-anchored rise=74cm	matinee ring1#1038 [Move(7 keys)]
Castle_CellBlock-fffefffd	InterpActor_6	336	GLB-RingTransporter00	-12142	-21535	6554	-215.35	65.54	-121.42	include	matinee:rest-anchored rise=138cm	matinee ring2#1038 [Move(7 keys)]
Castle_CellBlock-fffefffd	InterpActor_7	337	GLB-RingTransporter00	-12142	-21535	6554	-215.35	65.54	-121.42	include	matinee:rest-anchored rise=202cm	matinee ring3#1038 [Move(7 keys)]
Castle_CellBlock-fffefffd	InterpActor_8	338	GLB-RingTransporter00	-12142	-21535	6554	-215.35	65.54	-121.42	include	matinee:rest-anchored rise=266cm	matinee ring4#1038 [Move(7 keys)]
Castle_CellBlock-fffefffd	InterpActor_9	339	GLB-RingTransporter00	-12142	-21535	6554	-215.35	65.54	-121.42	include	matinee:rest-anchored rise=330cm	matinee ring5#1038 [Move(7 keys)]
Castle_CellBlock-fffefffe	InterpActor_0	123	EM-SecurityCam01_Top	-14934	-18924	6083	-189.24	60.83	-149.34	exclude	name:camera-head	matinee Cam#451 [Move(5 keys)]; ref SeqAct_PlaySound[Target]
Castle_CellBlock-fffefffe	InterpActor_14	124	EM-SecurityCam01_Top	-11961	-14828	2913	-148.28	29.13	-119.61	exclude	name:camera-head	matinee Cam#453 [Move(5 keys)]; ref SeqAct_PlaySound[Target]
Castle_CellBlock-fffefffe	InterpActor_15	125	EM-SecurityCam01_Top	-12474	-11580	2913	-115.80	29.13	-124.74	exclude	name:camera-head	matinee Cam#454 [Move(5 keys)]; ref SeqAct_PlaySound[Target]
Castle_CellBlock-fffefffe	InterpActor_25	126	GLB-RingTransporter00	-15491	-19263	5492	-192.63	54.92	-154.91	include	matinee:rest-anchored rise=74cm	matinee ring1#455 [Move(7 keys)]
Castle_CellBlock-fffefffe	InterpActor_26	127	GLB-RingTransporter00	-15491	-19263	5488	-192.63	54.88	-154.91	include	matinee:rest-anchored rise=138cm	matinee ring2#455 [Move(7 keys)]
Castle_CellBlock-fffefffe	InterpActor_27	128	GLB-RingTransporter00	-15491	-19263	5488	-192.63	54.88	-154.91	include	matinee:rest-anchored rise=202cm	matinee ring3#455 [Move(7 keys)]
Castle_CellBlock-fffefffe	InterpActor_28	129	GLB-RingTransporter00	-15491	-19263	5488	-192.63	54.88	-154.91	include	matinee:rest-anchored rise=266cm	matinee ring4#455 [Move(7 keys)]
Castle_CellBlock-fffefffe	InterpActor_29	130	GLB-RingTransporter00	-15491	-19263	5488	-192.63	54.88	-154.91	include	matinee:rest-anchored rise=330cm	matinee ring5#455 [Move(7 keys)]
Castle_CellBlock-fffefffe	InterpActor_7	131	EM-SecurityCam01_Top	-10143	-10230	4240	-102.30	42.40	-101.43	exclude	name:camera-head	matinee Cam#452 [Move(5 keys)]; ref SeqAct_PlaySound[Target]
Castle_CellBlock-fffeffff	InterpActor_10	219	GLB-RingTransporter00	-16153	-8981	4481	-89.81	44.81	-161.53	include	matinee:rest-anchored rise=266cm	matinee ring4#737 [Move(7 keys)]
Castle_CellBlock-fffeffff	InterpActor_11	220	GLB-RingTransporter00	-16153	-8981	4481	-89.81	44.81	-161.53	include	matinee:rest-anchored rise=330cm	matinee ring5#737 [Move(7 keys)]
Castle_CellBlock-fffeffff	InterpActor_12	221	GLB-RingTransporter00	-16153	-8981	4485	-89.81	44.85	-161.53	include	matinee:rest-anchored rise=74cm	matinee ring1#737 [Move(7 keys)]
Castle_CellBlock-fffeffff	InterpActor_16	222	EM-SecurityCam01_Top	-12475	-8969	2905	-89.69	29.05	-124.75	exclude	name:camera-head	matinee Cam#735 [Move(5 keys)]; ref SeqAct_PlaySound[Target]
Castle_CellBlock-fffeffff	InterpActor_17	223	EM-SecurityCam01_Top	-13953	-5433	3020	-54.33	30.20	-139.53	exclude	name:camera-head	matinee Cam#736 [Move(5 keys)]; ref SeqAct_PlaySound[Target]
Castle_CellBlock-fffeffff	InterpActor_18	224	EM-SecurityCam01_Top	-14557	-5433	3020	-54.33	30.20	-145.57	exclude	name:camera-head	matinee Cam#732 [Move(5 keys)]; ref SeqAct_PlaySound[Target]
Castle_CellBlock-fffeffff	InterpActor_5	225	EM-SecurityCam01_Top	-15047	-7274	4956	-72.74	49.56	-150.47	exclude	name:camera-head	matinee Cam#733 [Move(5 keys)]; ref SeqAct_PlaySound[Target]
Castle_CellBlock-fffeffff	InterpActor_6	226	EM-SecurityCam01_Top	-13244	-7272	4446	-72.72	44.46	-132.44	exclude	name:camera-head	matinee Cam#734 [Move(5 keys)]; ref SeqAct_PlaySound[Target]
Castle_CellBlock-fffeffff	InterpActor_7	227	GLB-RingTransporter00	-16660	-5360	2462	-53.60	24.62	-166.60	include	matinee:rest-anchored rise=74cm	matinee ring1#1779 [Move(7 keys)]
Castle_CellBlock-fffeffff	InterpActor_8	228	GLB-RingTransporter00	-16153	-8981	4481	-89.81	44.81	-161.53	include	matinee:rest-anchored rise=138cm	matinee ring2#737 [Move(7 keys)]
Castle_CellBlock-fffeffff	InterpActor_9	229	GLB-RingTransporter00	-16153	-8981	4481	-89.81	44.81	-161.53	include	matinee:rest-anchored rise=202cm	matinee ring3#737 [Move(7 keys)]
Castle_CellBlock-fffeffff	InterpActor_19	1819	GLB-RingTransporter00	-16660	-5360	2458	-53.60	24.58	-166.60	include	matinee:rest-anchored rise=266cm	matinee ring4#1779 [Move(7 keys)]
Castle_CellBlock-fffeffff	InterpActor_20	1821	GLB-RingTransporter00	-16660	-5360	2458	-53.60	24.58	-166.60	include	matinee:rest-anchored rise=330cm	matinee ring5#1779 [Move(7 keys)]
Castle_CellBlock-fffeffff	InterpActor_21	1823	GLB-RingTransporter00	-16660	-5360	2458	-53.60	24.58	-166.60	include	matinee:rest-anchored rise=138cm	matinee ring2#1779 [Move(7 keys)]
Castle_CellBlock-fffeffff	InterpActor_22	1825	GLB-RingTransporter00	-16660	-5360	2458	-53.60	24.58	-166.60	include	matinee:rest-anchored rise=202cm	matinee ring3#1779 [Move(7 keys)]
Castle_CellBlock-fffffffe	InterpActor_12	269	EM-SecurityCam01_Top	-4393	-12237	3045	-122.37	30.45	-43.93	exclude	name:camera-head	matinee Cam#891 [Move(5 keys)]; ref SeqAct_PlaySound[Target]
Castle_CellBlock-fffffffe	InterpActor_13	270	EM-SecurityCam01_Top	-7354	-13522	2912	-135.22	29.12	-73.54	exclude	name:camera-head	matinee Cam#888 [Move(5 keys)]; ref SeqAct_PlaySound[Target]
Castle_CellBlock-fffffffe	InterpActor_8	271	EM-SecurityCam01_Top	-9032	-12630	4339	-126.30	43.39	-90.32	exclude	name:camera-head	matinee Cam#889 [Move(5 keys)]; ref SeqAct_PlaySound[Target]
Castle_CellBlock-fffffffe	InterpActor_9	272	EM-SecurityCam01_Top	-8841	-12874	4684	-128.74	46.84	-88.41	exclude	name:camera-head	matinee Cam#890 [Move(5 keys)]; ref SeqAct_PlaySound[Target]
Castle_CellBlock-ffffffff	InterpActor_10	121	EM-SecurityCam01_Top	-4891	-5274	3422	-52.74	34.22	-48.91	exclude	name:camera-head	matinee Cam#422 [Move(5 keys)]; ref SeqAct_PlaySound[Target]
Castle_CellBlock-ffffffff	InterpActor_11	122	EM-SecurityCam01_Top	-3505	-6092	3422	-60.92	34.22	-35.05	exclude	name:camera-head	matinee Cam#421 [Move(5 keys)]; ref SeqAct_PlaySound[Target]
Dakara_E1-0000fffe	InterpActor_5	61	GLB-RingTransporter00	4895	-13933	-1636	-139.33	-16.36	48.95	include	matinee:rest-anchored rise=74cm	matinee ring1#221 [Move(7 keys)]
Dakara_E1-0000fffe	InterpActor_6	62	GLB-RingTransporter00	4895	-13933	-1640	-139.33	-16.40	48.95	include	matinee:rest-anchored rise=138cm	matinee ring2#221 [Move(7 keys)]
Dakara_E1-0000fffe	InterpActor_7	63	GLB-RingTransporter00	4895	-13933	-1640	-139.33	-16.40	48.95	include	matinee:rest-anchored rise=202cm	matinee ring3#221 [Move(7 keys)]
Dakara_E1-0000fffe	InterpActor_8	64	GLB-RingTransporter00	4895	-13933	-1640	-139.33	-16.40	48.95	include	matinee:rest-anchored rise=266cm	matinee ring4#221 [Move(7 keys)]
Dakara_E1-0000fffe	InterpActor_9	65	GLB-RingTransporter00	4895	-13933	-1640	-139.33	-16.40	48.95	include	matinee:rest-anchored rise=330cm	matinee ring5#221 [Move(7 keys)]
Dakara_E1-00010003	InterpActor_0	55	GLB-RingTransporter00	10207	35803	-1621	358.03	-16.21	102.07	include	matinee:rest-anchored rise=74cm	matinee ring1#194 [Move(7 keys)]
Dakara_E1-00010003	InterpActor_1	56	GLB-RingTransporter00	10207	35803	-1625	358.03	-16.25	102.07	include	matinee:rest-anchored rise=138cm	matinee ring2#194 [Move(7 keys)]
Dakara_E1-00010003	InterpActor_2	57	GLB-RingTransporter00	10207	35803	-1625	358.03	-16.25	102.07	include	matinee:rest-anchored rise=202cm	matinee ring3#194 [Move(7 keys)]
Dakara_E1-00010003	InterpActor_3	58	GLB-RingTransporter00	10207	35803	-1625	358.03	-16.25	102.07	include	matinee:rest-anchored rise=266cm	matinee ring4#194 [Move(7 keys)]
Dakara_E1-00010003	InterpActor_4	59	GLB-RingTransporter00	10207	35803	-1625	358.03	-16.25	102.07	include	matinee:rest-anchored rise=330cm	matinee ring5#194 [Move(7 keys)]
Harset-00000000	InterpActor_10	154	GLB-RingTransporter00	1533	2571	-6821	25.71	-68.21	15.33	include	matinee:rest-anchored rise=74cm	matinee ring1#427 [Move(7 keys)]
Harset-00000000	InterpActor_11	155	GLB-RingTransporter00	1533	2571	-6825	25.71	-68.25	15.33	include	matinee:rest-anchored rise=138cm	matinee ring2#427 [Move(7 keys)]
Harset-00000000	InterpActor_12	156	GLB-RingTransporter00	1533	2571	-6825	25.71	-68.25	15.33	include	matinee:rest-anchored rise=202cm	matinee ring3#427 [Move(7 keys)]
Harset-00000000	InterpActor_13	157	GLB-RingTransporter00	1533	2571	-6825	25.71	-68.25	15.33	include	matinee:rest-anchored rise=266cm	matinee ring4#427 [Move(7 keys)]
Harset-00000000	InterpActor_14	158	GLB-RingTransporter00	1533	2571	-6825	25.71	-68.25	15.33	include	matinee:rest-anchored rise=330cm	matinee ring5#427 [Move(7 keys)]
Harset-00000002	InterpActor_0	187	EM-SecurityCam01_Top	9199	21254	-6368	212.54	-63.68	91.99	exclude	name:camera-head	matinee Cam#536 [Move(5 keys)]; ref SeqAct_PlaySound[Target]
Harset-00000002	InterpActor_25	188	GLB-RingTransporter00	3628	21869	-3436	218.69	-34.36	36.28	include	matinee:rest-anchored rise=74cm	matinee ring1#537 [Move(7 keys)]
Harset-00000002	InterpActor_26	189	GLB-RingTransporter00	3628	21869	-3440	218.69	-34.40	36.28	include	matinee:rest-anchored rise=138cm	matinee ring2#537 [Move(7 keys)]
Harset-00000002	InterpActor_27	190	GLB-RingTransporter00	3628	21869	-3440	218.69	-34.40	36.28	include	matinee:rest-anchored rise=202cm	matinee ring3#537 [Move(7 keys)]
Harset-00000002	InterpActor_28	191	GLB-RingTransporter00	3628	21869	-3440	218.69	-34.40	36.28	include	matinee:rest-anchored rise=266cm	matinee ring4#537 [Move(7 keys)]
Harset-00000002	InterpActor_29	192	GLB-RingTransporter00	3628	21869	-3440	218.69	-34.40	36.28	include	matinee:rest-anchored rise=330cm	matinee ring5#537 [Move(7 keys)]
Harset-0000fffe	InterpActor_20	243	GLB-RingTransporter00	8434	-19746	-4036	-197.46	-40.36	84.34	include	matinee:rest-anchored rise=74cm	matinee ring1#750 [Move(7 keys)]
Harset-0000fffe	InterpActor_21	244	GLB-RingTransporter00	8434	-19746	-4040	-197.46	-40.40	84.34	include	matinee:rest-anchored rise=138cm	matinee ring2#750 [Move(7 keys)]
Harset-0000fffe	InterpActor_22	245	GLB-RingTransporter00	8434	-19746	-4040	-197.46	-40.40	84.34	include	matinee:rest-anchored rise=202cm	matinee ring3#750 [Move(7 keys)]
Harset-0000fffe	InterpActor_23	246	GLB-RingTransporter00	8434	-19746	-4040	-197.46	-40.40	84.34	include	matinee:rest-anchored rise=266cm	matinee ring4#750 [Move(7 keys)]
Harset-0000fffe	InterpActor_24	247	GLB-RingTransporter00	8434	-19746	-4040	-197.46	-40.40	84.34	include	matinee:rest-anchored rise=330cm	matinee ring5#750 [Move(7 keys)]
Harset-0000ffff	InterpActor_0	111	GLB-RingTransporter00	1517	-2561	-6821	-25.61	-68.21	15.17	include	matinee:rest-anchored rise=74cm	matinee ring1#299 [Move(7 keys)]
Harset-0000ffff	InterpActor_1	112	GLB-RingTransporter00	1517	-2561	-6825	-25.61	-68.25	15.17	include	matinee:rest-anchored rise=138cm	matinee ring2#299 [Move(7 keys)]
Harset-0000ffff	InterpActor_2	113	GLB-RingTransporter00	1517	-2561	-6825	-25.61	-68.25	15.17	include	matinee:rest-anchored rise=202cm	matinee ring3#299 [Move(7 keys)]
Harset-0000ffff	InterpActor_3	114	GLB-RingTransporter00	1517	-2561	-6825	-25.61	-68.25	15.17	include	matinee:rest-anchored rise=266cm	matinee ring4#299 [Move(7 keys)]
Harset-0000ffff	InterpActor_4	115	GLB-RingTransporter00	1517	-2561	-6825	-25.61	-68.25	15.17	include	matinee:rest-anchored rise=330cm	matinee ring5#299 [Move(7 keys)]
Harset-00010002	InterpActor_1	9	EM-SecurityCam01_Top	10851	21254	-6368	212.54	-63.68	108.51	exclude	name:camera-head	matinee Cam#31 [Move(5 keys)]; ref SeqAct_PlaySound[Target]
Harset-0002fffe	InterpActor_15	75	GLB-RingTransporter00	24000	-17174	-2723	-171.74	-27.23	240.00	include	matinee:rest-anchored rise=74cm	matinee ring1#258 [Move(7 keys)]
Harset-0002fffe	InterpActor_16	76	GLB-RingTransporter00	24000	-17174	-2727	-171.74	-27.27	240.00	include	matinee:rest-anchored rise=138cm	matinee ring2#258 [Move(7 keys)]
Harset-0002fffe	InterpActor_17	77	GLB-RingTransporter00	24000	-17174	-2727	-171.74	-27.27	240.00	include	matinee:rest-anchored rise=202cm	matinee ring3#258 [Move(7 keys)]
Harset-0002fffe	InterpActor_18	78	GLB-RingTransporter00	24000	-17174	-2727	-171.74	-27.27	240.00	include	matinee:rest-anchored rise=266cm	matinee ring4#258 [Move(7 keys)]
Harset-0002fffe	InterpActor_19	79	GLB-RingTransporter00	24000	-17174	-2727	-171.74	-27.27	240.00	include	matinee:rest-anchored rise=330cm	matinee ring5#258 [Move(7 keys)]
Harset-ffff0002	InterpActor_2	46	EM-SecurityCam01_Top	-1981	21256	-6368	212.56	-63.68	-19.81	exclude	name:camera-head	matinee Cam#117 [Move(5 keys)]; ref SeqAct_PlaySound[Target]
Harset-ffff0002	InterpActor_3	47	EM-SecurityCam01_Top	-3633	21256	-6368	212.56	-63.68	-36.33	exclude	name:camera-head	matinee Cam#116 [Move(5 keys)]; ref SeqAct_PlaySound[Target]
Harset-ffffffff	InterpActor_0	250	EM-SecurityCam01_Top	-2668	-9534	-5532	-95.34	-55.32	-26.68	exclude	name:camera-head	matinee Cam#639 [Move(5 keys)]; ref SeqAct_PlaySound[Target]
Harset-ffffffff	InterpActor_1	251	EM-SecurityCam01_Top	-2525	-9319	-5620	-93.19	-56.20	-25.25	exclude	name:camera-head	matinee Cam#638 [Move(5 keys)]; ref SeqAct_PlaySound[Target]
Harset_CmdCenter-0000ffff	InterpActor_1	142	EM-SecurityCam01_Top	2183	-6409	516	-64.09	5.16	21.83	exclude	name:camera-head	matinee Cam#423 [Move(5 keys)]; ref SeqAct_PlaySound[Target]
Lucia-00000009	InterpActor_11	68	EM-SecurityCam01_Top	311	98117	-16925	981.17	-169.25	3.11	exclude	name:camera-head	matinee Cam#194 [Move(5 keys)]; ref SeqAct_PlaySound[Target]
Lucia-00000009	InterpActor_17	69	EM-SecurityCam01_Top	88	97761	-16595	977.61	-165.95	0.88	exclude	name:camera-head	matinee Cam#193 [Move(5 keys)]; ref SeqAct_PlaySound[Target]
Lucia-00020005	InterpActor_8	247	EM-SecurityCam01_Top	27248	50016	-17681	500.16	-176.81	272.48	exclude	name:camera-head	matinee Cam#709 [Move(5 keys)]; ref SeqAct_PlaySound[Target]
Lucia-00020005	InterpActor_9	248	EM-SecurityCam01_Top	25929	52903	-17656	529.03	-176.56	259.29	exclude	name:camera-head	matinee Cam#708 [Move(5 keys)]; ref SeqAct_PlaySound[Target]
Lucia-0002000b	InterpActor_5	36	GLB-RingTransporter00	21760	111157	-14762	1111.57	-147.62	217.60	include	matinee:rest-anchored rise=74cm	matinee ring1#107 [Move(7 keys)]
Lucia-0002000b	InterpActor_6	37	GLB-RingTransporter00	21760	111157	-14766	1111.57	-147.66	217.60	include	matinee:rest-anchored rise=138cm	matinee ring2#107 [Move(7 keys)]
Lucia-0002000b	InterpActor_7	38	GLB-RingTransporter00	21760	111157	-14766	1111.57	-147.66	217.60	include	matinee:rest-anchored rise=202cm	matinee ring3#107 [Move(7 keys)]
Lucia-0002000b	InterpActor_8	39	GLB-RingTransporter00	21760	111157	-14766	1111.57	-147.66	217.60	include	matinee:rest-anchored rise=266cm	matinee ring4#107 [Move(7 keys)]
Lucia-0002000b	InterpActor_9	40	GLB-RingTransporter00	21760	111157	-14766	1111.57	-147.66	217.60	include	matinee:rest-anchored rise=330cm	matinee ring5#107 [Move(7 keys)]
Lucia-0002fffd	InterpActor_17	185	HB-StreetLamp00	27109	-21265	-9391	-212.65	-93.91	271.09	include	matinee:rest-anchored rise=17cm	matinee Lamp#567 [Move(3 keys)]; ref SeqAct_PlaySound[Target]
Lucia-0002fffd	InterpActor_19	187	HB-StreetLamp00	27440	-23728	-9147	-237.28	-91.47	274.40	include	matinee:rest-anchored rise=17cm	matinee Lamp#568 [Move(3 keys)]; ref SeqAct_PlaySound[Target]
Lucia-0002fffd	InterpActor_21	189	HB-StreetLamp00	28906	-25485	-8381	-254.85	-83.81	289.06	include	matinee:rest-anchored rise=17cm	matinee Lamp#569 [Move(3 keys)]; ref SeqAct_PlaySound[Target]
Lucia-0002fffe	InterpActor_3	162	HB-StreetLamp00	26562	-17645	-10086	-176.45	-100.86	265.62	include	matinee:rest-anchored rise=17cm	matinee Lamp#502 [Move(3 keys)]; ref SeqAct_PlaySound[Target]
Lucia-0002fffe	InterpActor_5	164	HB-StreetLamp00	25326	-17645	-10086	-176.45	-100.86	253.26	include	matinee:rest-anchored rise=17cm	matinee Lamp#503 [Move(3 keys)]; ref SeqAct_PlaySound[Target]
Lucia-0002fffe	InterpActor_7	166	HB-StreetLamp00	22013	-18709	-10034	-187.09	-100.34	220.13	include	matinee:rest-anchored rise=17cm	matinee Lamp#504 [Move(3 keys)]; ref SeqAct_PlaySound[Target]
Lucia-0002fffe	InterpActor_9	168	HB-StreetLamp00	22838	-19608	-10034	-196.08	-100.34	228.38	include	matinee:rest-anchored rise=17cm	matinee Lamp#505 [Move(3 keys)]; ref SeqAct_PlaySound[Target]
Lucia-00030004	InterpActor_0	20	EM-Antenna00	31435	47183	-12716	471.83	-127.16	314.35	exclude	matinee:rotates 45deg	matinee RadarTower#70 [Move(5 keys)]; ref SeqAct_PlaySound[Target]
Lucia-00030004	InterpActor_1	21	EM-SecurityCam01_Top	31210	47024	-16989	470.24	-169.89	312.10	exclude	name:camera-head	matinee Cam#71 [Move(5 keys)]; ref SeqAct_PlaySound[Target]
Lucia-0003fffc	InterpActor_13	57	HB-StreetLamp00	36407	-33256	-7529	-332.56	-75.29	364.07	include	matinee:rest-anchored rise=17cm	matinee Lamp#171 [Move(3 keys)]; ref SeqAct_PlaySound[Target]
Lucia-0003fffd	InterpActor_17	116	HB-StreetLamp00	32563	-23180	-7785	-231.80	-77.85	325.63	include	matinee:rest-anchored rise=17cm	matinee Lamp#384 [Move(3 keys)]; ref SeqAct_PlaySound[Target]
Lucia-0003fffd	InterpActor_19	118	HB-StreetLamp00	37672	-22618	-6984	-226.18	-69.84	376.72	include	matinee:rest-anchored rise=17cm	matinee Lamp#382 [Move(3 keys)]; ref SeqAct_PlaySound[Target]
Lucia-0003fffd	InterpActor_5	120	HB-StreetLamp00	30078	-24470	-8331	-244.70	-83.31	300.78	include	matinee:rest-anchored rise=17cm	matinee Lamp#381 [Move(3 keys)]; ref SeqAct_PlaySound[Target]
Lucia-0003fffd	InterpActor_9	122	HB-StreetLamp00	33549	-28944	-7912	-289.44	-79.12	335.49	include	matinee:rest-anchored rise=17cm	matinee Lamp#383 [Move(3 keys)]; ref SeqAct_PlaySound[Target]
Lucia-00040000	InterpActor_1	72	HB-Humvee_02	48343	1215	-3600	12.15	-36.00	483.43	include	matinee:rest-anchored rise=6cm	matinee humvee#235 [Move(5 keys)]; ref SeqAct_PlaySound[Target]
Lucia-00040001	InterpActor_23	134	HB-Humvee_02	43706	11328	-4807	113.28	-48.07	437.06	include	matinee:rest-anchored rise=6cm	matinee humvee#427 [Move(5 keys)]; ref SeqAct_PlaySound[Target]
Lucia-00040001	InterpActor_5	136	HB-StreetLamp00	43977	19308	-4548	193.08	-45.48	439.77	include	matinee:rest-anchored rise=17cm	matinee Lamp#428 [Move(3 keys)]; ref SeqAct_PlaySound[Target]
Lucia-00040001	InterpActor_7	138	HB-StreetLamp00	47410	16349	-4041	163.49	-40.41	474.10	include	matinee:rest-anchored rise=17cm	matinee Lamp#429 [Move(3 keys)]; ref SeqAct_PlaySound[Target]
Lucia-00040002	InterpActor_1	154	HB-StreetLamp00	45396	26437	-4163	264.37	-41.63	453.96	include	matinee:rest-anchored rise=17cm	matinee Lamp#493 [Move(3 keys)]; ref SeqAct_PlaySound[Target]
Lucia-00040002	InterpActor_3	156	HB-StreetLamp00	46790	29340	-4021	293.40	-40.21	467.90	include	matinee:rest-anchored rise=17cm	matinee Lamp#494 [Move(3 keys)]; ref SeqAct_PlaySound[Target]
Lucia-00040002	InterpActor_5	158	HB-StreetLamp00	49832	29340	-3274	293.40	-32.74	498.32	include	matinee:rest-anchored rise=17cm	matinee Lamp#495 [Move(3 keys)]; ref SeqAct_PlaySound[Target]
Lucia-0004000b	InterpActor_6	168	EM-SecurityCam01_Top	47474	112137	-17676	1121.37	-176.76	474.74	exclude	name:camera-head	matinee Cam#458 [Move(5 keys)]; ref SeqAct_PlaySound[Target]
Lucia-0004fffc	InterpActor_11	211	HB-StreetLamp01	48855	-35707	-6023	-357.07	-60.23	488.55	include	matinee:rest-anchored rise=17cm	matinee Lamp#817 [Move(3 keys)]; ref SeqAct_PlaySound[Target]
Lucia-0004fffc	InterpActor_5	213	HB-StreetLamp00	40457	-34342	-6755	-343.42	-67.55	404.57	include	matinee:rest-anchored rise=17cm	matinee Lamp#814 [Move(3 keys)]; ref SeqAct_PlaySound[Target]
Lucia-0004fffc	InterpActor_7	215	HB-StreetLamp00	40457	-33012	-6755	-330.12	-67.55	404.57	include	matinee:rest-anchored rise=17cm	matinee Lamp#815 [Move(3 keys)]; ref SeqAct_PlaySound[Target]
Lucia-0004fffc	InterpActor_9	217	HB-StreetLamp00	42409	-33796	-6842	-337.96	-68.42	424.09	include	matinee:rest-anchored rise=17cm	matinee Lamp#816 [Move(3 keys)]; ref SeqAct_PlaySound[Target]
Lucia-0004fffd	InterpActor_1	94	HB-StreetLamp00	48744	-29942	-5379	-299.42	-53.79	487.44	include	matinee:rest-anchored rise=17cm	matinee Lamp#296 [Move(3 keys)]; ref SeqAct_PlaySound[Target]
Lucia-0004fffd	InterpActor_13	96	HB-StreetLamp00	45732	-28172	-5977	-281.72	-59.77	457.32	include	matinee:rest-anchored rise=17cm	matinee Lamp#295 [Move(3 keys)]; ref SeqAct_PlaySound[Target]
Lucia-0004fffd	InterpActor_29	98	HB-StreetLamp00	47628	-28911	-5489	-289.11	-54.89	476.28	include	matinee:rest-anchored rise=17cm	matinee Lamp#294 [Move(3 keys)]; ref SeqAct_PlaySound[Target]
Lucia-0004fffd	InterpActor_5	100	HB-StreetLamp00	49056	-24127	-5240	-241.27	-52.40	490.56	include	matinee:rest-anchored rise=17cm	matinee Lamp#297 [Move(3 keys)]; ref SeqAct_PlaySound[Target]
Lucia-0004fffd	InterpActor_7	102	HB-StreetLamp00	49610	-20040	-5291	-200.40	-52.91	496.10	include	matinee:rest-anchored rise=17cm	matinee Lamp#298 [Move(3 keys)]; ref SeqAct_PlaySound[Target]
Lucia-0004fffe	InterpActor_5	78	HB-StreetLamp00	42214	-19955	-6029	-199.55	-60.29	422.14	include	matinee:rest-anchored rise=17cm	matinee Lamp#233 [Move(3 keys)]; ref SeqAct_PlaySound[Target]
Lucia-0004fffe	InterpActor_7	80	HB-StreetLamp00	46138	-15462	-5230	-154.62	-52.30	461.38	include	matinee:rest-anchored rise=17cm	matinee Lamp#232 [Move(3 keys)]; ref SeqAct_PlaySound[Target]
Lucia-0004ffff	InterpActor_32	23	HB-Humvee_02	48174	-1155	-3504	-11.55	-35.04	481.74	include	matinee:rest-anchored rise=6cm	matinee humvee#82 [Move(5 keys)]; ref SeqAct_PlaySound[Target]
Lucia-00050001	InterpActor_1	180	HB-Humvee_02	52405	10360	-3601	103.60	-36.01	524.05	include	matinee:rest-anchored rise=6cm	matinee humvee#564 [Move(5 keys)]; ref SeqAct_PlaySound[Target]
Lucia-00050001	InterpActor_27	181	HB-Humvee_02	59369	15745	-1682	157.45	-16.82	593.69	include	matinee:rest-anchored rise=6cm	matinee humvee#565 [Move(5 keys)]; ref SeqAct_PlaySound[Target]
Lucia-00050002	InterpActor_24	129	HB-Humvee_02	52588	20829	-3600	208.29	-36.00	525.88	include	matinee:rest-anchored rise=6cm	matinee humvee#421 [Move(5 keys)]; ref SeqAct_PlaySound[Target]
Lucia-00050002	InterpActor_25	130	HB-Humvee_02	56504	26962	-3600	269.62	-36.00	565.04	include	matinee:rest-anchored rise=6cm	matinee humvee#422 [Move(5 keys)]; ref SeqAct_PlaySound[Target]
Lucia-00050002	InterpActor_26	131	HB-Humvee_02	57088	26277	-3600	262.77	-36.00	570.88	include	matinee:rest-anchored rise=6cm	matinee humvee#420 [Move(5 keys)]; ref SeqAct_PlaySound[Target]
Lucia-0005000a	InterpActor_7	297	EM-SecurityCam01_Top	54957	107005	-17667	1070.05	-176.67	549.57	exclude	name:camera-head	matinee Cam#889 [Move(5 keys)]; ref SeqAct_PlaySound[Target]
Lucia-0005000a	InterpActor_8	298	EM-SecurityCam01_Top	55699	102268	-17415	1022.68	-174.15	556.99	exclude	name:camera-head	matinee Cam#890 [Move(5 keys)]; ref SeqAct_PlaySound[Target]
Lucia-0005000a	InterpActor_9	299	EM-SecurityCam01_Top	57389	100624	-17415	1006.24	-174.15	573.89	exclude	name:camera-head	matinee Cam#888 [Move(5 keys)]; ref SeqAct_PlaySound[Target]
Lucia-0005000b	InterpActor_0	200	EM-SecurityCam01_Top	54600	114473	-17476	1144.73	-174.76	546.00	exclude	name:camera-head	matinee Cam#617 [Move(5 keys)]; ref SeqAct_PlaySound[Target]
Lucia-0005000b	InterpActor_1	201	EM-SecurityCam01_Top	54328	114412	-17476	1144.12	-174.76	543.28	exclude	name:camera-head	matinee Cam#618 [Move(5 keys)]; ref SeqAct_PlaySound[Target]
Lucia-0005fffe	InterpActor_13	67	HB-StreetLamp00	51840	-18586	-5291	-185.86	-52.91	518.40	include	matinee:rest-anchored rise=17cm	matinee Lamp#233 [Move(3 keys)]; ref SeqAct_PlaySound[Target]
Lucia-0005fffe	InterpActor_3	68	HB-Humvee_02	51822	-19559	-6231	-195.59	-62.31	518.22	include	matinee:rest-anchored rise=6cm	matinee humvee#232 [Move(5 keys)]; ref SeqAct_PlaySound[Target]
Lucia-0005ffff	InterpActor_33	134	HB-Humvee_02	52132	-891	-3598	-8.91	-35.98	521.32	include	matinee:rest-anchored rise=6cm	matinee humvee#424 [Move(5 keys)]; ref SeqAct_PlaySound[Target]
Lucia-0005ffff	InterpActor_34	135	HB-Humvee_02	50300	-5334	-3572	-53.34	-35.72	503.00	include	matinee:rest-anchored rise=6cm	matinee humvee#423 [Move(5 keys)]; ref SeqAct_PlaySound[Target]
Lucia-00060000	InterpActor_2	138	HB-Humvee_02	66632	8021	-1682	80.21	-16.82	666.32	include	matinee:rest-anchored rise=6cm	matinee humvee#429 [Move(5 keys)]; ref SeqAct_PlaySound[Target]
Lucia-00060001	InterpActor_28	123	HB-Humvee_02	68590	13484	-1682	134.84	-16.82	685.90	include	matinee:rest-anchored rise=6cm	matinee humvee#406 [Move(5 keys)]; ref SeqAct_PlaySound[Target]
Lucia-00060009	InterpActor_2	130	EM-SecurityCam01_Top	60848	95557	-17025	955.57	-170.25	608.48	exclude	name:camera-head	matinee Cam#392 [Move(5 keys)]; ref SeqAct_PlaySound[Target]
Lucia-00060009	InterpActor_3	131	EM-SecurityCam01_Top	61311	96022	-17025	960.22	-170.25	613.11	exclude	name:camera-head	matinee Cam#391 [Move(5 keys)]; ref SeqAct_PlaySound[Target]
Lucia-00070001	InterpActor_10	84	GLB-RingTransporter00	74176	11712	-1680	117.12	-16.80	741.76	include	matinee:rest-anchored rise=266cm	matinee ring4#262 [Move(7 keys)]
Lucia-00070001	InterpActor_11	85	GLB-RingTransporter00	74176	11712	-1680	117.12	-16.80	741.76	include	matinee:rest-anchored rise=330cm	matinee ring5#262 [Move(7 keys)]
Lucia-00070001	InterpActor_5	86	GLB-RingTransporter00	74176	11712	-1676	117.12	-16.76	741.76	include	matinee:rest-anchored rise=74cm	matinee ring1#262 [Move(7 keys)]
Lucia-00070001	InterpActor_6	87	GLB-RingTransporter00	74176	11712	-1680	117.12	-16.80	741.76	include	matinee:rest-anchored rise=138cm	matinee ring2#262 [Move(7 keys)]
Lucia-00070001	InterpActor_7	88	GLB-RingTransporter00	74176	11712	-1680	117.12	-16.80	741.76	include	matinee:rest-anchored rise=202cm	matinee ring3#262 [Move(7 keys)]
Lucia-00070001	InterpActor_9	90	HB-StreetLamp00	70502	16385	-640	163.85	-6.40	705.02	include	matinee:rest-anchored rise=17cm	matinee Lamp#263 [Move(3 keys)]; ref SeqAct_PlaySound[Target]
Lucia-00080001	InterpActor_17	21	GLB-RingTransporter00	85984	18202	9444	182.02	94.44	859.84	include	matinee:rest-anchored rise=74cm	matinee ring1#88 [Move(7 keys)]
Lucia-00080001	InterpActor_18	22	GLB-RingTransporter00	85984	18202	9440	182.02	94.40	859.84	include	matinee:rest-anchored rise=138cm	matinee ring2#88 [Move(7 keys)]
Lucia-00080001	InterpActor_19	23	GLB-RingTransporter00	85984	18202	9440	182.02	94.40	859.84	include	matinee:rest-anchored rise=202cm	matinee ring3#88 [Move(7 keys)]
Lucia-00080001	InterpActor_20	24	GLB-RingTransporter00	85984	18202	9440	182.02	94.40	859.84	include	matinee:rest-anchored rise=266cm	matinee ring4#88 [Move(7 keys)]
Lucia-00080001	InterpActor_21	25	GLB-RingTransporter00	85984	18202	9440	182.02	94.40	859.84	include	matinee:rest-anchored rise=330cm	matinee ring5#88 [Move(7 keys)]
Lucia-fff8fffd	InterpActor_1	50	HB-Humvee_02	-71328	-26760	-17880	-267.60	-178.80	-713.28	include	matinee:rest-anchored rise=6cm	matinee humvee#155 [Move(5 keys)]; ref SeqAct_PlaySound[Target]
Lucia-fff8fffe	InterpActor_5	97	GLB-RingTransporter00	-71760	-19056	-17132	-190.56	-171.32	-717.60	include	matinee:rest-anchored rise=74cm	matinee ring1#265 [Move(7 keys)]
Lucia-fff8fffe	InterpActor_6	98	GLB-RingTransporter00	-71760	-19056	-17136	-190.56	-171.36	-717.60	include	matinee:rest-anchored rise=138cm	matinee ring2#265 [Move(7 keys)]
Lucia-fff8fffe	InterpActor_7	99	GLB-RingTransporter00	-71760	-19056	-17136	-190.56	-171.36	-717.60	include	matinee:rest-anchored rise=202cm	matinee ring3#265 [Move(7 keys)]
Lucia-fff8fffe	InterpActor_8	100	GLB-RingTransporter00	-71760	-19056	-17136	-190.56	-171.36	-717.60	include	matinee:rest-anchored rise=266cm	matinee ring4#265 [Move(7 keys)]
Lucia-fff8fffe	InterpActor_9	101	GLB-RingTransporter00	-71760	-19056	-17136	-190.56	-171.36	-717.60	include	matinee:rest-anchored rise=330cm	matinee ring5#265 [Move(7 keys)]
Lucia-fffa0006	InterpActor_22	66	GLB-RingTransporter00	-60034	64252	-13269	642.52	-132.69	-600.34	include	matinee:rest-anchored rise=74cm	matinee ring1#199 [Move(7 keys)]
Lucia-fffa0006	InterpActor_23	67	GLB-RingTransporter00	-60034	64252	-13273	642.52	-132.73	-600.34	include	matinee:rest-anchored rise=138cm	matinee ring2#199 [Move(7 keys)]
Lucia-fffa0006	InterpActor_24	68	GLB-RingTransporter00	-60034	64252	-13273	642.52	-132.73	-600.34	include	matinee:rest-anchored rise=202cm	matinee ring3#199 [Move(7 keys)]
Lucia-fffa0006	InterpActor_25	69	GLB-RingTransporter00	-60034	64252	-13273	642.52	-132.73	-600.34	include	matinee:rest-anchored rise=266cm	matinee ring4#199 [Move(7 keys)]
Lucia-fffa0006	InterpActor_26	70	GLB-RingTransporter00	-60034	64252	-13273	642.52	-132.73	-600.34	include	matinee:rest-anchored rise=330cm	matinee ring5#199 [Move(7 keys)]
Lucia-fffc0000	InterpActor_0	97	HB-Humvee_02	-35994	4173	-14728	41.73	-147.28	-359.94	include	matinee:rest-anchored rise=6cm	matinee humvee#374 [Move(5 keys)]; ref SeqAct_PlaySound[Target]
Lucia-fffc0000	InterpActor_5	98	GLB-RingTransporter00	-37338	6626	-14698	66.26	-146.98	-373.38	include	matinee:rest-anchored rise=74cm	matinee ring1#373 [Move(7 keys)]
Lucia-fffc0000	InterpActor_6	99	GLB-RingTransporter00	-37338	6626	-14702	66.26	-147.02	-373.38	include	matinee:rest-anchored rise=138cm	matinee ring2#373 [Move(7 keys)]
Lucia-fffc0000	InterpActor_7	100	GLB-RingTransporter00	-37338	6626	-14702	66.26	-147.02	-373.38	include	matinee:rest-anchored rise=202cm	matinee ring3#373 [Move(7 keys)]
Lucia-fffc0000	InterpActor_8	101	GLB-RingTransporter00	-37338	6626	-14702	66.26	-147.02	-373.38	include	matinee:rest-anchored rise=266cm	matinee ring4#373 [Move(7 keys)]
Lucia-fffc0000	InterpActor_9	102	GLB-RingTransporter00	-37338	6626	-14702	66.26	-147.02	-373.38	include	matinee:rest-anchored rise=330cm	matinee ring5#373 [Move(7 keys)]
Lucia-fffd0000	InterpActor_103	112	HT-StreetLamp00	-20166	8146	-15623	81.46	-156.23	-201.66	include	matinee:rest-anchored rise=17cm	matinee Lamp#436 [Move(3 keys)]; ref SeqAct_PlaySound[Target]
Lucia-fffd0000	InterpActor_105	114	HT-StreetLamp00	-20166	5027	-15623	50.27	-156.23	-201.66	include	matinee:rest-anchored rise=17cm	matinee Lamp#437 [Move(3 keys)]; ref SeqAct_PlaySound[Target]
Lucia-fffd0000	InterpActor_107	116	HT-StreetLamp00	-21409	9383	-15623	93.83	-156.23	-214.09	include	matinee:rest-anchored rise=17cm	matinee Lamp#438 [Move(3 keys)]; ref SeqAct_PlaySound[Target]
Lucia-fffd0000	InterpActor_109	118	HT-StreetLamp00	-21395	3819	-15623	38.19	-156.23	-213.95	include	matinee:rest-anchored rise=17cm	matinee Lamp#439 [Move(3 keys)]; ref SeqAct_PlaySound[Target]
Lucia-fffd0000	InterpActor_111	120	HT-StreetLamp00	-20800	926	-15623	9.26	-156.23	-208.00	include	matinee:rest-anchored rise=17cm	matinee Lamp#435 [Move(3 keys)]; ref SeqAct_PlaySound[Target]
Lucia-fffd0000	InterpActor_21	121	HB-Humvee_02	-21104	4096	-16400	40.96	-164.00	-211.04	include	matinee:rest-anchored rise=6cm	matinee humvee#433 [Move(5 keys)]; ref SeqAct_PlaySound[Target]
Lucia-fffd0000	InterpActor_22	122	HB-Humvee_02	-20928	9152	-16400	91.52	-164.00	-209.28	include	matinee:rest-anchored rise=6cm	matinee humvee#432 [Move(5 keys)]; ref SeqAct_PlaySound[Target]
Lucia-fffd0000	InterpActor_63	124	HB-StreetLamp01	-20201	6605	-15717	66.05	-157.17	-202.01	include	matinee:rest-anchored rise=17cm	matinee Lamp#434 [Move(3 keys)]; ref SeqAct_PlaySound[Target]
Lucia-fffd0001	InterpActor_45	126	HT-StreetLamp00	-20810	12310	-15623	123.10	-156.23	-208.10	include	matinee:rest-anchored rise=17cm	matinee Lamp#510 [Move(3 keys)]; ref SeqAct_PlaySound[Target]
Lucia-fffd0001	InterpActor_47	128	HT-StreetLamp00	-22018	13483	-15623	134.83	-156.23	-220.18	include	matinee:rest-anchored rise=17cm	matinee Lamp#511 [Move(3 keys)]; ref SeqAct_PlaySound[Target]
Lucia-fffd0001	InterpActor_49	130	HT-StreetLamp00	-23107	14614	-15623	146.14	-156.23	-231.07	include	matinee:rest-anchored rise=17cm	matinee Lamp#512 [Move(3 keys)]; ref SeqAct_PlaySound[Target]
Lucia-fffd0001	InterpActor_51	132	HT-StreetLamp00	-25921	17497	-15623	174.97	-156.23	-259.21	include	matinee:rest-anchored rise=17cm	matinee Lamp#507 [Move(3 keys)]; ref SeqAct_PlaySound[Target]
Lucia-fffd0001	InterpActor_55	134	HT-StreetLamp00	-24371	15864	-15623	158.64	-156.23	-243.71	include	matinee:rest-anchored rise=17cm	matinee Lamp#508 [Move(3 keys)]; ref SeqAct_PlaySound[Target]
Lucia-fffd0001	InterpActor_57	136	HT-StreetLamp00	-28883	18682	-15625	186.82	-156.25	-288.83	include	matinee:rest-anchored rise=17cm	matinee Lamp#509 [Move(3 keys)]; ref SeqAct_PlaySound[Target]
Lucia-fffd0001	InterpActor_59	138	HT-StreetLamp00	-24263	19272	-15623	192.72	-156.23	-242.63	include	matinee:rest-anchored rise=17cm	matinee Lamp#506 [Move(3 keys)]; ref SeqAct_PlaySound[Target]
Lucia-fffd0002	InterpActor_1	83	HT-StreetLamp00	-22759	21138	-15625	211.38	-156.25	-227.59	include	matinee:rest-anchored rise=17cm	matinee Lamp#295 [Move(3 keys)]; ref SeqAct_PlaySound[Target]
Lucia-fffd0002	InterpActor_3	85	HT-StreetLamp00	-25496	21138	-15625	211.38	-156.25	-254.96	include	matinee:rest-anchored rise=17cm	matinee Lamp#296 [Move(3 keys)]; ref SeqAct_PlaySound[Target]
Lucia-fffd0002	InterpActor_5	87	HT-StreetLamp00	-28622	20807	-15625	208.07	-156.25	-286.22	include	matinee:rest-anchored rise=17cm	matinee Lamp#297 [Move(3 keys)]; ref SeqAct_PlaySound[Target]
Lucia-fffd0002	InterpActor_7	89	HT-StreetLamp00	-26623	22456	-17457	224.56	-174.57	-266.23	include	matinee:rest-anchored rise=17cm	matinee Lamp#298 [Move(3 keys)]; ref SeqAct_PlaySound[Target]
Lucia-fffd0002	InterpActor_9	91	HT-StreetLamp00	-23569	22456	-17457	224.56	-174.57	-235.69	include	matinee:rest-anchored rise=17cm	matinee Lamp#294 [Move(3 keys)]; ref SeqAct_PlaySound[Target]
Lucia-fffdffff	InterpActor_161	106	HT-StreetLamp00	-20495	-6788	-15623	-67.88	-156.23	-204.95	include	matinee:rest-anchored rise=17cm	matinee Lamp#378 [Move(3 keys)]; ref SeqAct_PlaySound[Target]
Lucia-fffdffff	InterpActor_163	108	HT-StreetLamp00	-23563	-7816	-15620	-78.16	-156.20	-235.63	include	matinee:rest-anchored rise=17cm	matinee Lamp#379 [Move(3 keys)]; ref SeqAct_PlaySound[Target]
Lucia-fffdffff	InterpActor_165	110	HT-StreetLamp00	-26547	-7816	-15620	-78.16	-156.20	-265.47	include	matinee:rest-anchored rise=17cm	matinee Lamp#380 [Move(3 keys)]; ref SeqAct_PlaySound[Target]
Lucia-fffdffff	InterpActor_167	112	HT-StreetLamp00	-28754	-7636	-15620	-76.36	-156.20	-287.54	include	matinee:rest-anchored rise=17cm	matinee Lamp#375 [Move(3 keys)]; ref SeqAct_PlaySound[Target]
Lucia-fffdffff	InterpActor_169	114	HT-StreetLamp00	-28810	-5669	-15620	-56.69	-156.20	-288.10	include	matinee:rest-anchored rise=17cm	matinee Lamp#376 [Move(3 keys)]; ref SeqAct_PlaySound[Target]
Lucia-fffdffff	InterpActor_171	116	HT-StreetLamp00	-26623	-9159	-17457	-91.59	-174.57	-266.23	include	matinee:rest-anchored rise=17cm	matinee Lamp#377 [Move(3 keys)]; ref SeqAct_PlaySound[Target]
Lucia-fffdffff	InterpActor_173	118	HT-StreetLamp00	-23569	-9159	-17457	-91.59	-174.57	-235.69	include	matinee:rest-anchored rise=17cm	matinee Lamp#374 [Move(3 keys)]; ref SeqAct_PlaySound[Target]
Lucia-fffe0000	InterpActor_0	369	GLB-RingTransporter00	-13992	6684	-16364	66.84	-163.64	-139.92	include	matinee:rest-anchored rise=74cm	matinee ring1#1184 [Move(7 keys)]
Lucia-fffe0000	InterpActor_1	370	GLB-RingTransporter00	-13992	6684	-16368	66.84	-163.68	-139.92	include	matinee:rest-anchored rise=138cm	matinee ring2#1184 [Move(7 keys)]
Lucia-fffe0000	InterpActor_113	372	HT-StreetLamp00	-18709	6609	-15623	66.09	-156.23	-187.09	include	matinee:rest-anchored rise=17cm	matinee Lamp#1189 [Move(3 keys)]; ref SeqAct_PlaySound[Target]
Lucia-fffe0000	InterpActor_115	374	HT-StreetLamp00	-18366	9817	-15623	98.17	-156.23	-183.66	include	matinee:rest-anchored rise=17cm	matinee Lamp#1190 [Move(3 keys)]; ref SeqAct_PlaySound[Target]
Lucia-fffe0000	InterpActor_117	376	HT-StreetLamp00	-15247	9817	-15623	98.17	-156.23	-152.47	include	matinee:rest-anchored rise=17cm	matinee Lamp#1191 [Move(3 keys)]; ref SeqAct_PlaySound[Target]
Lucia-fffe0000	InterpActor_119	378	HT-StreetLamp00	-16785	8361	-15623	83.61	-156.23	-167.85	include	matinee:rest-anchored rise=17cm	matinee Lamp#1192 [Move(3 keys)]; ref SeqAct_PlaySound[Target]
Lucia-fffe0000	InterpActor_121	380	HT-StreetLamp00	-13560	8255	-15623	82.55	-156.23	-135.60	include	matinee:rest-anchored rise=17cm	matinee Lamp#1193 [Move(3 keys)]; ref SeqAct_PlaySound[Target]
Lucia-fffe0000	InterpActor_123	382	HT-StreetLamp00	-13560	5136	-15623	51.36	-156.23	-135.60	include	matinee:rest-anchored rise=17cm	matinee Lamp#1194 [Move(3 keys)]; ref SeqAct_PlaySound[Target]
Lucia-fffe0000	InterpActor_125	384	HT-StreetLamp00	-15016	6674	-15623	66.74	-156.23	-150.16	include	matinee:rest-anchored rise=17cm	matinee Lamp#1195 [Move(3 keys)]; ref SeqAct_PlaySound[Target]
Lucia-fffe0000	InterpActor_127	386	HT-StreetLamp00	-15332	3358	-15623	33.58	-156.23	-153.32	include	matinee:rest-anchored rise=17cm	matinee Lamp#1196 [Move(3 keys)]; ref SeqAct_PlaySound[Target]
Lucia-fffe0000	InterpActor_129	388	HT-StreetLamp00	-18334	3481	-15623	34.81	-156.23	-183.34	include	matinee:rest-anchored rise=17cm	matinee Lamp#1197 [Move(3 keys)]; ref SeqAct_PlaySound[Target]
Lucia-fffe0000	InterpActor_131	390	HT-StreetLamp00	-16913	4814	-15623	48.14	-156.23	-169.13	include	matinee:rest-anchored rise=17cm	matinee Lamp#1198 [Move(3 keys)]; ref SeqAct_PlaySound[Target]
Lucia-fffe0000	InterpActor_133	392	HT-StreetLamp00	-14079	2097	-15623	20.97	-156.23	-140.79	include	matinee:rest-anchored rise=17cm	matinee Lamp#1199 [Move(3 keys)]; ref SeqAct_PlaySound[Target]
Lucia-fffe0000	InterpActor_135	394	HT-StreetLamp00	-12307	3876	-15623	38.76	-156.23	-123.07	include	matinee:rest-anchored rise=17cm	matinee Lamp#1200 [Move(3 keys)]; ref SeqAct_PlaySound[Target]
Lucia-fffe0000	InterpActor_137	396	HT-StreetLamp00	-12871	882	-15623	8.82	-156.23	-128.71	include	matinee:rest-anchored rise=17cm	matinee Lamp#1201 [Move(3 keys)]; ref SeqAct_PlaySound[Target]
Lucia-fffe0000	InterpActor_139	398	HT-StreetLamp00	-11099	2660	-15623	26.60	-156.23	-110.99	include	matinee:rest-anchored rise=17cm	matinee Lamp#1202 [Move(3 keys)]; ref SeqAct_PlaySound[Target]
Lucia-fffe0000	InterpActor_141	400	HT-StreetLamp00	-19623	2207	-15623	22.07	-156.23	-196.23	include	matinee:rest-anchored rise=17cm	matinee Lamp#1203 [Move(3 keys)]; ref SeqAct_PlaySound[Target]
Lucia-fffe0000	InterpActor_143	402	HT-StreetLamp00	-12500	9325	-15623	93.25	-156.23	-125.00	include	matinee:rest-anchored rise=17cm	matinee Lamp#1204 [Move(3 keys)]; ref SeqAct_PlaySound[Target]
Lucia-fffe0000	InterpActor_145	404	HT-StreetLamp00	-11645	6687	-15862	66.87	-158.62	-116.45	include	matinee:rest-anchored rise=17cm	matinee Lamp#1188 [Move(3 keys)]; ref SeqAct_PlaySound[Target]
Lucia-fffe0000	InterpActor_16	405	HB-Humvee_01	-19045	2877	-16400	28.77	-164.00	-190.45	include	matinee:rest-anchored rise=6cm	matinee humvee#1186 [Move(5 keys)]; ref SeqAct_PlaySound[Target]
Lucia-fffe0000	InterpActor_17	406	HB-Humvee_01	-13749	1962	-16400	19.62	-164.00	-137.49	include	matinee:rest-anchored rise=6cm	matinee humvee#1187 [Move(5 keys)]; ref SeqAct_PlaySound[Target]
Lucia-fffe0000	InterpActor_18	407	HB-Humvee_01	-13352	1391	-16400	13.91	-164.00	-133.52	include	matinee:rest-anchored rise=6cm	matinee humvee#1185 [Move(5 keys)]; ref SeqAct_PlaySound[Target]
Lucia-fffe0000	InterpActor_2	408	GLB-RingTransporter00	-13992	6684	-16368	66.84	-163.68	-139.92	include	matinee:rest-anchored rise=202cm	matinee ring3#1184 [Move(7 keys)]
Lucia-fffe0000	InterpActor_3	409	GLB-RingTransporter00	-13992	6684	-16368	66.84	-163.68	-139.92	include	matinee:rest-anchored rise=266cm	matinee ring4#1184 [Move(7 keys)]
Lucia-fffe0000	InterpActor_4	410	GLB-RingTransporter00	-13992	6684	-16368	66.84	-163.68	-139.92	include	matinee:rest-anchored rise=330cm	matinee ring5#1184 [Move(7 keys)]
Lucia-fffe0001	InterpActor_0	224	HT-FloatingLight01	-16824	11368	-15496	113.68	-154.96	-168.24	include	matinee:rest-anchored rise=4cm	matinee Lamp#756 [Move(5 keys)]; ref SeqAct_PlaySound[Target]
Lucia-fffe0001	InterpActor_61	226	HT-StreetLamp00	-19525	11039	-15623	110.39	-156.23	-195.25	include	matinee:rest-anchored rise=17cm	matinee Lamp#761 [Move(3 keys)]; ref SeqAct_PlaySound[Target]
Lucia-fffe0001	InterpActor_63	228	HT-StreetLamp00	-14188	10887	-15623	108.87	-156.23	-141.88	include	matinee:rest-anchored rise=17cm	matinee Lamp#762 [Move(3 keys)]; ref SeqAct_PlaySound[Target]
Lucia-fffe0001	InterpActor_65	230	HT-StreetLamp00	-12903	12142	-15623	121.42	-156.23	-129.03	include	matinee:rest-anchored rise=17cm	matinee Lamp#763 [Move(3 keys)]; ref SeqAct_PlaySound[Target]
Lucia-fffe0001	InterpActor_67	232	HT-StreetLamp00	-11216	10580	-15623	105.80	-156.23	-112.16	include	matinee:rest-anchored rise=17cm	matinee Lamp#758 [Move(3 keys)]; ref SeqAct_PlaySound[Target]
Lucia-fffe0001	InterpActor_69	234	HT-StreetLamp00	-11737	13300	-15623	133.00	-156.23	-117.37	include	matinee:rest-anchored rise=17cm	matinee Lamp#759 [Move(3 keys)]; ref SeqAct_PlaySound[Target]
Lucia-fffe0001	InterpActor_71	236	HT-StreetLamp00	-10050	11738	-15623	117.38	-156.23	-100.50	include	matinee:rest-anchored rise=17cm	matinee Lamp#760 [Move(3 keys)]; ref SeqAct_PlaySound[Target]
Lucia-fffe0001	InterpActor_73	238	HT-StreetLamp00	-10571	14466	-15623	144.66	-156.23	-105.71	include	matinee:rest-anchored rise=17cm	matinee Lamp#757 [Move(3 keys)]; ref SeqAct_PlaySound[Target]
Lucia-fffe0002	InterpActor_21	75	HT-StreetLamp00	-12714	20905	-15625	209.05	-156.25	-127.14	include	matinee:rest-anchored rise=17cm	matinee Lamp#276 [Move(3 keys)]; ref SeqAct_PlaySound[Target]
Lucia-fffe0002	InterpActor_23	77	HT-StreetLamp00	-16198	23817	-15625	238.17	-156.25	-161.98	include	matinee:rest-anchored rise=17cm	matinee Lamp#277 [Move(3 keys)]; ref SeqAct_PlaySound[Target]
Lucia-fffe0002	InterpActor_25	79	HT-StreetLamp00	-14671	22788	-15625	227.88	-156.25	-146.71	include	matinee:rest-anchored rise=17cm	matinee Lamp#278 [Move(3 keys)]; ref SeqAct_PlaySound[Target]
Lucia-fffe0002	InterpActor_27	81	HT-StreetLamp00	-17701	22788	-15625	227.88	-156.25	-177.01	include	matinee:rest-anchored rise=17cm	matinee Lamp#279 [Move(3 keys)]; ref SeqAct_PlaySound[Target]
Lucia-fffe0002	InterpActor_29	83	HT-StreetLamp00	-19696	20905	-15625	209.05	-156.25	-196.96	include	matinee:rest-anchored rise=17cm	matinee Lamp#275 [Move(3 keys)]; ref SeqAct_PlaySound[Target]
Lucia-fffe0002	InterpActor_70	84	GLB-RingTransporter00	-12583	22652	-18241	226.52	-182.41	-125.83	include	matinee:rest-anchored rise=74cm	matinee ring1#274 [Move(7 keys)]
Lucia-fffe0002	InterpActor_71	85	GLB-RingTransporter00	-12583	22652	-18245	226.52	-182.45	-125.83	include	matinee:rest-anchored rise=138cm	matinee ring2#274 [Move(7 keys)]
Lucia-fffe0002	InterpActor_72	86	GLB-RingTransporter00	-12583	22652	-18245	226.52	-182.45	-125.83	include	matinee:rest-anchored rise=202cm	matinee ring3#274 [Move(7 keys)]
Lucia-fffe0002	InterpActor_73	87	GLB-RingTransporter00	-12583	22652	-18245	226.52	-182.45	-125.83	include	matinee:rest-anchored rise=266cm	matinee ring4#274 [Move(7 keys)]
Lucia-fffe0002	InterpActor_74	88	GLB-RingTransporter00	-12583	22652	-18245	226.52	-182.45	-125.83	include	matinee:rest-anchored rise=330cm	matinee ring5#274 [Move(7 keys)]
Lucia-fffe000a	InterpActor_2	104	EM-SecurityCam01_Top	-11044	100134	-17126	1001.34	-171.26	-110.44	exclude	name:camera-head	matinee Cam#319 [Move(5 keys)]; ref SeqAct_PlaySound[Target]
Lucia-fffe000a	InterpActor_3	105	EM-SecurityCam01_Top	-11044	102014	-17126	1020.14	-171.26	-110.44	exclude	name:camera-head	matinee Cam#318 [Move(5 keys)]; ref SeqAct_PlaySound[Target]
Lucia-fffefff8	InterpActor_0	48	GLB-RingTransporter00	-15970	-75859	-17509	-758.59	-175.09	-159.70	include	matinee:rest-anchored rise=74cm	matinee ring1#139 [Move(7 keys)]
Lucia-fffefff8	InterpActor_1	49	GLB-RingTransporter00	-15970	-75859	-17513	-758.59	-175.13	-159.70	include	matinee:rest-anchored rise=138cm	matinee ring2#139 [Move(7 keys)]
Lucia-fffefff8	InterpActor_2	50	GLB-RingTransporter00	-15970	-75859	-17513	-758.59	-175.13	-159.70	include	matinee:rest-anchored rise=202cm	matinee ring3#139 [Move(7 keys)]
Lucia-fffefff8	InterpActor_3	51	GLB-RingTransporter00	-15970	-75859	-17513	-758.59	-175.13	-159.70	include	matinee:rest-anchored rise=266cm	matinee ring4#139 [Move(7 keys)]
Lucia-fffefff8	InterpActor_4	52	GLB-RingTransporter00	-15970	-75859	-17513	-758.59	-175.13	-159.70	include	matinee:rest-anchored rise=330cm	matinee ring5#139 [Move(7 keys)]
Lucia-fffefffe	InterpActor_227	64	HT-StreetLamp00	-16203	-10552	-15623	-105.52	-156.23	-162.03	include	matinee:rest-anchored rise=17cm	matinee Lamp#172 [Move(3 keys)]; ref SeqAct_PlaySound[Target]
Lucia-fffeffff	InterpActor_175	170	HT-StreetLamp00	-11716	-288	-15623	-2.88	-156.23	-117.16	include	matinee:rest-anchored rise=17cm	matinee Lamp#525 [Move(3 keys)]; ref SeqAct_PlaySound[Target]
Lucia-fffeffff	InterpActor_177	172	HT-StreetLamp00	-10561	-1458	-15623	-14.58	-156.23	-105.61	include	matinee:rest-anchored rise=17cm	matinee Lamp#526 [Move(3 keys)]; ref SeqAct_PlaySound[Target]
Lucia-fffeffff	InterpActor_179	174	HT-StreetLamp00	-12011	-6788	-15623	-67.88	-156.23	-120.11	include	matinee:rest-anchored rise=17cm	matinee Lamp#527 [Move(3 keys)]; ref SeqAct_PlaySound[Target]
Lucia-fffeffff	InterpActor_181	176	HT-StreetLamp00	-18358	-8888	-15623	-88.88	-156.23	-183.58	include	matinee:rest-anchored rise=17cm	matinee Lamp#528 [Move(3 keys)]; ref SeqAct_PlaySound[Target]
Lucia-fffeffff	InterpActor_183	178	HT-StreetLamp00	-14010	-8888	-15623	-88.88	-156.23	-140.10	include	matinee:rest-anchored rise=17cm	matinee Lamp#524 [Move(3 keys)]; ref SeqAct_PlaySound[Target]
Lucia-fffeffff	InterpActor_60	179	GLB-RingTransporter00	-12583	-9253	-18242	-92.53	-182.42	-125.83	include	matinee:rest-anchored rise=74cm	matinee ring1#523 [Move(7 keys)]
Lucia-fffeffff	InterpActor_61	180	GLB-RingTransporter00	-12583	-9253	-18246	-92.53	-182.46	-125.83	include	matinee:rest-anchored rise=138cm	matinee ring2#523 [Move(7 keys)]
Lucia-fffeffff	InterpActor_62	181	GLB-RingTransporter00	-12583	-9253	-18246	-92.53	-182.46	-125.83	include	matinee:rest-anchored rise=202cm	matinee ring3#523 [Move(7 keys)]
Lucia-fffeffff	InterpActor_63	182	GLB-RingTransporter00	-12583	-9253	-18246	-92.53	-182.46	-125.83	include	matinee:rest-anchored rise=266cm	matinee ring4#523 [Move(7 keys)]
Lucia-fffeffff	InterpActor_64	183	GLB-RingTransporter00	-12583	-9253	-18246	-92.53	-182.46	-125.83	include	matinee:rest-anchored rise=330cm	matinee ring5#523 [Move(7 keys)]
Lucia-ffff0000	InterpActor_147	71	HT-StreetLamp00	-9944	1490	-15623	14.90	-156.23	-99.44	include	matinee:rest-anchored rise=17cm	matinee Lamp#265 [Move(3 keys)]; ref SeqAct_PlaySound[Target]
Lucia-ffff0000	InterpActor_149	73	HT-StreetLamp00	-8789	320	-15623	3.20	-156.23	-87.89	include	matinee:rest-anchored rise=17cm	matinee Lamp#266 [Move(3 keys)]; ref SeqAct_PlaySound[Target]
Lucia-ffff0000	InterpActor_151	75	HT-StreetLamp00	-3425	845	-16037	8.45	-160.37	-34.25	include	matinee:rest-anchored rise=17cm	matinee Lamp#267 [Move(3 keys)]; ref SeqAct_PlaySound[Target]
Lucia-ffff0000	InterpActor_153	77	HT-StreetLamp00	-3425	2397	-16037	23.97	-160.37	-34.25	include	matinee:rest-anchored rise=17cm	matinee Lamp#262 [Move(3 keys)]; ref SeqAct_PlaySound[Target]
Lucia-ffff0000	InterpActor_155	79	HT-StreetLamp00	-2149	1201	-17502	12.01	-175.02	-21.49	include	matinee:rest-anchored rise=17cm	matinee Lamp#263 [Move(3 keys)]; ref SeqAct_PlaySound[Target]
Lucia-ffff0000	InterpActor_157	81	HT-StreetLamp00	-2149	6708	-17502	67.08	-175.02	-21.49	include	matinee:rest-anchored rise=17cm	matinee Lamp#264 [Move(3 keys)]; ref SeqAct_PlaySound[Target]
Lucia-ffff0000	InterpActor_30	82	GLB-RingTransporter00	-2593	5574	-18246	55.74	-182.46	-25.93	include	matinee:rest-anchored rise=74cm	matinee ring1#261 [Move(7 keys)]
Lucia-ffff0000	InterpActor_31	83	GLB-RingTransporter00	-2593	5574	-18250	55.74	-182.50	-25.93	include	matinee:rest-anchored rise=138cm	matinee ring2#261 [Move(7 keys)]
Lucia-ffff0000	InterpActor_32	84	GLB-RingTransporter00	-2593	5574	-18250	55.74	-182.50	-25.93	include	matinee:rest-anchored rise=202cm	matinee ring3#261 [Move(7 keys)]
Lucia-ffff0000	InterpActor_33	85	GLB-RingTransporter00	-2593	5574	-18250	55.74	-182.50	-25.93	include	matinee:rest-anchored rise=266cm	matinee ring4#261 [Move(7 keys)]
Lucia-ffff0000	InterpActor_34	86	GLB-RingTransporter00	-2593	5574	-18250	55.74	-182.50	-25.93	include	matinee:rest-anchored rise=330cm	matinee ring5#261 [Move(7 keys)]
Lucia-ffff0001	InterpActor_101	112	HT-StreetLamp00	-2149	18720	-17502	187.20	-175.02	-21.49	include	matinee:rest-anchored rise=17cm	matinee Lamp#410 [Move(3 keys)]; ref SeqAct_PlaySound[Target]
Lucia-ffff0001	InterpActor_75	114	HT-StreetLamp00	-8884	12904	-15623	129.04	-156.23	-88.84	include	matinee:rest-anchored rise=17cm	matinee Lamp#411 [Move(3 keys)]; ref SeqAct_PlaySound[Target]
Lucia-ffff0001	InterpActor_77	116	HT-StreetLamp00	-7599	14181	-15623	141.81	-156.23	-75.99	include	matinee:rest-anchored rise=17cm	matinee Lamp#412 [Move(3 keys)]; ref SeqAct_PlaySound[Target]
Lucia-ffff0001	InterpActor_79	118	HT-StreetLamp00	-9287	15743	-15623	157.43	-156.23	-92.87	include	matinee:rest-anchored rise=17cm	matinee Lamp#413 [Move(3 keys)]; ref SeqAct_PlaySound[Target]
Lucia-ffff0001	InterpActor_81	120	HT-StreetLamp00	-6314	15496	-15623	154.96	-156.23	-63.14	include	matinee:rest-anchored rise=17cm	matinee Lamp#414 [Move(3 keys)]; ref SeqAct_PlaySound[Target]
Lucia-ffff0001	InterpActor_83	122	HT-StreetLamp00	-8002	17058	-15623	170.58	-156.23	-80.02	include	matinee:rest-anchored rise=17cm	matinee Lamp#415 [Move(3 keys)]; ref SeqAct_PlaySound[Target]
Lucia-ffff0001	InterpActor_85	124	HT-StreetLamp00	-3425	18992	-15623	189.92	-156.23	-34.25	include	matinee:rest-anchored rise=17cm	matinee Lamp#416 [Move(3 keys)]; ref SeqAct_PlaySound[Target]
Lucia-ffff0001	InterpActor_87	126	HT-StreetLamp00	-3425	17414	-15623	174.14	-156.23	-34.25	include	matinee:rest-anchored rise=17cm	matinee Lamp#417 [Move(3 keys)]; ref SeqAct_PlaySound[Target]
Lucia-ffff0001	InterpActor_89	128	HT-StreetLamp00	-3425	16057	-15623	160.57	-156.23	-34.25	include	matinee:rest-anchored rise=17cm	matinee Lamp#418 [Move(3 keys)]; ref SeqAct_PlaySound[Target]
Lucia-ffff0001	InterpActor_91	130	HT-StreetLamp00	-3425	14070	-16037	140.70	-160.37	-34.25	include	matinee:rest-anchored rise=17cm	matinee Lamp#419 [Move(3 keys)]; ref SeqAct_PlaySound[Target]
Lucia-ffff0001	InterpActor_93	132	HT-StreetLamp00	-3425	12518	-16037	125.18	-160.37	-34.25	include	matinee:rest-anchored rise=17cm	matinee Lamp#420 [Move(3 keys)]; ref SeqAct_PlaySound[Target]
Lucia-ffff0001	InterpActor_95	134	HT-StreetLamp00	-3425	10929	-16037	109.29	-160.37	-34.25	include	matinee:rest-anchored rise=17cm	matinee Lamp#421 [Move(3 keys)]; ref SeqAct_PlaySound[Target]
Lucia-ffff0001	InterpActor_97	136	HT-StreetLamp00	-2149	12090	-17502	120.90	-175.02	-21.49	include	matinee:rest-anchored rise=17cm	matinee Lamp#422 [Move(3 keys)]; ref SeqAct_PlaySound[Target]
Lucia-ffff0001	InterpActor_99	138	HT-StreetLamp00	-2149	15973	-17502	159.73	-175.02	-21.49	include	matinee:rest-anchored rise=17cm	matinee Lamp#423 [Move(3 keys)]; ref SeqAct_PlaySound[Target]
Lucia-ffff0002	InterpActor_31	87	HT-StreetLamp00	-3425	21090	-15623	210.90	-156.23	-34.25	include	matinee:rest-anchored rise=17cm	matinee Lamp#263 [Move(3 keys)]; ref SeqAct_PlaySound[Target]
Lucia-ffff0002	InterpActor_33	89	HT-StreetLamp00	-9598	21144	-15623	211.44	-156.23	-95.98	include	matinee:rest-anchored rise=17cm	matinee Lamp#264 [Move(3 keys)]; ref SeqAct_PlaySound[Target]
Lucia-ffff0002	InterpActor_35	91	HT-StreetLamp00	-6387	21144	-15623	211.44	-156.23	-63.87	include	matinee:rest-anchored rise=17cm	matinee Lamp#265 [Move(3 keys)]; ref SeqAct_PlaySound[Target]
Lucia-ffff0002	InterpActor_37	93	HT-StreetLamp00	-6038	22456	-17457	224.56	-174.57	-60.38	include	matinee:rest-anchored rise=17cm	matinee Lamp#266 [Move(3 keys)]; ref SeqAct_PlaySound[Target]
Lucia-ffff0002	InterpActor_39	95	HT-StreetLamp00	-9093	22456	-17457	224.56	-174.57	-90.93	include	matinee:rest-anchored rise=17cm	matinee Lamp#262 [Move(3 keys)]; ref SeqAct_PlaySound[Target]
Lucia-ffff0009	InterpActor_0	164	LUS-MetalBox00	-8560	98045	-17415	980.45	-174.15	-85.60	exclude	matinee:rotates 33deg	matinee cargo#521 [Move(2 keys)]
Lucia-ffff0009	InterpActor_10	165	EM-Antenna00	-9990	92584	-16710	925.84	-167.10	-99.90	exclude	matinee:rotates 45deg	matinee RadarTower#515 [Move(5 keys)]; ref SeqAct_PlaySound[Target]
Lucia-ffff0009	InterpActor_12	166	EM-SecurityCam01_Top	-665	98277	-17068	982.77	-170.68	-6.65	exclude	name:camera-head	matinee Cam#517 [Move(5 keys)]; ref SeqAct_PlaySound[Target]
Lucia-ffff0009	InterpActor_13	167	EM-SecurityCam01_Top	-2463	99507	-17250	995.07	-172.50	-24.63	exclude	name:camera-head	matinee Cam#518 [Move(5 keys)]; ref SeqAct_PlaySound[Target]
Lucia-ffff0009	InterpActor_14	168	EM-SecurityCam01_Top	-8324	95301	-17252	953.01	-172.52	-83.24	exclude	name:camera-head	matinee Cam#519 [Move(5 keys)]; ref SeqAct_PlaySound[Target]
Lucia-ffff0009	InterpActor_15	169	EM-SecurityCam01_Top	-8124	95099	-17252	950.99	-172.52	-81.24	exclude	name:camera-head	matinee Cam#520 [Move(5 keys)]; ref SeqAct_PlaySound[Target]
Lucia-ffff0009	InterpActor_16	170	EM-SecurityCam01_Top	-5034	95301	-17252	953.01	-172.52	-50.34	exclude	name:camera-head	matinee Cam#516 [Move(5 keys)]; ref SeqAct_PlaySound[Target]
Lucia-ffffffff	InterpActor_185	182	HT-StreetLamp00	-7566	-865	-15623	-8.65	-156.23	-75.66	include	matinee:rest-anchored rise=17cm	matinee Lamp#635 [Move(3 keys)]; ref SeqAct_PlaySound[Target]
Lucia-ffffffff	InterpActor_187	184	HT-StreetLamp00	-9338	-2644	-15623	-26.44	-156.23	-93.38	include	matinee:rest-anchored rise=17cm	matinee Lamp#636 [Move(3 keys)]; ref SeqAct_PlaySound[Target]
Lucia-ffffffff	InterpActor_197	186	HT-StreetLamp00	-6479	-1959	-15623	-19.59	-156.23	-64.79	include	matinee:rest-anchored rise=17cm	matinee Lamp#637 [Move(3 keys)]; ref SeqAct_PlaySound[Target]
Lucia-ffffffff	InterpActor_199	188	HT-StreetLamp00	-8251	-3738	-15623	-37.38	-156.23	-82.51	include	matinee:rest-anchored rise=17cm	matinee Lamp#638 [Move(3 keys)]; ref SeqAct_PlaySound[Target]
Lucia-ffffffff	InterpActor_201	190	HT-StreetLamp00	-3425	-743	-16037	-7.43	-160.37	-34.25	include	matinee:rest-anchored rise=17cm	matinee Lamp#639 [Move(3 keys)]; ref SeqAct_PlaySound[Target]
Lucia-ffffffff	InterpActor_203	192	HT-StreetLamp00	-3425	-2596	-15623	-25.96	-156.23	-34.25	include	matinee:rest-anchored rise=17cm	matinee Lamp#640 [Move(3 keys)]; ref SeqAct_PlaySound[Target]
Lucia-ffffffff	InterpActor_205	194	HT-StreetLamp00	-3425	-4089	-15623	-40.89	-156.23	-34.25	include	matinee:rest-anchored rise=17cm	matinee Lamp#641 [Move(3 keys)]; ref SeqAct_PlaySound[Target]
Lucia-ffffffff	InterpActor_207	196	HT-StreetLamp00	-3425	-5667	-15623	-56.67	-156.23	-34.25	include	matinee:rest-anchored rise=17cm	matinee Lamp#642 [Move(3 keys)]; ref SeqAct_PlaySound[Target]
Lucia-ffffffff	InterpActor_209	198	HT-StreetLamp00	-3425	-7767	-15623	-77.67	-156.23	-34.25	include	matinee:rest-anchored rise=17cm	matinee Lamp#643 [Move(3 keys)]; ref SeqAct_PlaySound[Target]
Lucia-ffffffff	InterpActor_215	200	HT-StreetLamp00	-2149	-2603	-17502	-26.03	-175.02	-21.49	include	matinee:rest-anchored rise=17cm	matinee Lamp#644 [Move(3 keys)]; ref SeqAct_PlaySound[Target]
Lucia-ffffffff	InterpActor_217	202	HT-StreetLamp00	-2149	-5766	-17502	-57.66	-175.02	-21.49	include	matinee:rest-anchored rise=17cm	matinee Lamp#645 [Move(3 keys)]; ref SeqAct_PlaySound[Target]
Lucia-ffffffff	InterpActor_219	204	HT-StreetLamp00	-6387	-7767	-15623	-77.67	-156.23	-63.87	include	matinee:rest-anchored rise=17cm	matinee Lamp#646 [Move(3 keys)]; ref SeqAct_PlaySound[Target]
Lucia-ffffffff	InterpActor_221	206	HT-StreetLamp00	-9598	-7767	-15623	-77.67	-156.23	-95.98	include	matinee:rest-anchored rise=17cm	matinee Lamp#647 [Move(3 keys)]; ref SeqAct_PlaySound[Target]
Lucia-ffffffff	InterpActor_223	208	HT-StreetLamp00	-9093	-9159	-17457	-91.59	-174.57	-90.93	include	matinee:rest-anchored rise=17cm	matinee Lamp#648 [Move(3 keys)]; ref SeqAct_PlaySound[Target]
Lucia-ffffffff	InterpActor_225	210	HT-StreetLamp00	-6038	-9159	-17457	-91.59	-174.57	-60.38	include	matinee:rest-anchored rise=17cm	matinee Lamp#634 [Move(3 keys)]; ref SeqAct_PlaySound[Target]
Menfa_Dark-00000006	InterpActor_10	280	GLB-RingTransporter00	7744	62784	-4592	627.84	-45.92	77.44	include	matinee:rest-anchored rise=74cm	matinee ring1#787 [Move(7 keys)]
Menfa_Dark-00000006	InterpActor_11	281	GLB-RingTransporter00	7744	62784	-4600	627.84	-46.00	77.44	include	matinee:rest-anchored rise=138cm	matinee ring2#787 [Move(7 keys)]
Menfa_Dark-00000006	InterpActor_12	282	GLB-RingTransporter00	7744	62784	-4600	627.84	-46.00	77.44	include	matinee:rest-anchored rise=202cm	matinee ring3#787 [Move(7 keys)]
Menfa_Dark-00000006	InterpActor_13	283	GLB-RingTransporter00	7744	62784	-4600	627.84	-46.00	77.44	include	matinee:rest-anchored rise=266cm	matinee ring4#787 [Move(7 keys)]
Menfa_Dark-00000006	InterpActor_14	284	GLB-RingTransporter00	7744	62784	-4600	627.84	-46.00	77.44	include	matinee:rest-anchored rise=330cm	matinee ring5#787 [Move(7 keys)]
Menfa_Dark-00000007	InterpActor_0	252	GLB-RingTransporter00	7744	75072	-4592	750.72	-45.92	77.44	include	matinee:rest-anchored rise=74cm	matinee ring1#712 [Move(7 keys)]
Menfa_Dark-00000007	InterpActor_1	253	GLB-RingTransporter00	7744	75072	-4600	750.72	-46.00	77.44	include	matinee:rest-anchored rise=138cm	matinee ring2#712 [Move(7 keys)]
Menfa_Dark-00000007	InterpActor_2	254	GLB-RingTransporter00	7744	75072	-4600	750.72	-46.00	77.44	include	matinee:rest-anchored rise=202cm	matinee ring3#712 [Move(7 keys)]
Menfa_Dark-00000007	InterpActor_3	255	GLB-RingTransporter00	7744	75072	-4600	750.72	-46.00	77.44	include	matinee:rest-anchored rise=266cm	matinee ring4#712 [Move(7 keys)]
Menfa_Dark-00000007	InterpActor_4	256	GLB-RingTransporter00	7744	75072	-4600	750.72	-46.00	77.44	include	matinee:rest-anchored rise=330cm	matinee ring5#712 [Move(7 keys)]
Menfa_Dark-0000fff8	InterpActor_5	544	GLB-RingTransporter00	3168	-70630	-4308	-706.30	-43.08	31.68	include	matinee:rest-anchored rise=74cm	matinee ring1#1462 [Move(7 keys)]
Menfa_Dark-0000fff8	InterpActor_6	545	GLB-RingTransporter00	3168	-70630	-4312	-706.30	-43.12	31.68	include	matinee:rest-anchored rise=138cm	matinee ring2#1462 [Move(7 keys)]
Menfa_Dark-0000fff8	InterpActor_7	546	GLB-RingTransporter00	3168	-70630	-4312	-706.30	-43.12	31.68	include	matinee:rest-anchored rise=202cm	matinee ring3#1462 [Move(7 keys)]
Menfa_Dark-0000fff8	InterpActor_8	547	GLB-RingTransporter00	3168	-70630	-4312	-706.30	-43.12	31.68	include	matinee:rest-anchored rise=266cm	matinee ring4#1462 [Move(7 keys)]
Menfa_Dark-0000fff8	InterpActor_9	548	GLB-RingTransporter00	3168	-70630	-4312	-706.30	-43.12	31.68	include	matinee:rest-anchored rise=330cm	matinee ring5#1462 [Move(7 keys)]
Menfa_Dark-0001fff8	InterpActor_10	168	GLB-RingTransporter00	13344	-76736	-4560	-767.36	-45.60	133.44	include	matinee:rest-anchored rise=74cm	matinee ring1#489 [Move(7 keys)]
Menfa_Dark-0001fff8	InterpActor_11	169	GLB-RingTransporter00	13344	-76736	-4568	-767.36	-45.68	133.44	include	matinee:rest-anchored rise=138cm	matinee ring2#489 [Move(7 keys)]
Menfa_Dark-0001fff8	InterpActor_12	170	GLB-RingTransporter00	13344	-76736	-4568	-767.36	-45.68	133.44	include	matinee:rest-anchored rise=202cm	matinee ring3#489 [Move(7 keys)]
Menfa_Dark-0001fff8	InterpActor_13	171	GLB-RingTransporter00	13344	-76736	-4568	-767.36	-45.68	133.44	include	matinee:rest-anchored rise=266cm	matinee ring4#489 [Move(7 keys)]
Menfa_Dark-0001fff8	InterpActor_14	172	GLB-RingTransporter00	13344	-76736	-4568	-767.36	-45.68	133.44	include	matinee:rest-anchored rise=330cm	matinee ring5#489 [Move(7 keys)]
Menfa_Dark-0001fff9	InterpActor_0	196	GLB-RingTransporter00	13344	-64448	-4560	-644.48	-45.60	133.44	include	matinee:rest-anchored rise=74cm	matinee ring1#534 [Move(7 keys)]
Menfa_Dark-0001fff9	InterpActor_1	197	GLB-RingTransporter00	13344	-64448	-4568	-644.48	-45.68	133.44	include	matinee:rest-anchored rise=138cm	matinee ring2#534 [Move(7 keys)]
Menfa_Dark-0001fff9	InterpActor_2	198	GLB-RingTransporter00	13344	-64448	-4568	-644.48	-45.68	133.44	include	matinee:rest-anchored rise=202cm	matinee ring3#534 [Move(7 keys)]
Menfa_Dark-0001fff9	InterpActor_3	199	GLB-RingTransporter00	13344	-64448	-4568	-644.48	-45.68	133.44	include	matinee:rest-anchored rise=266cm	matinee ring4#534 [Move(7 keys)]
Menfa_Dark-0001fff9	InterpActor_4	200	GLB-RingTransporter00	13344	-64448	-4568	-644.48	-45.68	133.44	include	matinee:rest-anchored rise=330cm	matinee ring5#534 [Move(7 keys)]
Menfa_Dark-0001fffc	InterpActor_60	338	GLB-RingTransporter00	15946	-32624	3004	-326.24	30.04	159.46	include	matinee:rest-anchored rise=74cm	matinee ring1#965 [Move(7 keys)]
Menfa_Dark-0001fffc	InterpActor_61	339	GLB-RingTransporter00	15946	-32624	3000	-326.24	30.00	159.46	include	matinee:rest-anchored rise=138cm	matinee ring2#965 [Move(7 keys)]
Menfa_Dark-0001fffc	InterpActor_62	340	GLB-RingTransporter00	15946	-32624	3000	-326.24	30.00	159.46	include	matinee:rest-anchored rise=202cm	matinee ring3#965 [Move(7 keys)]
Menfa_Dark-0001fffc	InterpActor_63	341	GLB-RingTransporter00	15946	-32624	3000	-326.24	30.00	159.46	include	matinee:rest-anchored rise=266cm	matinee ring4#965 [Move(7 keys)]
Menfa_Dark-0001fffc	InterpActor_64	342	GLB-RingTransporter00	15946	-32624	3000	-326.24	30.00	159.46	include	matinee:rest-anchored rise=330cm	matinee ring5#965 [Move(7 keys)]
Menfa_Dark-0002fffb	InterpActor_65	208	GLB-RingTransporter00	29432	-47142	1852	-471.42	18.52	294.32	include	matinee:rest-anchored rise=74cm	matinee ring1#615 [Move(7 keys)]
Menfa_Dark-0002fffb	InterpActor_66	209	GLB-RingTransporter00	29432	-47142	1848	-471.42	18.48	294.32	include	matinee:rest-anchored rise=138cm	matinee ring2#615 [Move(7 keys)]
Menfa_Dark-0002fffb	InterpActor_67	210	GLB-RingTransporter00	29432	-47142	1848	-471.42	18.48	294.32	include	matinee:rest-anchored rise=202cm	matinee ring3#615 [Move(7 keys)]
Menfa_Dark-0002fffb	InterpActor_68	211	GLB-RingTransporter00	29432	-47142	1848	-471.42	18.48	294.32	include	matinee:rest-anchored rise=266cm	matinee ring4#615 [Move(7 keys)]
Menfa_Dark-0002fffb	InterpActor_69	212	GLB-RingTransporter00	29432	-47142	1848	-471.42	18.48	294.32	include	matinee:rest-anchored rise=330cm	matinee ring5#615 [Move(7 keys)]
Menfa_Dark-0003fff9	InterpActor_5	454	GLB-RingTransporter00	36975	-68011	-4182	-680.11	-41.82	369.75	include	matinee:rest-anchored rise=74cm	matinee ring1#1230 [Move(7 keys)]
Menfa_Dark-0003fff9	InterpActor_6	455	GLB-RingTransporter00	36975	-68011	-4186	-680.11	-41.86	369.75	include	matinee:rest-anchored rise=138cm	matinee ring2#1230 [Move(7 keys)]
Menfa_Dark-0003fff9	InterpActor_7	456	GLB-RingTransporter00	36975	-68011	-4186	-680.11	-41.86	369.75	include	matinee:rest-anchored rise=202cm	matinee ring3#1230 [Move(7 keys)]
Menfa_Dark-0003fff9	InterpActor_8	457	GLB-RingTransporter00	36975	-68011	-4186	-680.11	-41.86	369.75	include	matinee:rest-anchored rise=266cm	matinee ring4#1230 [Move(7 keys)]
Menfa_Dark-0003fff9	InterpActor_9	458	GLB-RingTransporter00	36975	-68011	-4186	-680.11	-41.86	369.75	include	matinee:rest-anchored rise=330cm	matinee ring5#1230 [Move(7 keys)]
Menfa_Dark-00040000	InterpActor_5	210	GLB-RingTransporter00	42828	2833	2923	28.33	29.23	428.28	include	matinee:rest-anchored rise=74cm	matinee ring1#569 [Move(7 keys)]
Menfa_Dark-00040000	InterpActor_6	211	GLB-RingTransporter00	42828	2833	2919	28.33	29.19	428.28	include	matinee:rest-anchored rise=138cm	matinee ring2#569 [Move(7 keys)]
Menfa_Dark-00040000	InterpActor_7	212	GLB-RingTransporter00	42828	2833	2919	28.33	29.19	428.28	include	matinee:rest-anchored rise=202cm	matinee ring3#569 [Move(7 keys)]
Menfa_Dark-00040000	InterpActor_8	213	GLB-RingTransporter00	42828	2833	2919	28.33	29.19	428.28	include	matinee:rest-anchored rise=266cm	matinee ring4#569 [Move(7 keys)]
Menfa_Dark-00040000	InterpActor_9	214	GLB-RingTransporter00	42828	2833	2919	28.33	29.19	428.28	include	matinee:rest-anchored rise=330cm	matinee ring5#569 [Move(7 keys)]
Menfa_Dark-00040001	InterpActor_15	14	GLB-RingTransporter00	48320	10608	-19408	106.08	-194.08	483.20	include	matinee:rest-anchored rise=74cm	matinee ring1#57 [Move(7 keys)]
Menfa_Dark-00040001	InterpActor_16	15	GLB-RingTransporter00	48320	10608	-19412	106.08	-194.12	483.20	include	matinee:rest-anchored rise=138cm	matinee ring2#57 [Move(7 keys)]
Menfa_Dark-00040001	InterpActor_17	16	GLB-RingTransporter00	48320	10608	-19412	106.08	-194.12	483.20	include	matinee:rest-anchored rise=202cm	matinee ring3#57 [Move(7 keys)]
Menfa_Dark-00040001	InterpActor_18	17	GLB-RingTransporter00	48320	10608	-19412	106.08	-194.12	483.20	include	matinee:rest-anchored rise=266cm	matinee ring4#57 [Move(7 keys)]
Menfa_Dark-00040001	InterpActor_19	18	GLB-RingTransporter00	48320	10608	-19412	106.08	-194.12	483.20	include	matinee:rest-anchored rise=330cm	matinee ring5#57 [Move(7 keys)]
Menfa_Dark-0004fff9	InterpActor_0	282	GLB-RingTransporter00	47151	-61829	-4434	-618.29	-44.34	471.51	include	matinee:rest-anchored rise=74cm	matinee ring1#791 [Move(7 keys)]
Menfa_Dark-0004fff9	InterpActor_1	283	GLB-RingTransporter00	47151	-61829	-4442	-618.29	-44.42	471.51	include	matinee:rest-anchored rise=138cm	matinee ring2#791 [Move(7 keys)]
Menfa_Dark-0004fff9	InterpActor_2	284	GLB-RingTransporter00	47151	-61829	-4442	-618.29	-44.42	471.51	include	matinee:rest-anchored rise=202cm	matinee ring3#791 [Move(7 keys)]
Menfa_Dark-0004fff9	InterpActor_3	285	GLB-RingTransporter00	47151	-61829	-4442	-618.29	-44.42	471.51	include	matinee:rest-anchored rise=266cm	matinee ring4#791 [Move(7 keys)]
Menfa_Dark-0004fff9	InterpActor_4	286	GLB-RingTransporter00	47151	-61829	-4442	-618.29	-44.42	471.51	include	matinee:rest-anchored rise=330cm	matinee ring5#791 [Move(7 keys)]
Menfa_Dark-0004fffd	InterpActor_55	278	GLB-RingTransporter00	44495	-26535	1276	-265.35	12.76	444.95	include	matinee:rest-anchored rise=74cm	matinee ring1#823 [Move(7 keys)]
Menfa_Dark-0004fffd	InterpActor_56	279	GLB-RingTransporter00	44495	-26535	1272	-265.35	12.72	444.95	include	matinee:rest-anchored rise=138cm	matinee ring2#823 [Move(7 keys)]
Menfa_Dark-0004fffd	InterpActor_57	280	GLB-RingTransporter00	44495	-26535	1272	-265.35	12.72	444.95	include	matinee:rest-anchored rise=202cm	matinee ring3#823 [Move(7 keys)]
Menfa_Dark-0004fffd	InterpActor_58	281	GLB-RingTransporter00	44495	-26535	1272	-265.35	12.72	444.95	include	matinee:rest-anchored rise=266cm	matinee ring4#823 [Move(7 keys)]
Menfa_Dark-0004fffd	InterpActor_59	282	GLB-RingTransporter00	44495	-26535	1272	-265.35	12.72	444.95	include	matinee:rest-anchored rise=330cm	matinee ring5#823 [Move(7 keys)]
Menfa_Dark-fff9fffd	InterpActor_0	456	GLB-RingTransporter00	-64184	-20590	-7044	-205.90	-70.44	-641.84	include	matinee:rest-anchored rise=74cm	matinee ring1#1293 [Move(7 keys)]
Menfa_Dark-fff9fffd	InterpActor_1	457	GLB-RingTransporter00	-64184	-20590	-7048	-205.90	-70.48	-641.84	include	matinee:rest-anchored rise=138cm	matinee ring2#1293 [Move(7 keys)]
Menfa_Dark-fff9fffd	InterpActor_2	458	GLB-RingTransporter00	-64184	-20590	-7048	-205.90	-70.48	-641.84	include	matinee:rest-anchored rise=202cm	matinee ring3#1293 [Move(7 keys)]
Menfa_Dark-fff9fffd	InterpActor_3	459	GLB-RingTransporter00	-64184	-20590	-7048	-205.90	-70.48	-641.84	include	matinee:rest-anchored rise=266cm	matinee ring4#1293 [Move(7 keys)]
Menfa_Dark-fff9fffd	InterpActor_4	460	GLB-RingTransporter00	-64184	-20590	-7048	-205.90	-70.48	-641.84	include	matinee:rest-anchored rise=330cm	matinee ring5#1293 [Move(7 keys)]
Menfa_Dark-fffa0003	InterpActor_35	88	GLB-RingTransporter00	-52416	34960	-14288	349.60	-142.88	-524.16	include	matinee:rest-anchored rise=74cm	matinee ring1#296 [Move(7 keys)]
Menfa_Dark-fffa0003	InterpActor_36	89	GLB-RingTransporter00	-52416	34960	-14292	349.60	-142.92	-524.16	include	matinee:rest-anchored rise=138cm	matinee ring2#296 [Move(7 keys)]
Menfa_Dark-fffa0003	InterpActor_37	90	GLB-RingTransporter00	-52416	34960	-14292	349.60	-142.92	-524.16	include	matinee:rest-anchored rise=202cm	matinee ring3#296 [Move(7 keys)]
Menfa_Dark-fffa0003	InterpActor_38	91	GLB-RingTransporter00	-52416	34960	-14292	349.60	-142.92	-524.16	include	matinee:rest-anchored rise=266cm	matinee ring4#296 [Move(7 keys)]
Menfa_Dark-fffa0003	InterpActor_39	92	GLB-RingTransporter00	-52416	34960	-14292	349.60	-142.92	-524.16	include	matinee:rest-anchored rise=330cm	matinee ring5#296 [Move(7 keys)]
Menfa_Dark-fffafffd	InterpActor_10	188	GLB-RingTransporter00	-54008	-26696	-7296	-266.96	-72.96	-540.08	include	matinee:rest-anchored rise=74cm	matinee ring1#511 [Move(7 keys)]
Menfa_Dark-fffafffd	InterpActor_11	189	GLB-RingTransporter00	-54008	-26696	-7304	-266.96	-73.04	-540.08	include	matinee:rest-anchored rise=138cm	matinee ring2#511 [Move(7 keys)]
Menfa_Dark-fffafffd	InterpActor_12	190	GLB-RingTransporter00	-54008	-26696	-7304	-266.96	-73.04	-540.08	include	matinee:rest-anchored rise=202cm	matinee ring3#511 [Move(7 keys)]
Menfa_Dark-fffafffd	InterpActor_13	191	GLB-RingTransporter00	-54008	-26696	-7304	-266.96	-73.04	-540.08	include	matinee:rest-anchored rise=266cm	matinee ring4#511 [Move(7 keys)]
Menfa_Dark-fffafffd	InterpActor_14	192	GLB-RingTransporter00	-54008	-26696	-7304	-266.96	-73.04	-540.08	include	matinee:rest-anchored rise=330cm	matinee ring5#511 [Move(7 keys)]
Menfa_Dark-fffafffe	InterpActor_5	164	GLB-RingTransporter00	-54008	-14408	-7296	-144.08	-72.96	-540.08	include	matinee:rest-anchored rise=74cm	matinee ring1#447 [Move(7 keys)]
Menfa_Dark-fffafffe	InterpActor_6	165	GLB-RingTransporter00	-54008	-14408	-7304	-144.08	-73.04	-540.08	include	matinee:rest-anchored rise=138cm	matinee ring2#447 [Move(7 keys)]
Menfa_Dark-fffafffe	InterpActor_7	166	GLB-RingTransporter00	-54008	-14408	-7304	-144.08	-73.04	-540.08	include	matinee:rest-anchored rise=202cm	matinee ring3#447 [Move(7 keys)]
Menfa_Dark-fffafffe	InterpActor_8	167	GLB-RingTransporter00	-54008	-14408	-7304	-144.08	-73.04	-540.08	include	matinee:rest-anchored rise=266cm	matinee ring4#447 [Move(7 keys)]
Menfa_Dark-fffafffe	InterpActor_9	168	GLB-RingTransporter00	-54008	-14408	-7304	-144.08	-73.04	-540.08	include	matinee:rest-anchored rise=330cm	matinee ring5#447 [Move(7 keys)]
Menfa_Dark-fffb0004	InterpActor_40	144	GLB-RingTransporter00	-42323	40418	3840	404.18	38.40	-423.23	include	matinee:rest-anchored rise=74cm	matinee ring1#419 [Move(7 keys)]
Menfa_Dark-fffb0004	InterpActor_41	145	GLB-RingTransporter00	-42323	40418	3836	404.18	38.36	-423.23	include	matinee:rest-anchored rise=138cm	matinee ring2#419 [Move(7 keys)]
Menfa_Dark-fffb0004	InterpActor_42	146	GLB-RingTransporter00	-42323	40418	3836	404.18	38.36	-423.23	include	matinee:rest-anchored rise=202cm	matinee ring3#419 [Move(7 keys)]
Menfa_Dark-fffb0004	InterpActor_43	147	GLB-RingTransporter00	-42323	40418	3836	404.18	38.36	-423.23	include	matinee:rest-anchored rise=266cm	matinee ring4#419 [Move(7 keys)]
Menfa_Dark-fffb0004	InterpActor_44	148	GLB-RingTransporter00	-42323	40418	3836	404.18	38.36	-423.23	include	matinee:rest-anchored rise=330cm	matinee ring5#419 [Move(7 keys)]
Menfa_Dark-fffbfff9	InterpActor_0	131	GLB-RingTransporter00	-45928	-61922	-11026	-619.22	-110.26	-459.28	include	matinee:rest-anchored rise=74cm	matinee ring1#404 [Move(7 keys)]
Menfa_Dark-fffbfff9	InterpActor_1	132	GLB-RingTransporter00	-45928	-61922	-11030	-619.22	-110.30	-459.28	include	matinee:rest-anchored rise=138cm	matinee ring2#404 [Move(7 keys)]
Menfa_Dark-fffbfff9	InterpActor_2	133	GLB-RingTransporter00	-45928	-61922	-11030	-619.22	-110.30	-459.28	include	matinee:rest-anchored rise=202cm	matinee ring3#404 [Move(7 keys)]
Menfa_Dark-fffbfff9	InterpActor_3	134	GLB-RingTransporter00	-45928	-61922	-11030	-619.22	-110.30	-459.28	include	matinee:rest-anchored rise=266cm	matinee ring4#404 [Move(7 keys)]
Menfa_Dark-fffbfff9	InterpActor_4	135	GLB-RingTransporter00	-45928	-61922	-11030	-619.22	-110.30	-459.28	include	matinee:rest-anchored rise=330cm	matinee ring5#404 [Move(7 keys)]
Menfa_Dark-fffbfffb	InterpActor_5	131	GLB-RingTransporter00	-46547	-42515	2668	-425.15	26.68	-465.47	include	matinee:rest-anchored rise=74cm	matinee ring1#409 [Move(7 keys)]
Menfa_Dark-fffbfffb	InterpActor_6	132	GLB-RingTransporter00	-46547	-42515	2664	-425.15	26.64	-465.47	include	matinee:rest-anchored rise=138cm	matinee ring2#409 [Move(7 keys)]
Menfa_Dark-fffbfffb	InterpActor_7	133	GLB-RingTransporter00	-46547	-42515	2664	-425.15	26.64	-465.47	include	matinee:rest-anchored rise=202cm	matinee ring3#409 [Move(7 keys)]
Menfa_Dark-fffbfffb	InterpActor_8	134	GLB-RingTransporter00	-46547	-42515	2664	-425.15	26.64	-465.47	include	matinee:rest-anchored rise=266cm	matinee ring4#409 [Move(7 keys)]
Menfa_Dark-fffbfffb	InterpActor_9	135	GLB-RingTransporter00	-46547	-42515	2664	-425.15	26.64	-465.47	include	matinee:rest-anchored rise=330cm	matinee ring5#409 [Move(7 keys)]
Menfa_Dark-fffcfffe	InterpActor_40	255	GLB-RingTransporter00	-31011	-14707	2874	-147.07	28.74	-310.11	include	matinee:rest-anchored rise=74cm	matinee ring1#742 [Move(7 keys)]
Menfa_Dark-fffcfffe	InterpActor_41	256	GLB-RingTransporter00	-31011	-14707	2870	-147.07	28.70	-310.11	include	matinee:rest-anchored rise=138cm	matinee ring2#742 [Move(7 keys)]
Menfa_Dark-fffcfffe	InterpActor_42	257	GLB-RingTransporter00	-31011	-14707	2870	-147.07	28.70	-310.11	include	matinee:rest-anchored rise=202cm	matinee ring3#742 [Move(7 keys)]
Menfa_Dark-fffcfffe	InterpActor_43	258	GLB-RingTransporter00	-31011	-14707	2870	-147.07	28.70	-310.11	include	matinee:rest-anchored rise=266cm	matinee ring4#742 [Move(7 keys)]
Menfa_Dark-fffcfffe	InterpActor_44	259	GLB-RingTransporter00	-31011	-14707	2870	-147.07	28.70	-310.11	include	matinee:rest-anchored rise=330cm	matinee ring5#742 [Move(7 keys)]
Menfa_Dark-fffe0000	InterpActor_0	80	GLB-RingTransporter00	-16505	8516	652	85.16	6.52	-165.05	include	matinee:rest-anchored rise=74cm	matinee ring1#276 [Move(7 keys)]
Menfa_Dark-fffe0000	InterpActor_1	81	GLB-RingTransporter00	-16505	8516	648	85.16	6.48	-165.05	include	matinee:rest-anchored rise=138cm	matinee ring2#276 [Move(7 keys)]
Menfa_Dark-fffe0000	InterpActor_2	82	GLB-RingTransporter00	-16505	8516	648	85.16	6.48	-165.05	include	matinee:rest-anchored rise=202cm	matinee ring3#276 [Move(7 keys)]
Menfa_Dark-fffe0000	InterpActor_3	83	GLB-RingTransporter00	-16505	8516	648	85.16	6.48	-165.05	include	matinee:rest-anchored rise=266cm	matinee ring4#276 [Move(7 keys)]
Menfa_Dark-fffe0000	InterpActor_4	84	GLB-RingTransporter00	-16505	8516	648	85.16	6.48	-165.05	include	matinee:rest-anchored rise=330cm	matinee ring5#276 [Move(7 keys)]
Menfa_Dark-fffeffff	InterpActor_35	244	GLB-RingTransporter00	-18477	-2149	956	-21.49	9.56	-184.77	include	matinee:rest-anchored rise=74cm	matinee ring1#714 [Move(7 keys)]
Menfa_Dark-fffeffff	InterpActor_36	245	GLB-RingTransporter00	-18477	-2149	952	-21.49	9.52	-184.77	include	matinee:rest-anchored rise=138cm	matinee ring2#714 [Move(7 keys)]
Menfa_Dark-fffeffff	InterpActor_37	246	GLB-RingTransporter00	-18477	-2149	952	-21.49	9.52	-184.77	include	matinee:rest-anchored rise=202cm	matinee ring3#714 [Move(7 keys)]
Menfa_Dark-fffeffff	InterpActor_38	247	GLB-RingTransporter00	-18477	-2149	952	-21.49	9.52	-184.77	include	matinee:rest-anchored rise=266cm	matinee ring4#714 [Move(7 keys)]
Menfa_Dark-fffeffff	InterpActor_39	248	GLB-RingTransporter00	-18477	-2149	952	-21.49	9.52	-184.77	include	matinee:rest-anchored rise=330cm	matinee ring5#714 [Move(7 keys)]
Menfa_Dark-ffff0000	InterpActor_65	260	GLB-RingTransporter00	-1389	7931	780	79.31	7.80	-13.89	include	matinee:rest-anchored rise=74cm	matinee ring1#737 [Move(7 keys)]
Menfa_Dark-ffff0000	InterpActor_66	261	GLB-RingTransporter00	-1389	7931	776	79.31	7.76	-13.89	include	matinee:rest-anchored rise=138cm	matinee ring2#737 [Move(7 keys)]
Menfa_Dark-ffff0000	InterpActor_67	262	GLB-RingTransporter00	-1389	7931	776	79.31	7.76	-13.89	include	matinee:rest-anchored rise=202cm	matinee ring3#737 [Move(7 keys)]
Menfa_Dark-ffff0000	InterpActor_68	263	GLB-RingTransporter00	-1389	7931	776	79.31	7.76	-13.89	include	matinee:rest-anchored rise=266cm	matinee ring4#737 [Move(7 keys)]
Menfa_Dark-ffff0000	InterpActor_69	264	GLB-RingTransporter00	-1389	7931	776	79.31	7.76	-13.89	include	matinee:rest-anchored rise=330cm	matinee ring5#737 [Move(7 keys)]
Menfa_Dark-ffff0003	InterpActor_50	321	GLB-RingTransporter00	-5571	34091	2220	340.91	22.20	-55.71	include	matinee:rest-anchored rise=74cm	matinee ring1#926 [Move(7 keys)]
Menfa_Dark-ffff0003	InterpActor_51	322	GLB-RingTransporter00	-5571	34091	2216	340.91	22.16	-55.71	include	matinee:rest-anchored rise=138cm	matinee ring2#926 [Move(7 keys)]
Menfa_Dark-ffff0003	InterpActor_52	323	GLB-RingTransporter00	-5571	34091	2216	340.91	22.16	-55.71	include	matinee:rest-anchored rise=202cm	matinee ring3#926 [Move(7 keys)]
Menfa_Dark-ffff0003	InterpActor_53	324	GLB-RingTransporter00	-5571	34091	2216	340.91	22.16	-55.71	include	matinee:rest-anchored rise=266cm	matinee ring4#926 [Move(7 keys)]
Menfa_Dark-ffff0003	InterpActor_54	325	GLB-RingTransporter00	-5571	34091	2216	340.91	22.16	-55.71	include	matinee:rest-anchored rise=330cm	matinee ring5#926 [Move(7 keys)]
Menfa_Dark-ffff0006	InterpActor_5	431	GLB-RingTransporter00	-2432	68890	-4340	688.90	-43.40	-24.32	include	matinee:rest-anchored rise=74cm	matinee ring1#1183 [Move(7 keys)]
Menfa_Dark-ffff0006	InterpActor_6	432	GLB-RingTransporter00	-2432	68890	-4344	688.90	-43.44	-24.32	include	matinee:rest-anchored rise=138cm	matinee ring2#1183 [Move(7 keys)]
Menfa_Dark-ffff0006	InterpActor_7	433	GLB-RingTransporter00	-2432	68890	-4344	688.90	-43.44	-24.32	include	matinee:rest-anchored rise=202cm	matinee ring3#1183 [Move(7 keys)]
Menfa_Dark-ffff0006	InterpActor_8	434	GLB-RingTransporter00	-2432	68890	-4344	688.90	-43.44	-24.32	include	matinee:rest-anchored rise=266cm	matinee ring4#1183 [Move(7 keys)]
Menfa_Dark-ffff0006	InterpActor_9	435	GLB-RingTransporter00	-2432	68890	-4344	688.90	-43.44	-24.32	include	matinee:rest-anchored rise=330cm	matinee ring5#1183 [Move(7 keys)]
Menfa_Light-0001fffc	InterpActor_60	332	GLB-RingTransporter00	15946	-32624	3004	-326.24	30.04	159.46	include	matinee:rest-anchored rise=74cm	matinee ring1#957 [Move(7 keys)]
Menfa_Light-0001fffc	InterpActor_61	333	GLB-RingTransporter00	15946	-32624	3000	-326.24	30.00	159.46	include	matinee:rest-anchored rise=138cm	matinee ring2#957 [Move(7 keys)]
Menfa_Light-0001fffc	InterpActor_62	334	GLB-RingTransporter00	15946	-32624	3000	-326.24	30.00	159.46	include	matinee:rest-anchored rise=202cm	matinee ring3#957 [Move(7 keys)]
Menfa_Light-0001fffc	InterpActor_63	335	GLB-RingTransporter00	15946	-32624	3000	-326.24	30.00	159.46	include	matinee:rest-anchored rise=266cm	matinee ring4#957 [Move(7 keys)]
Menfa_Light-0001fffc	InterpActor_64	336	GLB-RingTransporter00	15946	-32624	3000	-326.24	30.00	159.46	include	matinee:rest-anchored rise=330cm	matinee ring5#957 [Move(7 keys)]
Menfa_Light-0002fffb	InterpActor_65	174	GLB-RingTransporter00	29432	-47142	1852	-471.42	18.52	294.32	include	matinee:rest-anchored rise=74cm	matinee ring1#531 [Move(7 keys)]
Menfa_Light-0002fffb	InterpActor_66	175	GLB-RingTransporter00	29432	-47142	1848	-471.42	18.48	294.32	include	matinee:rest-anchored rise=138cm	matinee ring2#531 [Move(7 keys)]
Menfa_Light-0002fffb	InterpActor_67	176	GLB-RingTransporter00	29432	-47142	1848	-471.42	18.48	294.32	include	matinee:rest-anchored rise=202cm	matinee ring3#531 [Move(7 keys)]
Menfa_Light-0002fffb	InterpActor_68	177	GLB-RingTransporter00	29432	-47142	1848	-471.42	18.48	294.32	include	matinee:rest-anchored rise=266cm	matinee ring4#531 [Move(7 keys)]
Menfa_Light-0002fffb	InterpActor_69	178	GLB-RingTransporter00	29432	-47142	1848	-471.42	18.48	294.32	include	matinee:rest-anchored rise=330cm	matinee ring5#531 [Move(7 keys)]
Menfa_Light-00040000	InterpActor_5	21	GLB-RingTransporter00	42828	2833	2923	28.33	29.23	428.28	include	matinee:rest-anchored rise=74cm	matinee ring1#79 [Move(7 keys)]
Menfa_Light-00040000	InterpActor_6	22	GLB-RingTransporter00	42828	2833	2919	28.33	29.19	428.28	include	matinee:rest-anchored rise=138cm	matinee ring2#79 [Move(7 keys)]
Menfa_Light-00040000	InterpActor_7	23	GLB-RingTransporter00	42828	2833	2919	28.33	29.19	428.28	include	matinee:rest-anchored rise=202cm	matinee ring3#79 [Move(7 keys)]
Menfa_Light-00040000	InterpActor_8	24	GLB-RingTransporter00	42828	2833	2919	28.33	29.19	428.28	include	matinee:rest-anchored rise=266cm	matinee ring4#79 [Move(7 keys)]
Menfa_Light-00040000	InterpActor_9	25	GLB-RingTransporter00	42828	2833	2919	28.33	29.19	428.28	include	matinee:rest-anchored rise=330cm	matinee ring5#79 [Move(7 keys)]
Menfa_Light-0004fffd	InterpActor_55	272	GLB-RingTransporter00	44495	-26535	1276	-265.35	12.76	444.95	include	matinee:rest-anchored rise=74cm	matinee ring1#810 [Move(7 keys)]
Menfa_Light-0004fffd	InterpActor_56	273	GLB-RingTransporter00	44495	-26535	1272	-265.35	12.72	444.95	include	matinee:rest-anchored rise=138cm	matinee ring2#810 [Move(7 keys)]
Menfa_Light-0004fffd	InterpActor_57	274	GLB-RingTransporter00	44495	-26535	1272	-265.35	12.72	444.95	include	matinee:rest-anchored rise=202cm	matinee ring3#810 [Move(7 keys)]
Menfa_Light-0004fffd	InterpActor_58	275	GLB-RingTransporter00	44495	-26535	1272	-265.35	12.72	444.95	include	matinee:rest-anchored rise=266cm	matinee ring4#810 [Move(7 keys)]
Menfa_Light-0004fffd	InterpActor_59	276	GLB-RingTransporter00	44495	-26535	1272	-265.35	12.72	444.95	include	matinee:rest-anchored rise=330cm	matinee ring5#810 [Move(7 keys)]
Menfa_Light-fffb0004	InterpActor_40	48	GLB-RingTransporter00	-42323	40418	3840	404.18	38.40	-423.23	include	matinee:rest-anchored rise=74cm	matinee ring1#172 [Move(7 keys)]
Menfa_Light-fffb0004	InterpActor_41	49	GLB-RingTransporter00	-42323	40418	3836	404.18	38.36	-423.23	include	matinee:rest-anchored rise=138cm	matinee ring2#172 [Move(7 keys)]
Menfa_Light-fffb0004	InterpActor_42	50	GLB-RingTransporter00	-42323	40418	3836	404.18	38.36	-423.23	include	matinee:rest-anchored rise=202cm	matinee ring3#172 [Move(7 keys)]
Menfa_Light-fffb0004	InterpActor_43	51	GLB-RingTransporter00	-42323	40418	3836	404.18	38.36	-423.23	include	matinee:rest-anchored rise=266cm	matinee ring4#172 [Move(7 keys)]
Menfa_Light-fffb0004	InterpActor_44	52	GLB-RingTransporter00	-42323	40418	3836	404.18	38.36	-423.23	include	matinee:rest-anchored rise=330cm	matinee ring5#172 [Move(7 keys)]
Menfa_Light-fffcfffe	InterpActor_40	209	GLB-RingTransporter00	-31011	-14707	2874	-147.07	28.74	-310.11	include	matinee:rest-anchored rise=74cm	matinee ring1#625 [Move(7 keys)]
Menfa_Light-fffcfffe	InterpActor_41	210	GLB-RingTransporter00	-31011	-14707	2870	-147.07	28.70	-310.11	include	matinee:rest-anchored rise=138cm	matinee ring2#625 [Move(7 keys)]
Menfa_Light-fffcfffe	InterpActor_42	211	GLB-RingTransporter00	-31011	-14707	2870	-147.07	28.70	-310.11	include	matinee:rest-anchored rise=202cm	matinee ring3#625 [Move(7 keys)]
Menfa_Light-fffcfffe	InterpActor_43	212	GLB-RingTransporter00	-31011	-14707	2870	-147.07	28.70	-310.11	include	matinee:rest-anchored rise=266cm	matinee ring4#625 [Move(7 keys)]
Menfa_Light-fffcfffe	InterpActor_44	213	GLB-RingTransporter00	-31011	-14707	2870	-147.07	28.70	-310.11	include	matinee:rest-anchored rise=330cm	matinee ring5#625 [Move(7 keys)]
Menfa_Light-fffe0000	InterpActor_0	97	GLB-RingTransporter00	-16505	8516	652	85.16	6.52	-165.05	include	matinee:rest-anchored rise=74cm	matinee ring1#387 [Move(7 keys)]
Menfa_Light-fffe0000	InterpActor_1	98	GLB-RingTransporter00	-16505	8516	648	85.16	6.48	-165.05	include	matinee:rest-anchored rise=138cm	matinee ring2#387 [Move(7 keys)]
Menfa_Light-fffe0000	InterpActor_2	99	GLB-RingTransporter00	-16505	8516	648	85.16	6.48	-165.05	include	matinee:rest-anchored rise=202cm	matinee ring3#387 [Move(7 keys)]
Menfa_Light-fffe0000	InterpActor_3	100	GLB-RingTransporter00	-16505	8516	648	85.16	6.48	-165.05	include	matinee:rest-anchored rise=266cm	matinee ring4#387 [Move(7 keys)]
Menfa_Light-fffe0000	InterpActor_4	101	GLB-RingTransporter00	-16505	8516	648	85.16	6.48	-165.05	include	matinee:rest-anchored rise=330cm	matinee ring5#387 [Move(7 keys)]
Menfa_Light-fffeffff	InterpActor_35	268	GLB-RingTransporter00	-18477	-2149	956	-21.49	9.56	-184.77	include	matinee:rest-anchored rise=74cm	matinee ring1#779 [Move(7 keys)]
Menfa_Light-fffeffff	InterpActor_36	269	GLB-RingTransporter00	-18477	-2149	952	-21.49	9.52	-184.77	include	matinee:rest-anchored rise=138cm	matinee ring2#779 [Move(7 keys)]
Menfa_Light-fffeffff	InterpActor_37	270	GLB-RingTransporter00	-18477	-2149	952	-21.49	9.52	-184.77	include	matinee:rest-anchored rise=202cm	matinee ring3#779 [Move(7 keys)]
Menfa_Light-fffeffff	InterpActor_38	271	GLB-RingTransporter00	-18477	-2149	952	-21.49	9.52	-184.77	include	matinee:rest-anchored rise=266cm	matinee ring4#779 [Move(7 keys)]
Menfa_Light-fffeffff	InterpActor_39	272	GLB-RingTransporter00	-18477	-2149	952	-21.49	9.52	-184.77	include	matinee:rest-anchored rise=330cm	matinee ring5#779 [Move(7 keys)]
Menfa_Light-ffff0000	InterpActor_65	256	GLB-RingTransporter00	-1389	7931	780	79.31	7.80	-13.89	include	matinee:rest-anchored rise=74cm	matinee ring1#727 [Move(7 keys)]
Menfa_Light-ffff0000	InterpActor_66	257	GLB-RingTransporter00	-1389	7931	776	79.31	7.76	-13.89	include	matinee:rest-anchored rise=138cm	matinee ring2#727 [Move(7 keys)]
Menfa_Light-ffff0000	InterpActor_67	258	GLB-RingTransporter00	-1389	7931	776	79.31	7.76	-13.89	include	matinee:rest-anchored rise=202cm	matinee ring3#727 [Move(7 keys)]
Menfa_Light-ffff0000	InterpActor_68	259	GLB-RingTransporter00	-1389	7931	776	79.31	7.76	-13.89	include	matinee:rest-anchored rise=266cm	matinee ring4#727 [Move(7 keys)]
Menfa_Light-ffff0000	InterpActor_69	260	GLB-RingTransporter00	-1389	7931	776	79.31	7.76	-13.89	include	matinee:rest-anchored rise=330cm	matinee ring5#727 [Move(7 keys)]
Menfa_Light-ffff0003	InterpActor_50	315	GLB-RingTransporter00	-5571	34091	2220	340.91	22.20	-55.71	include	matinee:rest-anchored rise=74cm	matinee ring1#911 [Move(7 keys)]
Menfa_Light-ffff0003	InterpActor_51	316	GLB-RingTransporter00	-5571	34091	2216	340.91	22.16	-55.71	include	matinee:rest-anchored rise=138cm	matinee ring2#911 [Move(7 keys)]
Menfa_Light-ffff0003	InterpActor_52	317	GLB-RingTransporter00	-5571	34091	2216	340.91	22.16	-55.71	include	matinee:rest-anchored rise=202cm	matinee ring3#911 [Move(7 keys)]
Menfa_Light-ffff0003	InterpActor_53	318	GLB-RingTransporter00	-5571	34091	2216	340.91	22.16	-55.71	include	matinee:rest-anchored rise=266cm	matinee ring4#911 [Move(7 keys)]
Menfa_Light-ffff0003	InterpActor_54	319	GLB-RingTransporter00	-5571	34091	2216	340.91	22.16	-55.71	include	matinee:rest-anchored rise=330cm	matinee ring5#911 [Move(7 keys)]
Omega_Site-fffeffff	InterpActor_21	122	EM-SecurityCam01_Top	-10840	-9321	-4360	-93.21	-43.60	-108.40	exclude	name:camera-head	matinee Cam#351 [Move(5 keys)]; ref SeqAct_PlaySound[Target]
Omega_Site-fffffffd	InterpActor_19	100	EM-SecurityCam01_Top	-5220	-22392	-2948	-223.92	-29.48	-52.20	exclude	name:camera-head	matinee Cam#269 [Move(5 keys)]; ref SeqAct_PlaySound[Target]
Omega_Site-fffffffd	InterpActor_20	101	EM-SecurityCam01_Top	-4225	-22392	-2948	-223.92	-29.48	-42.25	exclude	name:camera-head	matinee Cam#268 [Move(5 keys)]; ref SeqAct_PlaySound[Target]
Omega_Site-fffffffe	InterpActor_22	75	EM-SecurityCam01_Top	-7421	-10488	-4389	-104.88	-43.89	-74.21	exclude	name:camera-head	matinee Cam#244 [Move(5 keys)]; ref SeqAct_PlaySound[Target]
SGC_W1-00000001	InterpActor_0	512	SGC_small_door_00	3994	16824	742	168.24	7.42	39.94	exclude	name:door	matinee HammondDoor#1399 [Move(3 keys)+InterpTrackEvent]
SGC_W1-00000001	InterpActor_1	513	SGC_small_door_00	3994	17833	742	178.33	7.42	39.94	exclude	name:door	matinee HammondDoor#1399 [Move(3 keys)+InterpTrackEvent]
SGC_W1-00000001	InterpActor_2	514	SGC_small_door_00	4494	19332	526	193.32	5.26	44.94	exclude	name:door	matinee HammondDoor#1400 [Move(3 keys)+InterpTrackEvent]; matinee HammondDoor#1401 [Move(3 keys)+InterpTrackEvent]; ref SeqAct_PlaySound[Target]; ref SeqAct_PlaySound[Target]
SGC_W1-00000002	InterpActor_0	195	SGC_small_door_00	5764	20476	526	204.76	5.26	57.64	exclude	name:door	matinee HammondDoor#703 [Move(3 keys)+InterpTrackEvent]; matinee HammondDoor#704 [Move(3 keys)+InterpTrackEvent]; ref SeqAct_PlaySound[Target]; ref SeqAct_PlaySound[Target]
SGC_W1-00000002	InterpActor_2	196	SGC_Door03	1055	22515	128	225.15	1.28	10.55	exclude	name:door	matinee DoorL#705 [Move(2 keys)]
SGC_W1-00000002	InterpActor_3	197	SGC_Door03	1055	22641	128	226.41	1.28	10.55	exclude	name:door	matinee DoorR#705 [Move(2 keys)+InterpTrackEvent+InterpTrackEvent]
SGC_W1-00000002	InterpActor_8	198	SGC_Door03	6125	24353	-1088	243.53	-10.88	61.25	exclude	name:door	matinee DoorL#706 [Move(2 keys)]
SGC_W1-00000002	InterpActor_9	199	SGC_Door03	6251	24353	-1088	243.53	-10.88	62.51	exclude	name:door	matinee DoorR#706 [Move(2 keys)+InterpTrackEvent+InterpTrackEvent]
SGC_W1-0000ffff	InterpActor_12	172	SGC_Door03	6269	-4844	128	-48.44	1.28	62.69	exclude	name:door	matinee DoorL#556 [Move(2 keys)]
SGC_W1-0000ffff	InterpActor_13	173	SGC_Door03	6143	-4844	128	-48.44	1.28	61.43	exclude	name:door	matinee DoorR#556 [Move(2 keys)+InterpTrackEvent+InterpTrackEvent]
SGC_W1-0000ffff	InterpActor_2	174	SGC_small_door_00	3648	-2500	500	-25.00	5.00	36.48	exclude	name:door	matinee BulkheadDoor2#554 [Move(2 keys)+InterpTrackEvent]; matinee BulkheadDoor2#555 [Move(2 keys)+InterpTrackEvent]
SGC_W1-0000ffff	InterpActor_5	175	SGC_small_door_00	3648	-1860	500	-18.60	5.00	36.48	exclude	name:door	matinee BulkheadDoor1#554 [Move(2 keys)]; matinee BulkheadDoor1#555 [Move(2 keys)]
SGC_W1-fffd0002	InterpActor_4	100	SGC_Door03	-27617	28353	128	283.53	1.28	-276.17	exclude	name:door	matinee DoorL#291 [Move(2 keys)]
SGC_W1-fffd0002	InterpActor_5	101	SGC_Door03	-27491	28353	128	283.53	1.28	-274.91	exclude	name:door	matinee DoorR#291 [Move(2 keys)+InterpTrackEvent+InterpTrackEvent]
SGC_W1-fffdfffe	InterpActor_2	24	SGC_small_door_00	-27248	-10084	516	-100.84	5.16	-272.48	exclude	name:door	matinee BulkheadDoor2#106 [Move(2 keys)+InterpTrackEvent]; matinee BulkheadDoor2#107 [Move(2 keys)+InterpTrackEvent]
SGC_W1-fffdfffe	InterpActor_3	25	SGC_small_door_00	-27248	-10350	516	-103.50	5.16	-272.48	exclude	name:door	matinee BulkheadDoor1#106 [Move(2 keys)]; matinee BulkheadDoor1#107 [Move(2 keys)]
SGC_W1-fffdffff	InterpActor_0	124	SGC_small_door_00	-26092	-8408	516	-84.08	5.16	-260.92	exclude	name:door	matinee BulkheadDoor1#365 [Move(2 keys)]; matinee BulkheadDoor1#366 [Move(2 keys)]
SGC_W1-fffdffff	InterpActor_1	125	SGC_small_door_00	-25826	-8408	516	-84.08	5.16	-258.26	exclude	name:door	matinee BulkheadDoor2#365 [Move(2 keys)+InterpTrackEvent]; matinee BulkheadDoor2#366 [Move(2 keys)+InterpTrackEvent]
SGC_W1-fffdffff	InterpActor_10	126	SGC_Door03	-25674	-6317	128	-63.17	1.28	-256.74	exclude	name:door	matinee DoorL#367 [Move(2 keys)]
SGC_W1-fffdffff	InterpActor_11	127	SGC_Door03	-25674	-6443	128	-64.43	1.28	-256.74	exclude	name:door	matinee DoorR#367 [Move(2 keys)+InterpTrackEvent+InterpTrackEvent]
SGC_W1-ffffffff	InterpActor_14	109	SGC_Door03	-7293	-7338	128	-73.38	1.28	-72.93	exclude	name:door	matinee DoorL#390 [Move(2 keys)]
SGC_W1-ffffffff	InterpActor_15	110	SGC_Door03	-7167	-7338	128	-73.38	1.28	-71.67	exclude	name:door	matinee DoorR#390 [Move(2 keys)+InterpTrackEvent+InterpTrackEvent]
Sewer_Falls-0001fffb	InterpActor_0	14	LUS-FanRotor00	14712	-44528	2172	-445.28	21.72	147.12	exclude	matinee:rotates 2160deg	matinee FanR#67 [Move(3 keys)]; matinee FanR#68 [Move(3 keys)]; matinee FanR#69 [Move(2 keys)]
Sewer_Falls-0001fffb	InterpActor_1	15	LUS-FanRotor00	14712	-41424	2172	-414.24	21.72	147.12	exclude	matinee:rotates 2160deg	matinee FanR#67 [Move(3 keys)]; matinee FanR#68 [Move(3 keys)]; matinee FanR#69 [Move(2 keys)]
Tollana-0003fff8	InterpActor_0	123	GLB-RingTransporter00	38197	-76980	930	-769.80	9.30	381.97	include	matinee:rest-anchored rise=74cm	matinee ring1#368 [Move(7 keys)]
Tollana-0003fff8	InterpActor_1	124	GLB-RingTransporter00	38197	-76980	926	-769.80	9.26	381.97	include	matinee:rest-anchored rise=138cm	matinee ring2#368 [Move(7 keys)]
Tollana-0003fff8	InterpActor_2	125	GLB-RingTransporter00	38197	-76980	926	-769.80	9.26	381.97	include	matinee:rest-anchored rise=202cm	matinee ring3#368 [Move(7 keys)]
Tollana-0003fff8	InterpActor_3	126	GLB-RingTransporter00	38197	-76980	926	-769.80	9.26	381.97	include	matinee:rest-anchored rise=266cm	matinee ring4#368 [Move(7 keys)]
Tollana-0003fff8	InterpActor_4	127	GLB-RingTransporter00	38197	-76980	926	-769.80	9.26	381.97	include	matinee:rest-anchored rise=330cm	matinee ring5#368 [Move(7 keys)]
Tollana-0003fffe	InterpActor_0	71	GLB-RingTransporter00	31233	-13991	166	-139.91	1.66	312.33	include	matinee:rest-anchored rise=74cm	matinee ring1#225 [Move(7 keys)]
Tollana-0003fffe	InterpActor_1	72	GLB-RingTransporter00	31233	-13991	162	-139.91	1.62	312.33	include	matinee:rest-anchored rise=138cm	matinee ring2#225 [Move(7 keys)]
Tollana-0003fffe	InterpActor_2	73	GLB-RingTransporter00	31233	-13991	162	-139.91	1.62	312.33	include	matinee:rest-anchored rise=202cm	matinee ring3#225 [Move(7 keys)]
Tollana-0003fffe	InterpActor_3	74	GLB-RingTransporter00	31233	-13991	162	-139.91	1.62	312.33	include	matinee:rest-anchored rise=266cm	matinee ring4#225 [Move(7 keys)]
Tollana-0003fffe	InterpActor_4	75	GLB-RingTransporter00	31233	-13991	162	-139.91	1.62	312.33	include	matinee:rest-anchored rise=330cm	matinee ring5#225 [Move(7 keys)]
Tollana-fff60004	InterpActor_79	44	HT-StreetLamp00	-90128	47560	1208	475.60	12.08	-901.28	include	matinee:rest-anchored rise=17cm	matinee Lamp#121 [Move(3 keys)]; ref SeqAct_PlaySound[Target]
Tollana-fff60004	InterpActor_81	46	HT-StreetLamp00	-92864	47560	1208	475.60	12.08	-928.64	include	matinee:rest-anchored rise=17cm	matinee Lamp#122 [Move(3 keys)]; ref SeqAct_PlaySound[Target]
Tollana-fff60005	InterpActor_39	70	HT-StreetLamp00	-90128	59200	1208	592.00	12.08	-901.28	include	matinee:rest-anchored rise=17cm	matinee Lamp#212 [Move(3 keys)]; ref SeqAct_PlaySound[Target]
Tollana-fff60005	InterpActor_51	72	HT-StreetLamp00	-92824	56504	1208	565.04	12.08	-928.24	include	matinee:rest-anchored rise=17cm	matinee Lamp#213 [Move(3 keys)]; ref SeqAct_PlaySound[Target]
Tollana-fff60005	InterpActor_53	74	HT-StreetLamp00	-92824	53440	1208	534.40	12.08	-928.24	include	matinee:rest-anchored rise=17cm	matinee Lamp#214 [Move(3 keys)]; ref SeqAct_PlaySound[Target]
Tollana-fff60005	InterpActor_55	76	HT-StreetLamp00	-92824	50432	1208	504.32	12.08	-928.24	include	matinee:rest-anchored rise=17cm	matinee Lamp#215 [Move(3 keys)]; ref SeqAct_PlaySound[Target]
Tollana-fff60005	InterpActor_93	78	HT-StreetLamp00	-92864	59152	1208	591.52	12.08	-928.64	include	matinee:rest-anchored rise=17cm	matinee Lamp#211 [Move(3 keys)]; ref SeqAct_PlaySound[Target]
Tollana-fff60006	InterpActor_21	69	HT-StreetLamp00	-90120	63304	1208	633.04	12.08	-901.20	include	matinee:rest-anchored rise=17cm	matinee Lamp#178 [Move(3 keys)]; ref SeqAct_PlaySound[Target]
Tollana-fff60006	InterpActor_23	71	HT-StreetLamp00	-90128	61024	1208	610.24	12.08	-901.28	include	matinee:rest-anchored rise=17cm	matinee Lamp#179 [Move(3 keys)]; ref SeqAct_PlaySound[Target]
Tollana-fff6fffe	InterpActor_25	27	HT-StreetLamp00	-91250	-10326	1243	-103.26	12.43	-912.50	include	matinee:rest-anchored rise=17cm	matinee Lamp#88 [Move(3 keys)]; ref SeqAct_PlaySound[Target]
Tollana-fff6fffe	InterpActor_5	29	HT-StreetLamp00	-91388	-11946	1429	-119.46	14.29	-913.88	include	matinee:rest-anchored rise=17cm	matinee Lamp#89 [Move(3 keys)]; ref SeqAct_PlaySound[Target]
Tollana-fff6ffff	InterpActor_11	129	HT-StreetLamp00	-93816	-6402	1429	-64.02	14.29	-938.16	include	matinee:rest-anchored rise=17cm	matinee Lamp#363 [Move(3 keys)]; ref SeqAct_PlaySound[Target]
Tollana-fff6ffff	InterpActor_13	131	HT-StreetLamp00	-91250	-5293	1243	-52.93	12.43	-912.50	include	matinee:rest-anchored rise=17cm	matinee Lamp#364 [Move(3 keys)]; ref SeqAct_PlaySound[Target]
Tollana-fff6ffff	InterpActor_9	133	HT-StreetLamp00	-93816	-9218	1429	-92.18	14.29	-938.16	include	matinee:rest-anchored rise=17cm	matinee Lamp#362 [Move(3 keys)]; ref SeqAct_PlaySound[Target]
Tollana-fff70004	InterpActor_75	57	HT-StreetLamp00	-84056	47560	1208	475.60	12.08	-840.56	include	matinee:rest-anchored rise=17cm	matinee Lamp#164 [Move(3 keys)]; ref SeqAct_PlaySound[Target]
Tollana-fff70004	InterpActor_77	59	HT-StreetLamp00	-87064	47560	1208	475.60	12.08	-870.64	include	matinee:rest-anchored rise=17cm	matinee Lamp#165 [Move(3 keys)]; ref SeqAct_PlaySound[Target]
Tollana-fff70004	InterpActor_85	61	HT-StreetLamp00	-81376	47560	1208	475.60	12.08	-813.76	include	matinee:rest-anchored rise=17cm	matinee Lamp#166 [Move(3 keys)]; ref SeqAct_PlaySound[Target]
Tollana-fff70005	InterpActor_41	185	HT-StreetLamp00	-87064	59200	1208	592.00	12.08	-870.64	include	matinee:rest-anchored rise=17cm	matinee Lamp#577 [Move(3 keys)]; ref SeqAct_PlaySound[Target]
Tollana-fff70005	InterpActor_43	187	HT-StreetLamp00	-84056	59200	1208	592.00	12.08	-840.56	include	matinee:rest-anchored rise=17cm	matinee Lamp#578 [Move(3 keys)]; ref SeqAct_PlaySound[Target]
Tollana-fff70005	InterpActor_63	189	HT-StreetLamp00	-81400	56504	1208	565.04	12.08	-814.00	include	matinee:rest-anchored rise=17cm	matinee Lamp#579 [Move(3 keys)]; ref SeqAct_PlaySound[Target]
Tollana-fff70005	InterpActor_65	191	HT-StreetLamp00	-81400	53440	1208	534.40	12.08	-814.00	include	matinee:rest-anchored rise=17cm	matinee Lamp#580 [Move(3 keys)]; ref SeqAct_PlaySound[Target]
Tollana-fff70005	InterpActor_67	193	HT-StreetLamp00	-81400	50432	1208	504.32	12.08	-814.00	include	matinee:rest-anchored rise=17cm	matinee Lamp#581 [Move(3 keys)]; ref SeqAct_PlaySound[Target]
Tollana-fff70005	InterpActor_91	195	HT-StreetLamp00	-81376	59152	1208	591.52	12.08	-813.76	include	matinee:rest-anchored rise=17cm	matinee Lamp#576 [Move(3 keys)]; ref SeqAct_PlaySound[Target]
Tollana-fff70006	InterpActor_11	88	HT-StreetLamp00	-87056	68776	1208	687.76	12.08	-870.56	include	matinee:rest-anchored rise=17cm	matinee Lamp#308 [Move(3 keys)]; ref SeqAct_PlaySound[Target]
Tollana-fff70006	InterpActor_13	90	HT-StreetLamp00	-87056	66464	1208	664.64	12.08	-870.56	include	matinee:rest-anchored rise=17cm	matinee Lamp#309 [Move(3 keys)]; ref SeqAct_PlaySound[Target]
Tollana-fff70006	InterpActor_15	92	HT-StreetLamp00	-87056	63304	1208	633.04	12.08	-870.56	include	matinee:rest-anchored rise=17cm	matinee Lamp#310 [Move(3 keys)]; ref SeqAct_PlaySound[Target]
Tollana-fff70006	InterpActor_17	94	HT-StreetLamp00	-84048	63304	1208	633.04	12.08	-840.48	include	matinee:rest-anchored rise=17cm	matinee Lamp#311 [Move(3 keys)]; ref SeqAct_PlaySound[Target]
Tollana-fff70006	InterpActor_29	96	HT-StreetLamp00	-87064	61024	1208	610.24	12.08	-870.64	include	matinee:rest-anchored rise=17cm	matinee Lamp#312 [Move(3 keys)]; ref SeqAct_PlaySound[Target]
Tollana-fff70006	InterpActor_31	98	HT-StreetLamp00	-84056	61024	1208	610.24	12.08	-840.56	include	matinee:rest-anchored rise=17cm	matinee Lamp#313 [Move(3 keys)]; ref SeqAct_PlaySound[Target]
Tollana-fff70007	InterpActor_5	81	HT-StreetLamp00	-87024	71152	1208	711.52	12.08	-870.24	include	matinee:rest-anchored rise=17cm	matinee Lamp#266 [Move(3 keys)]; ref SeqAct_PlaySound[Target]
Tollana-fff70007	InterpActor_7	83	HT-StreetLamp00	-89432	71152	1208	711.52	12.08	-894.32	include	matinee:rest-anchored rise=17cm	matinee Lamp#267 [Move(3 keys)]; ref SeqAct_PlaySound[Target]
Tollana-fff7fffc	InterpActor_1	287	HT-FloatingLight01	-86824	-34692	844	-346.92	8.44	-868.24	include	matinee:rest-anchored rise=4cm	matinee Lamp#912 [Move(5 keys)]; ref SeqAct_PlaySound[Target]
Tollana-fff7fffe	InterpActor_1	107	HT-StreetLamp00	-89353	-11946	1429	-119.46	14.29	-893.53	include	matinee:rest-anchored rise=17cm	matinee Lamp#342 [Move(3 keys)]; ref SeqAct_PlaySound[Target]
Tollana-fff7fffe	InterpActor_23	109	HT-StreetLamp00	-89465	-10326	1243	-103.26	12.43	-894.65	include	matinee:rest-anchored rise=17cm	matinee Lamp#341 [Move(3 keys)]; ref SeqAct_PlaySound[Target]
Tollana-fff7ffff	InterpActor_17	52	HT-StreetLamp00	-89465	-5293	1243	-52.93	12.43	-894.65	include	matinee:rest-anchored rise=17cm	matinee Lamp#167 [Move(3 keys)]; ref SeqAct_PlaySound[Target]
Tollana-fff80005	InterpActor_11	107	HT-StreetLamp00	-77946	56966	1208	569.66	12.08	-779.46	include	matinee:rest-anchored rise=17cm	matinee Lamp#440 [Move(3 keys)]; ref SeqAct_PlaySound[Target]
Tollana-fff80005	InterpActor_13	109	HT-StreetLamp00	-77946	53902	1208	539.02	12.08	-779.46	include	matinee:rest-anchored rise=17cm	matinee Lamp#443 [Move(3 keys)]; ref SeqAct_PlaySound[Target]
Tollana-fff80005	InterpActor_15	111	HT-StreetLamp00	-77946	50894	1208	508.94	12.08	-779.46	include	matinee:rest-anchored rise=17cm	matinee Lamp#444 [Move(3 keys)]; ref SeqAct_PlaySound[Target]
Tollana-fff80005	InterpActor_17	113	HT-StreetLamp00	-73918	59614	1208	596.14	12.08	-739.18	include	matinee:rest-anchored rise=17cm	matinee Lamp#445 [Move(3 keys)]; ref SeqAct_PlaySound[Target]
Tollana-fff80005	InterpActor_19	115	HT-StreetLamp00	-73942	56966	1208	569.66	12.08	-739.42	include	matinee:rest-anchored rise=17cm	matinee Lamp#446 [Move(3 keys)]; ref SeqAct_PlaySound[Target]
Tollana-fff80005	InterpActor_21	117	HT-StreetLamp00	-73942	53902	1208	539.02	12.08	-739.42	include	matinee:rest-anchored rise=17cm	matinee Lamp#447 [Move(3 keys)]; ref SeqAct_PlaySound[Target]
Tollana-fff80005	InterpActor_23	119	HT-StreetLamp00	-73942	50894	1208	508.94	12.08	-739.42	include	matinee:rest-anchored rise=17cm	matinee Lamp#448 [Move(3 keys)]; ref SeqAct_PlaySound[Target]
Tollana-fff80005	InterpActor_25	121	HT-StreetLamp00	-75878	59614	1208	596.14	12.08	-758.78	include	matinee:rest-anchored rise=17cm	matinee Lamp#449 [Move(3 keys)]; ref SeqAct_PlaySound[Target]
Tollana-fff80005	InterpActor_27	123	HT-StreetLamp00	-75902	56966	1208	569.66	12.08	-759.02	include	matinee:rest-anchored rise=17cm	matinee Lamp#450 [Move(3 keys)]; ref SeqAct_PlaySound[Target]
Tollana-fff80005	InterpActor_29	125	HT-StreetLamp00	-75902	53902	1208	539.02	12.08	-759.02	include	matinee:rest-anchored rise=17cm	matinee Lamp#441 [Move(3 keys)]; ref SeqAct_PlaySound[Target]
Tollana-fff80005	InterpActor_31	127	HT-StreetLamp00	-75902	50894	1208	508.94	12.08	-759.02	include	matinee:rest-anchored rise=17cm	matinee Lamp#442 [Move(3 keys)]; ref SeqAct_PlaySound[Target]
Tollana-fff80005	InterpActor_9	129	HT-StreetLamp00	-77922	59614	1208	596.14	12.08	-779.22	include	matinee:rest-anchored rise=17cm	matinee Lamp#439 [Move(3 keys)]; ref SeqAct_PlaySound[Target]
Tollana-fff90004	InterpActor_1	95	HT-StreetLamp00	-62742	44553	986	445.53	9.86	-627.42	include	matinee:rest-anchored rise=17cm	matinee Lamp#373 [Move(3 keys)]; ref SeqAct_PlaySound[Target]
Tollana-fff90004	InterpActor_3	97	HT-StreetLamp00	-60824	43821	986	438.21	9.86	-608.24	include	matinee:rest-anchored rise=17cm	matinee Lamp#372 [Move(3 keys)]; ref SeqAct_PlaySound[Target]
Tollana-fff9fff7	InterpActor_2	129	HT-FloatingLight01	-61047	-82845	912	-828.45	9.12	-610.47	include	matinee:rest-anchored rise=4cm	matinee Lamp#371 [Move(5 keys)]; ref SeqAct_PlaySound[Target]
Tollana-fff9fff7	InterpActor_3	130	HT-FloatingLight01	-61047	-83740	912	-837.40	9.12	-610.47	include	matinee:rest-anchored rise=4cm	matinee Lamp#370 [Move(5 keys)]; ref SeqAct_PlaySound[Target]
Tollana-fffa0002	InterpActor_0	210	GLB-RingTransporter00	-57504	23600	-133	236.00	-1.33	-575.04	include	matinee:rest-anchored rise=74cm	matinee ring1#577 [Move(7 keys)]
Tollana-fffa0002	InterpActor_1	211	GLB-RingTransporter00	-57504	23600	-137	236.00	-1.37	-575.04	include	matinee:rest-anchored rise=138cm	matinee ring2#577 [Move(7 keys)]
Tollana-fffa0002	InterpActor_2	212	GLB-RingTransporter00	-57504	23600	-137	236.00	-1.37	-575.04	include	matinee:rest-anchored rise=202cm	matinee ring3#577 [Move(7 keys)]
Tollana-fffa0002	InterpActor_3	213	GLB-RingTransporter00	-57504	23600	-137	236.00	-1.37	-575.04	include	matinee:rest-anchored rise=266cm	matinee ring4#577 [Move(7 keys)]
Tollana-fffa0002	InterpActor_4	214	GLB-RingTransporter00	-57504	23600	-137	236.00	-1.37	-575.04	include	matinee:rest-anchored rise=330cm	matinee ring5#577 [Move(7 keys)]
Tollana-fffa0004	InterpActor_5	89	HT-StreetLamp00	-56638	43687	986	436.87	9.86	-566.38	include	matinee:rest-anchored rise=17cm	matinee Lamp#238 [Move(3 keys)]; ref SeqAct_PlaySound[Target]
Tollana-fffa0004	InterpActor_7	91	HT-StreetLamp00	-54288	43760	986	437.60	9.86	-542.88	include	matinee:rest-anchored rise=17cm	matinee Lamp#237 [Move(3 keys)]; ref SeqAct_PlaySound[Target]
Tollana-fffa0005	InterpActor_115	199	HT-StreetLamp00	-50560	58974	1208	589.74	12.08	-505.60	include	matinee:rest-anchored rise=17cm	matinee Lamp#602 [Move(3 keys)]; ref SeqAct_PlaySound[Target]
Tollana-fffa0005	InterpActor_47	201	HT-StreetLamp00	-53178	59046	1208	590.46	12.08	-531.78	include	matinee:rest-anchored rise=17cm	matinee Lamp#603 [Move(3 keys)]; ref SeqAct_PlaySound[Target]
Tollana-fffa0005	InterpActor_65	203	HT-StreetLamp00	-56376	58974	1208	589.74	12.08	-563.76	include	matinee:rest-anchored rise=17cm	matinee Lamp#604 [Move(3 keys)]; ref SeqAct_PlaySound[Target]
Tollana-fffa0005	InterpActor_67	205	HT-StreetLamp00	-58972	58974	1208	589.74	12.08	-589.72	include	matinee:rest-anchored rise=17cm	matinee Lamp#605 [Move(3 keys)]; ref SeqAct_PlaySound[Target]
Tollana-fffa0005	InterpActor_69	207	HT-StreetLamp00	-58972	55518	1208	555.18	12.08	-589.72	include	matinee:rest-anchored rise=17cm	matinee Lamp#606 [Move(3 keys)]; ref SeqAct_PlaySound[Target]
Tollana-fffa0005	InterpActor_71	209	HT-StreetLamp00	-58972	51860	1208	518.60	12.08	-589.72	include	matinee:rest-anchored rise=17cm	matinee Lamp#607 [Move(3 keys)]; ref SeqAct_PlaySound[Target]
Tollana-fffa0006	InterpActor_113	281	HT-StreetLamp00	-50560	63668	1208	636.68	12.08	-505.60	include	matinee:rest-anchored rise=17cm	matinee Lamp#856 [Move(3 keys)]; ref SeqAct_PlaySound[Target]
Tollana-fffa0006	InterpActor_49	283	HT-StreetLamp00	-53154	67766	1208	677.66	12.08	-531.54	include	matinee:rest-anchored rise=17cm	matinee Lamp#857 [Move(3 keys)]; ref SeqAct_PlaySound[Target]
Tollana-fffa0006	InterpActor_51	285	HT-StreetLamp00	-53178	65118	1208	651.18	12.08	-531.78	include	matinee:rest-anchored rise=17cm	matinee Lamp#858 [Move(3 keys)]; ref SeqAct_PlaySound[Target]
Tollana-fffa0006	InterpActor_53	287	HT-StreetLamp00	-53178	62054	1208	620.54	12.08	-531.78	include	matinee:rest-anchored rise=17cm	matinee Lamp#859 [Move(3 keys)]; ref SeqAct_PlaySound[Target]
Tollana-fffa0006	InterpActor_61	289	HT-StreetLamp00	-56376	63668	1208	636.68	12.08	-563.76	include	matinee:rest-anchored rise=17cm	matinee Lamp#860 [Move(3 keys)]; ref SeqAct_PlaySound[Target]
Tollana-fffa0007	InterpActor_107	121	HT-StreetLamp00	-50216	79578	1208	795.78	12.08	-502.16	include	matinee:rest-anchored rise=17cm	matinee Lamp#414 [Move(3 keys)]; ref SeqAct_PlaySound[Target]
Tollana-fffa0007	InterpActor_57	123	HT-StreetLamp00	-53154	70966	1208	709.66	12.08	-531.54	include	matinee:rest-anchored rise=17cm	matinee Lamp#413 [Move(3 keys)]; ref SeqAct_PlaySound[Target]
Tollana-fffa0007	InterpActor_75	125	HT-StreetLamp00	-51138	71108	1208	711.08	12.08	-511.38	include	matinee:rest-anchored rise=17cm	matinee Lamp#415 [Move(3 keys)]; ref SeqAct_PlaySound[Target]
Tollana-fffa0007	InterpActor_77	127	HT-StreetLamp00	-55604	71108	1208	711.08	12.08	-556.04	include	matinee:rest-anchored rise=17cm	matinee Lamp#416 [Move(3 keys)]; ref SeqAct_PlaySound[Target]
Tollana-fffa0007	InterpActor_79	129	HT-StreetLamp00	-58312	71108	1208	711.08	12.08	-583.12	include	matinee:rest-anchored rise=17cm	matinee Lamp#417 [Move(3 keys)]; ref SeqAct_PlaySound[Target]
Tollana-fffa0007	InterpActor_81	131	HT-StreetLamp00	-53154	76436	1208	764.36	12.08	-531.54	include	matinee:rest-anchored rise=17cm	matinee Lamp#418 [Move(3 keys)]; ref SeqAct_PlaySound[Target]
Tollana-fffa0007	InterpActor_83	133	HT-StreetLamp00	-53178	73730	1208	737.30	12.08	-531.78	include	matinee:rest-anchored rise=17cm	matinee Lamp#419 [Move(3 keys)]; ref SeqAct_PlaySound[Target]
Tollana-fffa0007	InterpActor_85	135	HT-StreetLamp00	-53154	79578	1208	795.78	12.08	-531.54	include	matinee:rest-anchored rise=17cm	matinee Lamp#420 [Move(3 keys)]; ref SeqAct_PlaySound[Target]
Tollana-fffa0007	InterpActor_93	137	HT-StreetLamp00	-56324	79088	1208	790.88	12.08	-563.24	include	matinee:rest-anchored rise=17cm	matinee Lamp#421 [Move(3 keys)]; ref SeqAct_PlaySound[Target]
Tollana-fffa0008	InterpActor_101	210	HT-StreetLamp00	-58716	89486	1208	894.86	12.08	-587.16	include	matinee:rest-anchored rise=17cm	matinee Lamp#642 [Move(3 keys)]; ref SeqAct_PlaySound[Target]
Tollana-fffa0008	InterpActor_103	212	HT-StreetLamp00	-50216	83352	1208	833.52	12.08	-502.16	include	matinee:rest-anchored rise=17cm	matinee Lamp#643 [Move(3 keys)]; ref SeqAct_PlaySound[Target]
Tollana-fffa0008	InterpActor_89	214	HT-StreetLamp00	-53154	83352	1208	833.52	12.08	-531.54	include	matinee:rest-anchored rise=17cm	matinee Lamp#639 [Move(3 keys)]; ref SeqAct_PlaySound[Target]
Tollana-fffa0008	InterpActor_97	216	HT-StreetLamp00	-56324	83784	1208	837.84	12.08	-563.24	include	matinee:rest-anchored rise=17cm	matinee Lamp#640 [Move(3 keys)]; ref SeqAct_PlaySound[Target]
Tollana-fffa0008	InterpActor_99	218	HT-StreetLamp00	-58716	84504	1208	845.04	12.08	-587.16	include	matinee:rest-anchored rise=17cm	matinee Lamp#641 [Move(3 keys)]; ref SeqAct_PlaySound[Target]
Tollana-fffafff7	InterpActor_0	497	HT-FloatingLight01	-57773	-80512	885	-805.12	8.85	-577.73	include	matinee:rest-anchored rise=4cm	matinee Lamp#1314 [Move(5 keys)]; ref SeqAct_PlaySound[Target]
Tollana-fffafff7	InterpActor_1	498	HT-FloatingLight01	-58798	-80512	885	-805.12	8.85	-587.98	include	matinee:rest-anchored rise=4cm	matinee Lamp#1313 [Move(5 keys)]; ref SeqAct_PlaySound[Target]
Tollana-fffb0004	InterpActor_11	73	HT-StreetLamp00	-46323	43240	986	432.40	9.86	-463.23	include	matinee:rest-anchored rise=17cm	matinee Lamp#195 [Move(3 keys)]; ref SeqAct_PlaySound[Target]
Tollana-fffb0004	InterpActor_13	75	HT-StreetLamp00	-45171	45779	986	457.79	9.86	-451.71	include	matinee:rest-anchored rise=17cm	matinee Lamp#193 [Move(3 keys)]; ref SeqAct_PlaySound[Target]
Tollana-fffb0004	InterpActor_9	77	HT-StreetLamp00	-45465	43971	986	439.71	9.86	-454.65	include	matinee:rest-anchored rise=17cm	matinee Lamp#194 [Move(3 keys)]; ref SeqAct_PlaySound[Target]
Tollana-fffb0006	InterpActor_15	86	HT-StreetLamp00	-47246	61619	986	616.19	9.86	-472.46	include	matinee:rest-anchored rise=17cm	matinee Lamp#239 [Move(3 keys)]; ref SeqAct_PlaySound[Target]
Tollana-fffb0006	InterpActor_17	88	HT-StreetLamp00	-46382	62769	986	627.69	9.86	-463.82	include	matinee:rest-anchored rise=17cm	matinee Lamp#240 [Move(3 keys)]; ref SeqAct_PlaySound[Target]
Tollana-fffb0006	InterpActor_19	90	HT-StreetLamp00	-46526	64885	986	648.85	9.86	-465.26	include	matinee:rest-anchored rise=17cm	matinee Lamp#238 [Move(3 keys)]; ref SeqAct_PlaySound[Target]
