package	export_index	class	object
Packages/AGN-Prebuilt_MBD.upk	55	SGWPrebuild	AN_LaroHub_Interior_01
Packages/AGN-Prebuilt_MBD.upk	75	SGWPrebuild	LaroHub_01
Packages/AGN-Prebuilt_MBD.upk	76	SGWPrebuild	LaroHub_02
Packages/AGN-Skydome.upk	96	SGWPrebuild	AGN-Skydome_Prebuild
Packages/AGN-Skydome.upk	97	StaticMesh	AGN-Skydome
Packages/AGN-VFX.upk	3957	Material	AGN-FadingElectricSpark_mat
Packages/AGN-VFX.upk	3958	Material	AGN-LightningWater00_FX-Mat
Packages/AGN-VFX.upk	3959	Material	AGN-LightningWater01_FX-Mat
Packages/AGN-VFX.upk	3960	Material	AGN-LightningWater02_FX-Mat
Packages/AGN-VFX.upk	3961	Material	AGN-LightningWater_FX-Mat
Packages/AGN-VFX.upk	4279	MaterialInstanceConstant	AGN-DistortionFlame_MI
Packages/AGN-VFX.upk	7404	ParticleSystem	AGN-BlueFireMed
Packages/AGN-VFX.upk	7405	ParticleSystem	AGN-ChamberOpen
Packages/AGN-VFX.upk	7406	ParticleSystem	AGN-LarosBeam
Packages/AGN-VFX.upk	7407	ParticleSystem	AGN-LarosDestruction
Packages/AGN-VFX.upk	7408	ParticleSystem	AGN-LarosEnergy00
Packages/AGN-VFX.upk	7409	ParticleSystem	AGN-LarosEnergyBuild
Packages/AGN-VFX.upk	7410	ParticleSystem	AGN-LarosEnergyInfected00
Packages/AGN-VFX.upk	7411	ParticleSystem	AGN-LarosSurroundEnergy
Packages/AGN-VFX.upk	7412	ParticleSystem	AGN-PlasmaFilterOverload
Packages/AGN-VFX.upk	7413	ParticleSystem	AGN-YellowGlow
Packages/AN-Arch.upk	61	Material	AN-Laro_Monitors_FX-Mat
Packages/AN-Arch.upk	62	Material	AN-Laro_Terminal00_FX-Mat
Packages/AN-Arch.upk	63	Material	An-SermorbisAltar01_FX-Mat
Packages/AN-Arch.upk	97	MaterialInstanceConstant	AN-Arch00_MI
Packages/AN-Arch.upk	98	MaterialInstanceConstant	AN-Arch00_Ruin_DaS_MI
Packages/AN-Arch.upk	99	MaterialInstanceConstant	AN-Arch01_MI
Packages/AN-Arch.upk	101	MaterialInstanceConstant	AN-BBorder00_MI
Packages/AN-Arch.upk	102	MaterialInstanceConstant	AN-BBorder00_Ruin_MI
Packages/AN-Arch.upk	103	MaterialInstanceConstant	AN-BBorder01_MI
Packages/AN-Arch.upk	104	MaterialInstanceConstant	AN-BBorderRailing00_MI
Packages/AN-Arch.upk	105	MaterialInstanceConstant	AN-BDecor00_MI
Packages/AN-Arch.upk	107	MaterialInstanceConstant	AN-BDecor01_MI
Packages/AN-Arch.upk	108	MaterialInstanceConstant	AN-BFloor00_MI
Packages/AN-Arch.upk	100	MaterialInstanceConstant	AN-Base_light00_MI
Packages/AN-Arch.upk	106	MaterialInstanceConstant	AN-Bdecor00_Ruin_MI
Packages/AN-Arch.upk	109	MaterialInstanceConstant	AN-Border01_MI
Packages/AN-Arch.upk	110	MaterialInstanceConstant	AN-Border02_MI
Packages/AN-Arch.upk	111	MaterialInstanceConstant	AN-Canal00_MI
Packages/AN-Arch.upk	112	MaterialInstanceConstant	AN-Diaganol_Braces00_MI
Packages/AN-Arch.upk	113	MaterialInstanceConstant	AN-Pillar00_MI
Packages/AN-Arch.upk	114	MaterialInstanceConstant	AN-Pillar00_Ruin_MI
Packages/AN-Arch.upk	116	MaterialInstanceConstant	AN-SuperWeapon00_MI
Packages/AN-Arch.upk	117	MaterialInstanceConstant	AN-Wall_Decor00_MI
Packages/AN-Arch.upk	115	MaterialInstanceConstant	An-SermorbisAltar00_MI
Packages/AN-Arch.upk	226	Prefab	AN-Arch01_Pf0
Packages/AN-Arch.upk	227	Prefab	AN-Base_Light00_Pf0
Packages/AN-Arch.upk	228	Prefab	AN-Base_LightCNR00_Pf0
Packages/AN-Arch.upk	229	Prefab	AN-Diagonal_Braces_Large00_Pf0
Packages/AN-Arch.upk	230	Prefab	AN-Diagonal_Braces_Med00_Pf0
Packages/AN-Arch.upk	237	Prefab	AN-WallCover_LowCnr00_Pf0
Packages/AN-Arch.upk	238	Prefab	AN-WallCover_MedCnr00_Pf0
Packages/AN-Arch.upk	231	Prefab	AN-Wall_Deco00_CNR01_Pf0
Packages/AN-Arch.upk	232	Prefab	AN-Wall_Deco00_CNR01_Pf1
Packages/AN-Arch.upk	233	Prefab	AN-Wall_Deco00_Pf0
Packages/AN-Arch.upk	234	Prefab	AN-Wall_Deco02_Gate_Pf0
Packages/AN-Arch.upk	235	Prefab	AN-Wall_Deco02_Pf0
Packages/AN-Arch.upk	236	Prefab	AN-Wall_Deco03_Gate_Pf0
Packages/AN-Arch.upk	414	StaticMesh	AN-Arch00
Packages/AN-Arch.upk	415	StaticMesh	AN-Arch01
Packages/AN-Arch.upk	416	StaticMesh	AN-Base_Light00
Packages/AN-Arch.upk	417	StaticMesh	AN-Base_LightCNR00
Packages/AN-Arch.upk	423	StaticMesh	AN-BridgeSm_Anchor00
Packages/AN-Arch.upk	424	StaticMesh	AN-BridgeSm_Segment00
Packages/AN-Arch.upk	425	StaticMesh	AN-BridgeSm_Segment01
Packages/AN-Arch.upk	426	StaticMesh	AN-BridgeSm_Segment01_Ruin
Packages/AN-Arch.upk	418	StaticMesh	AN-Bridge_Anchor00
Packages/AN-Arch.upk	419	StaticMesh	AN-Bridge_Segment00
Packages/AN-Arch.upk	420	StaticMesh	AN-Bridge_Segment00_Ruin
Packages/AN-Arch.upk	421	StaticMesh	AN-Bridge_SupportLG00
Packages/AN-Arch.upk	422	StaticMesh	AN-Bridge_SupportSM00
Packages/AN-Arch.upk	427	StaticMesh	AN-Canal_Cnr00
Packages/AN-Arch.upk	428	StaticMesh	AN-Canal_Cnr01
Packages/AN-Arch.upk	429	StaticMesh	AN-Canal_Cnr02
Packages/AN-Arch.upk	430	StaticMesh	AN-Canal_Cnr03
Packages/AN-Arch.upk	431	StaticMesh	AN-Canal_Con00
Packages/AN-Arch.upk	432	StaticMesh	AN-Canal_Con01
Packages/AN-Arch.upk	433	StaticMesh	AN-Canal_Crv00
Packages/AN-Arch.upk	434	StaticMesh	AN-Canal_Crv01
Packages/AN-Arch.upk	435	StaticMesh	AN-Canal_Crv02
Packages/AN-Arch.upk	436	StaticMesh	AN-Canal_Crv03
Packages/AN-Arch.upk	437	StaticMesh	AN-Canal_Ramp00
Packages/AN-Arch.upk	438	StaticMesh	AN-Canal_Ramp01
Packages/AN-Arch.upk	439	StaticMesh	AN-Canal_Ramp02
Packages/AN-Arch.upk	440	StaticMesh	AN-Canal_Str00
Packages/AN-Arch.upk	441	StaticMesh	AN-Canal_Str01
Packages/AN-Arch.upk	442	StaticMesh	AN-ColumnLight00
Packages/AN-Arch.upk	443	StaticMesh	AN-Diagonal_Braces_Large00
Packages/AN-Arch.upk	444	StaticMesh	AN-Diagonal_Braces_Med00
Packages/AN-Arch.upk	445	StaticMesh	AN-Diagonal_Braces_Med01
Packages/AN-Arch.upk	446	StaticMesh	AN-Diagonal_Braces_Small00
Packages/AN-Arch.upk	447	StaticMesh	AN-HollowWall_BTM00
Packages/AN-Arch.upk	448	StaticMesh	AN-HollowWall_BTM01
Packages/AN-Arch.upk	449	StaticMesh	AN-HollowWall_MID00
Packages/AN-Arch.upk	450	StaticMesh	AN-HollowWall_MID01
Packages/AN-Arch.upk	451	StaticMesh	AN-HollowWall_MID02
Packages/AN-Arch.upk	452	StaticMesh	AN-HollowWall_MID03
Packages/AN-Arch.upk	453	StaticMesh	AN-HollowWall_MID04
Packages/AN-Arch.upk	454	StaticMesh	AN-HollowWall_MID05
Packages/AN-Arch.upk	455	StaticMesh	AN-HollowWall_MID06
Packages/AN-Arch.upk	456	StaticMesh	AN-HollowWall_TOP00
Packages/AN-Arch.upk	457	StaticMesh	AN-HollowWall_TOP01
Packages/AN-Arch.upk	458	StaticMesh	AN-Laro_Terminal00
Packages/AN-Arch.upk	459	StaticMesh	AN-Laro_Terminal01
Packages/AN-Arch.upk	460	StaticMesh	AN-Lightstrip00
Packages/AN-Arch.upk	461	StaticMesh	AN-Lightstrip01
Packages/AN-Arch.upk	462	StaticMesh	AN-Lightstrip02
Packages/AN-Arch.upk	463	StaticMesh	AN-Pillar_Large00
Packages/AN-Arch.upk	464	StaticMesh	AN-Pillar_Large00_Ruin00
Packages/AN-Arch.upk	465	StaticMesh	AN-Pillar_Large00_Ruin01
Packages/AN-Arch.upk	466	StaticMesh	AN-Pillar_Medium00
Packages/AN-Arch.upk	467	StaticMesh	AN-Pillar_Medium00_Ruin00
Packages/AN-Arch.upk	468	StaticMesh	AN-Pillar_Medium00_Ruin01
Packages/AN-Arch.upk	469	StaticMesh	AN-Pillar_Medium01
Packages/AN-Arch.upk	470	StaticMesh	AN-Pillar_Small00
Packages/AN-Arch.upk	471	StaticMesh	AN-RailingLG_Corner00
Packages/AN-Arch.upk	472	StaticMesh	AN-RailingLG_Corner01
Packages/AN-Arch.upk	473	StaticMesh	AN-RailingLG_Straight00
Packages/AN-Arch.upk	474	StaticMesh	AN-RailingLG_Straight01
Packages/AN-Arch.upk	475	StaticMesh	AN-RailingLG_Whole
Packages/AN-Arch.upk	476	StaticMesh	AN-RailingMD_Corner00
Packages/AN-Arch.upk	477	StaticMesh	AN-RailingMD_Corner01
Packages/AN-Arch.upk	478	StaticMesh	AN-RailingMD_Straight00
Packages/AN-Arch.upk	479	StaticMesh	AN-RailingMD_Straight01
Packages/AN-Arch.upk	480	StaticMesh	AN-RailingSM_Corner00
Packages/AN-Arch.upk	481	StaticMesh	AN-RailingSM_Corner01
Packages/AN-Arch.upk	482	StaticMesh	AN-RailingSM_Straight00
Packages/AN-Arch.upk	483	StaticMesh	AN-RailingSM_Straight01
Packages/AN-Arch.upk	484	StaticMesh	AN-Ramp00
Packages/AN-Arch.upk	485	StaticMesh	AN-Ramp01
Packages/AN-Arch.upk	486	StaticMesh	AN-Ramp02
Packages/AN-Arch.upk	487	StaticMesh	AN-Ramp03
Packages/AN-Arch.upk	488	StaticMesh	AN-Ramp04
Packages/AN-Arch.upk	489	StaticMesh	AN-SermorbisAltar00
Packages/AN-Arch.upk	490	StaticMesh	AN-SermorbisAltar01
Packages/AN-Arch.upk	491	StaticMesh	AN-SermorbisAltar02
Packages/AN-Arch.upk	492	StaticMesh	AN-SermorbisAltar03
Packages/AN-Arch.upk	493	StaticMesh	AN-SuperWeapon0
Packages/AN-Arch.upk	494	StaticMesh	AN-SuperWeapon_Shell00
Packages/AN-Arch.upk	514	StaticMesh	AN-WallCover_Low00
Packages/AN-Arch.upk	515	StaticMesh	AN-WallCover_LowCnr00
Packages/AN-Arch.upk	516	StaticMesh	AN-WallCover_Med00
Packages/AN-Arch.upk	517	StaticMesh	AN-WallCover_MedCnr00
Packages/AN-Arch.upk	495	StaticMesh	AN-Wall_Deco00
Packages/AN-Arch.upk	496	StaticMesh	AN-Wall_Deco00_CNR00
Packages/AN-Arch.upk	497	StaticMesh	AN-Wall_Deco00_CNR01
Packages/AN-Arch.upk	498	StaticMesh	AN-Wall_Deco00a
Packages/AN-Arch.upk	499	StaticMesh	AN-Wall_Deco01
Packages/AN-Arch.upk	500	StaticMesh	AN-Wall_Deco01_CNR00
Packages/AN-Arch.upk	501	StaticMesh	AN-Wall_Deco01_CNR01
Packages/AN-Arch.upk	502	StaticMesh	AN-Wall_Deco01a
Packages/AN-Arch.upk	503	StaticMesh	AN-Wall_Deco02
Packages/AN-Arch.upk	504	StaticMesh	AN-Wall_Deco02_CNR00
Packages/AN-Arch.upk	505	StaticMesh	AN-Wall_Deco02_CNR01
Packages/AN-Arch.upk	506	StaticMesh	AN-Wall_Deco02_Gate
Packages/AN-Arch.upk	507	StaticMesh	AN-Wall_Deco02a
Packages/AN-Arch.upk	508	StaticMesh	AN-Wall_Deco03
Packages/AN-Arch.upk	509	StaticMesh	AN-Wall_Deco03_CNR00
Packages/AN-Arch.upk	510	StaticMesh	AN-Wall_Deco03_CNR01
Packages/AN-Arch.upk	511	StaticMesh	AN-Wall_Deco03_Gate
Packages/AN-Arch.upk	512	StaticMesh	AN-Wall_Deco03a
Packages/AN-Arch.upk	513	StaticMesh	AN-Wall_Deco03b
Packages/AN-Arch.upk	562	Texture2D	AN-Arch00_D
Packages/AN-Arch.upk	563	Texture2D	AN-Arch00_E
Packages/AN-Arch.upk	564	Texture2D	AN-Arch00_N
Packages/AN-Arch.upk	565	Texture2D	AN-Arch00_Ruin_DaS
Packages/AN-Arch.upk	566	Texture2D	AN-Arch00_S
Packages/AN-Arch.upk	570	Texture2D	AN-BBorder00_D
Packages/AN-Arch.upk	571	Texture2D	AN-BBorder00_E
Packages/AN-Arch.upk	572	Texture2D	AN-BBorder00_N
Packages/AN-Arch.upk	573	Texture2D	AN-BBorder00_Ruin_DaS
Packages/AN-Arch.upk	574	Texture2D	AN-BBorder00_S
Packages/AN-Arch.upk	575	Texture2D	AN-BBorder01_E
Packages/AN-Arch.upk	576	Texture2D	AN-BDecor00_D
Packages/AN-Arch.upk	577	Texture2D	AN-BDecor00_E
Packages/AN-Arch.upk	578	Texture2D	AN-BDecor00_N
Packages/AN-Arch.upk	579	Texture2D	AN-BDecor00_Ruin_DaS
Packages/AN-Arch.upk	580	Texture2D	AN-BDecor00_S
Packages/AN-Arch.upk	581	Texture2D	AN-BFloor00_D
Packages/AN-Arch.upk	582	Texture2D	AN-BFloor00_N
Packages/AN-Arch.upk	583	Texture2D	AN-BFloor00_S
Packages/AN-Arch.upk	567	Texture2D	AN-Base_Light00_D
Packages/AN-Arch.upk	568	Texture2D	AN-Base_Light00_E
Packages/AN-Arch.upk	569	Texture2D	AN-Base_Light00_S
Packages/AN-Arch.upk	584	Texture2D	AN-Border01_D
Packages/AN-Arch.upk	585	Texture2D	AN-Border01_N
Packages/AN-Arch.upk	586	Texture2D	AN-Border01_S
Packages/AN-Arch.upk	587	Texture2D	AN-Border02_D
Packages/AN-Arch.upk	588	Texture2D	AN-Border02_N
Packages/AN-Arch.upk	589	Texture2D	AN-Border02_S
Packages/AN-Arch.upk	590	Texture2D	AN-Canal00_D
Packages/AN-Arch.upk	591	Texture2D	AN-Canal00_N
Packages/AN-Arch.upk	592	Texture2D	AN-Canal00_S
Packages/AN-Arch.upk	593	Texture2D	AN-Diaganol_Braces00_D
Packages/AN-Arch.upk	594	Texture2D	AN-Diaganol_Braces00_E
Packages/AN-Arch.upk	595	Texture2D	AN-Diaganol_Braces00_N
Packages/AN-Arch.upk	596	Texture2D	AN-Diaganol_Braces00_S
Packages/AN-Arch.upk	597	Texture2D	AN-Laro_Monitors_D
Packages/AN-Arch.upk	598	Texture2D	AN-Laro_Terminal00_DaS
Packages/AN-Arch.upk	599	Texture2D	AN-Laro_Terminal00_E
Packages/AN-Arch.upk	600	Texture2D	AN-Laro_Terminal00_N
Packages/AN-Arch.upk	601	Texture2D	AN-Pillar00_D
Packages/AN-Arch.upk	602	Texture2D	AN-Pillar00_N
Packages/AN-Arch.upk	603	Texture2D	AN-Pillar00_Ruin_D
Packages/AN-Arch.upk	604	Texture2D	AN-Pillar00_Ruin_S
Packages/AN-Arch.upk	605	Texture2D	AN-Pillar00_S
Packages/AN-Arch.upk	611	Texture2D	AN-SuperWeapon00_DaS
Packages/AN-Arch.upk	612	Texture2D	AN-SuperWeapon00_N
Packages/AN-Arch.upk	613	Texture2D	AN-Wall_Decor00_D
Packages/AN-Arch.upk	614	Texture2D	AN-Wall_Decor00_E
Packages/AN-Arch.upk	615	Texture2D	AN-Wall_Decor00_N
Packages/AN-Arch.upk	616	Texture2D	AN-Wall_Decor00_S
Packages/AN-Arch.upk	606	Texture2D	An-SermorbisAltar00_D
Packages/AN-Arch.upk	607	Texture2D	An-SermorbisAltar00_S
Packages/AN-Arch.upk	608	Texture2D	An-SermorbisAltar01_DaS
Packages/AN-Arch.upk	609	Texture2D	An-SermorbisAltar01_E
Packages/AN-Arch.upk	610	Texture2D	An-SermorbisAltar01_EaEM
Packages/AN-Buildings.upk	673	Material	AN-Greenhouse_Door00_Mat
Packages/AN-Buildings.upk	674	Material	AN-Greenhouse_Glass_FX-Mat
Packages/AN-Buildings.upk	672	Material	AN-agnos_tower00_FX_Mat
Packages/AN-Buildings.upk	675	Material	AN-laro_root00_FX_Mat
Packages/AN-Buildings.upk	773	MaterialInstanceConstant	AN-Alterans_Floor_MI
Packages/AN-Buildings.upk	774	MaterialInstanceConstant	AN-AtmosphereGen00_MI
Packages/AN-Buildings.upk	775	MaterialInstanceConstant	AN-AtmosphereGen01_MI
Packages/AN-Buildings.upk	776	MaterialInstanceConstant	AN-Bfill00_MI
Packages/AN-Buildings.upk	777	MaterialInstanceConstant	AN-Border00_MI
Packages/AN-Buildings.upk	778	MaterialInstanceConstant	AN-Border01_MI
Packages/AN-Buildings.upk	781	MaterialInstanceConstant	AN-BuildingLarge01_Ruin_MI
Packages/AN-Buildings.upk	782	MaterialInstanceConstant	AN-BuildingMedium00_MI
Packages/AN-Buildings.upk	783	MaterialInstanceConstant	AN-BuildingMedium00_Ruin_Layer_MI
Packages/AN-Buildings.upk	784	MaterialInstanceConstant	AN-BuildingMedium00_Ruin_MI
Packages/AN-Buildings.upk	785	MaterialInstanceConstant	AN-DarkRed_Ruin00_MI
Packages/AN-Buildings.upk	786	MaterialInstanceConstant	AN-DefenseBuilding00_MI
Packages/AN-Buildings.upk	787	MaterialInstanceConstant	AN-Greeble00_MI
Packages/AN-Buildings.upk	788	MaterialInstanceConstant	AN-Greeble00_Ruin_Layer_MI
Packages/AN-Buildings.upk	789	MaterialInstanceConstant	AN-Greeble00_Ruin_MI
Packages/AN-Buildings.upk	792	MaterialInstanceConstant	AN-GreenhouseGlass00_MI
Packages/AN-Buildings.upk	790	MaterialInstanceConstant	AN-Greenhouse_Door00_MI
Packages/AN-Buildings.upk	791	MaterialInstanceConstant	AN-Greenhouse_Glass_FX-MI
Packages/AN-Buildings.upk	793	MaterialInstanceConstant	AN-Grey_Metal00_MI
Packages/AN-Buildings.upk	796	MaterialInstanceConstant	AN-Grey_Metal01_MI
Packages/AN-Buildings.upk	797	MaterialInstanceConstant	AN-Small_Building00_MI
Packages/AN-Buildings.upk	798	MaterialInstanceConstant	AN-Small_Deco00_MI
Packages/AN-Buildings.upk	799	MaterialInstanceConstant	AN-Stained_Glass_MI
Packages/AN-Buildings.upk	800	MaterialInstanceConstant	AN-VFloor00_MI
Packages/AN-Buildings.upk	801	MaterialInstanceConstant	AN-VFloor01_MI
Packages/AN-Buildings.upk	802	MaterialInstanceConstant	AN-WallArch00_MI
Packages/AN-Buildings.upk	803	MaterialInstanceConstant	AN-WallArch00_Ruin_MI
Packages/AN-Buildings.upk	804	MaterialInstanceConstant	AN-WallFill00_MI
Packages/AN-Buildings.upk	805	MaterialInstanceConstant	AN-WallFill00_Ruin_MI
Packages/AN-Buildings.upk	806	MaterialInstanceConstant	AN-WallStep00_MI
Packages/AN-Buildings.upk	807	MaterialInstanceConstant	AN-WallStep00_Ruin_MI
Packages/AN-Buildings.upk	808	MaterialInstanceConstant	AN-WallStep01_MI
Packages/AN-Buildings.upk	779	MaterialInstanceConstant	An-BuildingLarge00_D_MI
Packages/AN-Buildings.upk	780	MaterialInstanceConstant	An-BuildingLarge01_D_MI
Packages/AN-Buildings.upk	794	MaterialInstanceConstant	An-Grey_Metal00_Ruin_Layer_MI
Packages/AN-Buildings.upk	795	MaterialInstanceConstant	An-Grey_Metal00_Ruin_MI
Packages/AN-Buildings.upk	2034	Prefab	AN-AtmosphereGen00_Pf0
Packages/AN-Buildings.upk	2035	Prefab	AN-Building_Large00_Pf0
Packages/AN-Buildings.upk	2036	Prefab	AN-Building_Med00_Pf0
Packages/AN-Buildings.upk	2037	Prefab	AN-Building_Small00_Pf0
Packages/AN-Buildings.upk	2038	Prefab	AN-Building_Small01_Pf0
Packages/AN-Buildings.upk	2039	Prefab	AN-Building_Small01_Ruin_Pf0
Packages/AN-Buildings.upk	2040	Prefab	AN-DefenseBuilding00_Pf1
Packages/AN-Buildings.upk	2041	Prefab	AN-PlasmaStorageBuilding00_Pf0
Packages/AN-Buildings.upk	2042	Prefab	AN-PlasmaStorageBuilding01_Pf0
Packages/AN-Buildings.upk	2043	Prefab	AN-PlasmaStorageBuilding02_Pf0
Packages/AN-Buildings.upk	2044	Prefab	AN-PlasmaStorageBuilding03_Pf0
Packages/AN-Buildings.upk	2045	Prefab	AN-Small_Deco00_Pf0
Packages/AN-Buildings.upk	2033	Prefab	AN-agnos_tower00_Pf0
Packages/AN-Buildings.upk	2046	Prefab	AN-smStorageBuilding00_Pf0
Packages/AN-Buildings.upk	2457	StaticMesh	AN-AtmosphereGen00
Packages/AN-Buildings.upk	2458	StaticMesh	AN-Building_Large00
Packages/AN-Buildings.upk	2459	StaticMesh	AN-Building_Large01
Packages/AN-Buildings.upk	2460	StaticMesh	AN-Building_Med00
Packages/AN-Buildings.upk	2461	StaticMesh	AN-Building_Med00_Ruin
Packages/AN-Buildings.upk	2462	StaticMesh	AN-Building_Small00
Packages/AN-Buildings.upk	2463	StaticMesh	AN-Building_Small01
Packages/AN-Buildings.upk	2464	StaticMesh	AN-Building_Small01_Ruin
Packages/AN-Buildings.upk	2465	StaticMesh	AN-Building_Small02
Packages/AN-Buildings.upk	2466	StaticMesh	AN-DefenseBuilding00
Packages/AN-Buildings.upk	2467	StaticMesh	AN-DefenseBuilding_TopPiece00
Packages/AN-Buildings.upk	2468	StaticMesh	AN-DefenseBuilding_TopWingPiece00
Packages/AN-Buildings.upk	2469	StaticMesh	AN-Greenhouse00
Packages/AN-Buildings.upk	2470	StaticMesh	AN-Greenhouse_Door00
Packages/AN-Buildings.upk	2471	StaticMesh	AN-Greenhouse_Glass00
Packages/AN-Buildings.upk	2472	StaticMesh	AN-Greenhouse_Top00
Packages/AN-Buildings.upk	2473	StaticMesh	AN-Laro_Root00
Packages/AN-Buildings.upk	2474	StaticMesh	AN-PlasmaStorageBuilding00
Packages/AN-Buildings.upk	2475	StaticMesh	AN-PlasmaStorageBuilding01
Packages/AN-Buildings.upk	2476	StaticMesh	AN-PlasmaStorageBuilding02
Packages/AN-Buildings.upk	2477	StaticMesh	AN-PlasmaStorageBuilding03
Packages/AN-Buildings.upk	2478	StaticMesh	AN-Small_Deco00
Packages/AN-Buildings.upk	2479	StaticMesh	AN-Small_Deco01
Packages/AN-Buildings.upk	2455	StaticMesh	AN-agnos_tower00
Packages/AN-Buildings.upk	2456	StaticMesh	AN-agnos_tower01
Packages/AN-Buildings.upk	2480	StaticMesh	AN-smStorageBuilding00
Packages/AN-Buildings.upk	2523	Texture2D	AN-Agnos_Tower00_DaS
Packages/AN-Buildings.upk	2524	Texture2D	AN-Agnos_Tower00_E
Packages/AN-Buildings.upk	2525	Texture2D	AN-Agnos_Tower00_N
Packages/AN-Buildings.upk	2526	Texture2D	AN-Alterans_Floor00_D
Packages/AN-Buildings.upk	2527	Texture2D	AN-Alterans_Floor00_E
Packages/AN-Buildings.upk	2528	Texture2D	AN-AtmosphereGen00_D
Packages/AN-Buildings.upk	2529	Texture2D	AN-AtmosphereGen00_N
Packages/AN-Buildings.upk	2530	Texture2D	AN-AtmosphereGen00_S
Packages/AN-Buildings.upk	2531	Texture2D	AN-AtmosphereGen01_D
Packages/AN-Buildings.upk	2532	Texture2D	AN-AtmosphereGen01_E
Packages/AN-Buildings.upk	2533	Texture2D	AN-AtmosphereGen01_N
Packages/AN-Buildings.upk	2534	Texture2D	AN-AtmosphereGen01_S
Packages/AN-Buildings.upk	2535	Texture2D	AN-Bfill00_D
Packages/AN-Buildings.upk	2536	Texture2D	AN-Bfill00_N
Packages/AN-Buildings.upk	2537	Texture2D	AN-Bfill00_S
Packages/AN-Buildings.upk	2538	Texture2D	AN-Border00_D
Packages/AN-Buildings.upk	2539	Texture2D	AN-Border00_E
Packages/AN-Buildings.upk	2540	Texture2D	AN-Border00_N
Packages/AN-Buildings.upk	2541	Texture2D	AN-Border00_S
Packages/AN-Buildings.upk	2549	Texture2D	AN-BuildingMedium00_D
Packages/AN-Buildings.upk	2550	Texture2D	AN-BuildingMedium00_E
Packages/AN-Buildings.upk	2551	Texture2D	AN-BuildingMedium00_Ruin_D
Packages/AN-Buildings.upk	2552	Texture2D	AN-BuildingMedium00_S
Packages/AN-Buildings.upk	2553	Texture2D	AN-DarkRed_Ruin00_D
Packages/AN-Buildings.upk	2554	Texture2D	AN-DarkRed_Ruin00_N
Packages/AN-Buildings.upk	2555	Texture2D	AN-DefenseBuilding00_D
Packages/AN-Buildings.upk	2556	Texture2D	AN-DefenseBuilding00_E
Packages/AN-Buildings.upk	2557	Texture2D	AN-DefenseBuilding00_N
Packages/AN-Buildings.upk	2558	Texture2D	AN-DefenseBuilding00_S
Packages/AN-Buildings.upk	2559	Texture2D	AN-Greeble00_D
Packages/AN-Buildings.upk	2560	Texture2D	AN-Greeble00_DaS
Packages/AN-Buildings.upk	2561	Texture2D	AN-Greeble00_N
Packages/AN-Buildings.upk	2562	Texture2D	AN-Greeble00_Ruin_D
Packages/AN-Buildings.upk	2563	Texture2D	AN-Greeble00_Ruin_DaS
Packages/AN-Buildings.upk	2564	Texture2D	AN-Greeble00_S
Packages/AN-Buildings.upk	2565	Texture2D	AN-Greenhouse00-FX_N
Packages/AN-Buildings.upk	2566	Texture2D	AN-Greenhouse00_DaO
Packages/AN-Buildings.upk	2567	Texture2D	AN-Greenhouse00_E
Packages/AN-Buildings.upk	2568	Texture2D	AN-Greenhouse00_FX
Packages/AN-Buildings.upk	2569	Texture2D	AN-Greenhouse00_NaRM
Packages/AN-Buildings.upk	2570	Texture2D	AN-Greenhouse01_DaO
Packages/AN-Buildings.upk	2571	Texture2D	AN-Greenhouse01_E
Packages/AN-Buildings.upk	2572	Texture2D	AN-Greenhouse01_FX
Packages/AN-Buildings.upk	2573	Texture2D	AN-Greenhouse01_N
Packages/AN-Buildings.upk	2574	Texture2D	AN-Grey_Metal00_D
Packages/AN-Buildings.upk	2575	Texture2D	AN-Grey_Metal00_N
Packages/AN-Buildings.upk	2576	Texture2D	AN-Grey_Metal00_Ruin_DaS
Packages/AN-Buildings.upk	2577	Texture2D	AN-Grey_Metal00_S
Packages/AN-Buildings.upk	2578	Texture2D	AN-Grey_Metal01_D
Packages/AN-Buildings.upk	2582	Texture2D	AN-Small_Building00_D
Packages/AN-Buildings.upk	2583	Texture2D	AN-Small_Building00_E
Packages/AN-Buildings.upk	2584	Texture2D	AN-Small_Building00_N
Packages/AN-Buildings.upk	2585	Texture2D	AN-Small_Building00_S
Packages/AN-Buildings.upk	2586	Texture2D	AN-Small_Deco00_D
Packages/AN-Buildings.upk	2587	Texture2D	AN-Small_Deco00_E
Packages/AN-Buildings.upk	2588	Texture2D	AN-Small_Deco00_N
Packages/AN-Buildings.upk	2589	Texture2D	AN-Small_Deco00_S
Packages/AN-Buildings.upk	2590	Texture2D	AN-Stained_Glass_D
Packages/AN-Buildings.upk	2591	Texture2D	AN-Stained_Glass_E
Packages/AN-Buildings.upk	2592	Texture2D	AN-Stained_Glass_N
Packages/AN-Buildings.upk	2593	Texture2D	AN-VFloor00_D
Packages/AN-Buildings.upk	2594	Texture2D	AN-VFloor00_N
Packages/AN-Buildings.upk	2595	Texture2D	AN-VFloor00_S
Packages/AN-Buildings.upk	2596	Texture2D	AN-VFloor01_D
Packages/AN-Buildings.upk	2597	Texture2D	AN-VFloor01_N
Packages/AN-Buildings.upk	2598	Texture2D	AN-VFloor01_S
Packages/AN-Buildings.upk	2599	Texture2D	AN-WallArch00_D
Packages/AN-Buildings.upk	2600	Texture2D	AN-WallArch00_E
Packages/AN-Buildings.upk	2601	Texture2D	AN-WallArch00_N
Packages/AN-Buildings.upk	2602	Texture2D	AN-WallArch00_Ruin_D
Packages/AN-Buildings.upk	2603	Texture2D	AN-WallArch00_S
Packages/AN-Buildings.upk	2604	Texture2D	AN-WallFill00_D
Packages/AN-Buildings.upk	2605	Texture2D	AN-WallFill00_N
Packages/AN-Buildings.upk	2606	Texture2D	AN-WallFill00_Ruin_D
Packages/AN-Buildings.upk	2607	Texture2D	AN-WallFill00_S
Packages/AN-Buildings.upk	2608	Texture2D	AN-WallStep00_D
Packages/AN-Buildings.upk	2609	Texture2D	AN-WallStep00_N
Packages/AN-Buildings.upk	2610	Texture2D	AN-WallStep00_Ruin_D
Packages/AN-Buildings.upk	2611	Texture2D	AN-WallStep00_S
Packages/AN-Buildings.upk	2612	Texture2D	AN-WallStep01_D
Packages/AN-Buildings.upk	2613	Texture2D	AN-WallStep01_N
Packages/AN-Buildings.upk	2614	Texture2D	AN-WallStep01_S
Packages/AN-Buildings.upk	2579	Texture2D	AN-laro_root00_DaS
Packages/AN-Buildings.upk	2580	Texture2D	AN-laro_root00_E
Packages/AN-Buildings.upk	2581	Texture2D	AN-laro_root00_N
Packages/AN-Buildings.upk	2542	Texture2D	An-BuildingLarge00_D
Packages/AN-Buildings.upk	2543	Texture2D	An-BuildingLarge00_E
Packages/AN-Buildings.upk	2544	Texture2D	An-BuildingLarge00_S
Packages/AN-Buildings.upk	2545	Texture2D	An-BuildingLarge01_D
Packages/AN-Buildings.upk	2546	Texture2D	An-BuildingLarge01_E
Packages/AN-Buildings.upk	2547	Texture2D	An-BuildingLarge01_Ruin_D
Packages/AN-Buildings.upk	2548	Texture2D	An-BuildingLarge01_S
Packages/AN-Cover.upk	42	MaterialInstanceConstant	AN-Cover_Rockpile_MI
Packages/AN-Cover.upk	43	MaterialInstanceConstant	AN-Sandbag_Conversion_MI
Packages/AN-Cover.upk	128	Prefab	AN-Cover_High_Shield_Cap1_Pf0
Packages/AN-Cover.upk	129	Prefab	AN-Cover_High_Shield_Cap2_Pf0
Packages/AN-Cover.upk	130	Prefab	AN-Cover_High_Shield_Cap3_Pf0
Packages/AN-Cover.upk	131	Prefab	AN-Cover_High_Shield_I1_Pf0
Packages/AN-Cover.upk	132	Prefab	AN-Cover_High_Shield_I2_Pf0
Packages/AN-Cover.upk	133	Prefab	AN-Cover_High_Shield_L_Pf0
Packages/AN-Cover.upk	134	Prefab	AN-Cover_High_Shield_V_Pf0
Packages/AN-Cover.upk	135	Prefab	AN-Cover_Low_Shield_Cap1_Pf0
Packages/AN-Cover.upk	136	Prefab	AN-Cover_Low_Shield_Cap2_Pf0
Packages/AN-Cover.upk	137	Prefab	AN-Cover_Low_Shield_Cap3_Pf0
Packages/AN-Cover.upk	138	Prefab	AN-Cover_Low_Shield_I1_Pf0
Packages/AN-Cover.upk	139	Prefab	AN-Cover_Low_Shield_I2_Pf0
Packages/AN-Cover.upk	140	Prefab	AN-Cover_Low_Shield_L_Pf0
Packages/AN-Cover.upk	141	Prefab	AN-Cover_Low_Shield_V_Pf0
Packages/AN-Cover.upk	142	Prefab	AN-Cover_Med_Shield_Cap1_Pf0
Packages/AN-Cover.upk	143	Prefab	AN-Cover_Med_Shield_Cap2_Pf0
Packages/AN-Cover.upk	144	Prefab	AN-Cover_Med_Shield_Cap3_Pf0
Packages/AN-Cover.upk	145	Prefab	AN-Cover_Med_Shield_I1_Pf0
Packages/AN-Cover.upk	146	Prefab	AN-Cover_Med_Shield_I2_Pf0
Packages/AN-Cover.upk	147	Prefab	AN-Cover_Med_Shield_L_Pf0
Packages/AN-Cover.upk	148	Prefab	AN-Cover_Med_Shield_V_Pf0
Packages/AN-Cover.upk	305	StaticMesh	AN-Cover_Flatrocks1
Packages/AN-Cover.upk	306	StaticMesh	AN-Cover_Flatrocks2
Packages/AN-Cover.upk	307	StaticMesh	AN-Cover_Flatrocks3
Packages/AN-Cover.upk	308	StaticMesh	AN-Cover_Flatrocks4
Packages/AN-Cover.upk	309	StaticMesh	AN-Cover_High_Flatrocks_Cap1
Packages/AN-Cover.upk	310	StaticMesh	AN-Cover_High_Flatrocks_I1
Packages/AN-Cover.upk	311	StaticMesh	AN-Cover_High_Flatrocks_I2
Packages/AN-Cover.upk	312	StaticMesh	AN-Cover_High_Flatrocks_L
Packages/AN-Cover.upk	313	StaticMesh	AN-Cover_High_Flatrocks_V
Packages/AN-Cover.upk	314	StaticMesh	AN-Cover_High_Guardpost1
Packages/AN-Cover.upk	315	StaticMesh	AN-Cover_High_Platform1
Packages/AN-Cover.upk	316	StaticMesh	AN-Cover_High_Railing_Cap1
Packages/AN-Cover.upk	317	StaticMesh	AN-Cover_High_Railing_Cap2
Packages/AN-Cover.upk	318	StaticMesh	AN-Cover_High_Railing_Cap3
Packages/AN-Cover.upk	319	StaticMesh	AN-Cover_High_Railing_I1
Packages/AN-Cover.upk	320	StaticMesh	AN-Cover_High_Railing_I2
Packages/AN-Cover.upk	321	StaticMesh	AN-Cover_High_Railing_L
Packages/AN-Cover.upk	322	StaticMesh	AN-Cover_High_Railing_V
Packages/AN-Cover.upk	323	StaticMesh	AN-Cover_High_Rockpile_C
Packages/AN-Cover.upk	324	StaticMesh	AN-Cover_High_Rockpile_I1
Packages/AN-Cover.upk	325	StaticMesh	AN-Cover_High_Rockpile_I2
Packages/AN-Cover.upk	326	StaticMesh	AN-Cover_High_Rockpile_I3
Packages/AN-Cover.upk	327	StaticMesh	AN-Cover_High_Rockpile_L
Packages/AN-Cover.upk	328	StaticMesh	AN-Cover_High_Rockpile_U
Packages/AN-Cover.upk	329	StaticMesh	AN-Cover_High_Rockpile_V
Packages/AN-Cover.upk	330	StaticMesh	AN-Cover_High_Rubble_Cap1
Packages/AN-Cover.upk	331	StaticMesh	AN-Cover_High_Rubble_I1
Packages/AN-Cover.upk	332	StaticMesh	AN-Cover_High_Rubble_I2
Packages/AN-Cover.upk	333	StaticMesh	AN-Cover_High_Rubble_L
Packages/AN-Cover.upk	334	StaticMesh	AN-Cover_High_Rubble_V
Packages/AN-Cover.upk	335	StaticMesh	AN-Cover_High_Sandbags_Cap1
Packages/AN-Cover.upk	336	StaticMesh	AN-Cover_High_Sandbags_Cap2
Packages/AN-Cover.upk	337	StaticMesh	AN-Cover_High_Sandbags_Cap3
Packages/AN-Cover.upk	338	StaticMesh	AN-Cover_High_Sandbags_I1
Packages/AN-Cover.upk	339	StaticMesh	AN-Cover_High_Sandbags_I2
Packages/AN-Cover.upk	340	StaticMesh	AN-Cover_High_Sandbags_L
Packages/AN-Cover.upk	341	StaticMesh	AN-Cover_High_Sandbags_V
Packages/AN-Cover.upk	342	StaticMesh	AN-Cover_High_Shield_Cap1
Packages/AN-Cover.upk	343	StaticMesh	AN-Cover_High_Shield_Cap2
Packages/AN-Cover.upk	344	StaticMesh	AN-Cover_High_Shield_Cap3
Packages/AN-Cover.upk	345	StaticMesh	AN-Cover_High_Shield_I1
Packages/AN-Cover.upk	346	StaticMesh	AN-Cover_High_Shield_I2
Packages/AN-Cover.upk	347	StaticMesh	AN-Cover_High_Shield_L
Packages/AN-Cover.upk	348	StaticMesh	AN-Cover_High_Shield_V
Packages/AN-Cover.upk	349	StaticMesh	AN-Cover_High_Walltrim_Cap1
Packages/AN-Cover.upk	350	StaticMesh	AN-Cover_High_Walltrim_Cap2
Packages/AN-Cover.upk	351	StaticMesh	AN-Cover_High_Walltrim_Cap3
Packages/AN-Cover.upk	352	StaticMesh	AN-Cover_High_Walltrim_I1
Packages/AN-Cover.upk	353	StaticMesh	AN-Cover_High_Walltrim_I2
Packages/AN-Cover.upk	354	StaticMesh	AN-Cover_High_Walltrim_L
Packages/AN-Cover.upk	355	StaticMesh	AN-Cover_High_Walltrim_V
Packages/AN-Cover.upk	356	StaticMesh	AN-Cover_Low_Flatrocks_Cap1
Packages/AN-Cover.upk	357	StaticMesh	AN-Cover_Low_Flatrocks_I1
Packages/AN-Cover.upk	358	StaticMesh	AN-Cover_Low_Flatrocks_I2
Packages/AN-Cover.upk	359	StaticMesh	AN-Cover_Low_Flatrocks_L
Packages/AN-Cover.upk	360	StaticMesh	AN-Cover_Low_Flatrocks_V
Packages/AN-Cover.upk	361	StaticMesh	AN-Cover_Low_Platform1
Packages/AN-Cover.upk	362	StaticMesh	AN-Cover_Low_Railing_Cap1
Packages/AN-Cover.upk	363	StaticMesh	AN-Cover_Low_Railing_Cap2
Packages/AN-Cover.upk	364	StaticMesh	AN-Cover_Low_Railing_Cap3
Packages/AN-Cover.upk	365	StaticMesh	AN-Cover_Low_Railing_I1
Packages/AN-Cover.upk	366	StaticMesh	AN-Cover_Low_Railing_I2
Packages/AN-Cover.upk	367	StaticMesh	AN-Cover_Low_Railing_L
Packages/AN-Cover.upk	368	StaticMesh	AN-Cover_Low_Railing_V
Packages/AN-Cover.upk	369	StaticMesh	AN-Cover_Low_Rockpile_C
Packages/AN-Cover.upk	370	StaticMesh	AN-Cover_Low_Rockpile_I1
Packages/AN-Cover.upk	371	StaticMesh	AN-Cover_Low_Rockpile_I2
Packages/AN-Cover.upk	372	StaticMesh	AN-Cover_Low_Rockpile_I3
Packages/AN-Cover.upk	373	StaticMesh	AN-Cover_Low_Rockpile_L
Packages/AN-Cover.upk	374	StaticMesh	AN-Cover_Low_Rockpile_U
Packages/AN-Cover.upk	375	StaticMesh	AN-Cover_Low_Rockpile_V
Packages/AN-Cover.upk	376	StaticMesh	AN-Cover_Low_Rubble_Cap1
Packages/AN-Cover.upk	377	StaticMesh	AN-Cover_Low_Rubble_I1
Packages/AN-Cover.upk	378	StaticMesh	AN-Cover_Low_Rubble_I2
Packages/AN-Cover.upk	379	StaticMesh	AN-Cover_Low_Rubble_L
Packages/AN-Cover.upk	380	StaticMesh	AN-Cover_Low_Rubble_V
Packages/AN-Cover.upk	381	StaticMesh	AN-Cover_Low_Sandbags_Cap1
Packages/AN-Cover.upk	382	StaticMesh	AN-Cover_Low_Sandbags_Cap2
Packages/AN-Cover.upk	383	StaticMesh	AN-Cover_Low_Sandbags_I1
Packages/AN-Cover.upk	384	StaticMesh	AN-Cover_Low_Sandbags_I2
Packages/AN-Cover.upk	385	StaticMesh	AN-Cover_Low_Sandbags_L
Packages/AN-Cover.upk	386	StaticMesh	AN-Cover_Low_Sandbags_V
Packages/AN-Cover.upk	387	StaticMesh	AN-Cover_Low_Shield_Cap1
Packages/AN-Cover.upk	388	StaticMesh	AN-Cover_Low_Shield_Cap2
Packages/AN-Cover.upk	389	StaticMesh	AN-Cover_Low_Shield_Cap3
Packages/AN-Cover.upk	390	StaticMesh	AN-Cover_Low_Shield_I1
Packages/AN-Cover.upk	391	StaticMesh	AN-Cover_Low_Shield_I2
Packages/AN-Cover.upk	392	StaticMesh	AN-Cover_Low_Shield_L
Packages/AN-Cover.upk	393	StaticMesh	AN-Cover_Low_Shield_V
Packages/AN-Cover.upk	394	StaticMesh	AN-Cover_Low_Walltrim_Cap1
Packages/AN-Cover.upk	395	StaticMesh	AN-Cover_Low_Walltrim_Cap2
Packages/AN-Cover.upk	396	StaticMesh	AN-Cover_Low_Walltrim_Cap3
Packages/AN-Cover.upk	397	StaticMesh	AN-Cover_Low_Walltrim_I1
Packages/AN-Cover.upk	398	StaticMesh	AN-Cover_Low_Walltrim_I2
Packages/AN-Cover.upk	399	StaticMesh	AN-Cover_Low_Walltrim_L
Packages/AN-Cover.upk	400	StaticMesh	AN-Cover_Low_Walltrim_V
Packages/AN-Cover.upk	401	StaticMesh	AN-Cover_Med_Flatrocks_Cap1
Packages/AN-Cover.upk	402	StaticMesh	AN-Cover_Med_Flatrocks_I1
Packages/AN-Cover.upk	403	StaticMesh	AN-Cover_Med_Flatrocks_I2
Packages/AN-Cover.upk	404	StaticMesh	AN-Cover_Med_Flatrocks_L
Packages/AN-Cover.upk	405	StaticMesh	AN-Cover_Med_Flatrocks_V
Packages/AN-Cover.upk	406	StaticMesh	AN-Cover_Med_Guardpost1
Packages/AN-Cover.upk	407	StaticMesh	AN-Cover_Med_Platform1
Packages/AN-Cover.upk	408	StaticMesh	AN-Cover_Med_Railing_Cap1
Packages/AN-Cover.upk	409	StaticMesh	AN-Cover_Med_Railing_Cap2
Packages/AN-Cover.upk	410	StaticMesh	AN-Cover_Med_Railing_Cap3
Packages/AN-Cover.upk	411	StaticMesh	AN-Cover_Med_Railing_I1
Packages/AN-Cover.upk	412	StaticMesh	AN-Cover_Med_Railing_I2
Packages/AN-Cover.upk	413	StaticMesh	AN-Cover_Med_Railing_L
Packages/AN-Cover.upk	414	StaticMesh	AN-Cover_Med_Railing_V
Packages/AN-Cover.upk	415	StaticMesh	AN-Cover_Med_Rockpile_C
Packages/AN-Cover.upk	416	StaticMesh	AN-Cover_Med_Rockpile_I1
Packages/AN-Cover.upk	417	StaticMesh	AN-Cover_Med_Rockpile_I2
Packages/AN-Cover.upk	418	StaticMesh	AN-Cover_Med_Rockpile_I3
Packages/AN-Cover.upk	419	StaticMesh	AN-Cover_Med_Rockpile_L
Packages/AN-Cover.upk	420	StaticMesh	AN-Cover_Med_Rockpile_U
Packages/AN-Cover.upk	421	StaticMesh	AN-Cover_Med_Rockpile_V
Packages/AN-Cover.upk	422	StaticMesh	AN-Cover_Med_Rubble_Cap1
Packages/AN-Cover.upk	423	StaticMesh	AN-Cover_Med_Rubble_I1
Packages/AN-Cover.upk	424	StaticMesh	AN-Cover_Med_Rubble_I2
Packages/AN-Cover.upk	425	StaticMesh	AN-Cover_Med_Rubble_L
Packages/AN-Cover.upk	426	StaticMesh	AN-Cover_Med_Rubble_V
Packages/AN-Cover.upk	427	StaticMesh	AN-Cover_Med_Sandbags_Cap1
Packages/AN-Cover.upk	428	StaticMesh	AN-Cover_Med_Sandbags_Cap2
Packages/AN-Cover.upk	429	StaticMesh	AN-Cover_Med_Sandbags_I1
Packages/AN-Cover.upk	430	StaticMesh	AN-Cover_Med_Sandbags_I2
Packages/AN-Cover.upk	431	StaticMesh	AN-Cover_Med_Sandbags_L
Packages/AN-Cover.upk	432	StaticMesh	AN-Cover_Med_Sandbags_V
Packages/AN-Cover.upk	433	StaticMesh	AN-Cover_Med_Shield_Cap1
Packages/AN-Cover.upk	434	StaticMesh	AN-Cover_Med_Shield_Cap2
Packages/AN-Cover.upk	435	StaticMesh	AN-Cover_Med_Shield_Cap3
Packages/AN-Cover.upk	436	StaticMesh	AN-Cover_Med_Shield_I1
Packages/AN-Cover.upk	437	StaticMesh	AN-Cover_Med_Shield_I2
Packages/AN-Cover.upk	438	StaticMesh	AN-Cover_Med_Shield_L
Packages/AN-Cover.upk	439	StaticMesh	AN-Cover_Med_Shield_V
Packages/AN-Cover.upk	440	StaticMesh	AN-Cover_Med_Walltrim_Cap1
Packages/AN-Cover.upk	441	StaticMesh	AN-Cover_Med_Walltrim_Cap2
Packages/AN-Cover.upk	442	StaticMesh	AN-Cover_Med_Walltrim_Cap3
Packages/AN-Cover.upk	443	StaticMesh	AN-Cover_Med_Walltrim_I1
Packages/AN-Cover.upk	444	StaticMesh	AN-Cover_Med_Walltrim_I2
Packages/AN-Cover.upk	445	StaticMesh	AN-Cover_Med_Walltrim_L
Packages/AN-Cover.upk	446	StaticMesh	AN-Cover_Med_Walltrim_V
Packages/AN-Cover.upk	447	StaticMesh	AN-Cover_Platform_Ramp
Packages/AN-Cover.upk	448	StaticMesh	AN-Cover_Railing_Con
Packages/AN-Cover.upk	449	StaticMesh	AN-Cover_Railing_Trim00
Packages/AN-Cover.upk	450	StaticMesh	AN-Cover_Railing_Trim01
Packages/AN-Cover.upk	451	StaticMesh	AN-Cover_Railing_Trim02
Packages/AN-Cover.upk	452	StaticMesh	AN-Cover_Railing_Trim03
Packages/AN-Cover.upk	453	StaticMesh	AN-Cover_Railing_Trim04
Packages/AN-Cover.upk	454	StaticMesh	AN-Cover_Railing_Trim05
Packages/AN-Cover.upk	455	StaticMesh	AN-Cover_Rockpile_Decor1
Packages/AN-Cover.upk	456	StaticMesh	AN-Cover_Rockpile_Decor2
Packages/AN-Cover.upk	457	StaticMesh	AN-Cover_Rubble1
Packages/AN-Cover.upk	458	StaticMesh	AN-Cover_Rubble2
Packages/AN-Cover.upk	459	StaticMesh	AN-Cover_Rubble3
Packages/AN-Cover.upk	460	StaticMesh	AN-Cover_Rubble4
Packages/AN-Cover.upk	461	StaticMesh	AN-Cover_Rubble5
Packages/AN-Cover.upk	462	StaticMesh	AN-Cover_Sandbags1
Packages/AN-Cover.upk	463	StaticMesh	AN-Cover_Sandbags2
Packages/AN-Cover.upk	464	StaticMesh	AN-Cover_Sandbags3
Packages/AN-Cover.upk	465	StaticMesh	AN-Cover_Sandbags4
Packages/AN-Cover.upk	466	StaticMesh	AN-Cover_Sandbags5
Packages/AN-Cover.upk	509	Texture2D	AN-AtmosphereGen00_D
Packages/AN-Cover.upk	510	Texture2D	AN-AtmosphereGen00_N
Packages/AN-Cover.upk	511	Texture2D	AN-Cover_Rockpile_D
Packages/AN-Cover.upk	512	Texture2D	AN-Cover_Rockpile_N
Packages/AN-Interior.upk	431	MaterialInstanceConstant	AN-INT-Door00_MI
Packages/AN-Interior.upk	434	MaterialInstanceConstant	AN-Interior_Small00_MI
Packages/AN-Interior.upk	432	MaterialInstanceConstant	AN-Interior_large00_MI
Packages/AN-Interior.upk	433	MaterialInstanceConstant	AN-Interior_large00_TINT_MI
Packages/AN-Interior.upk	427	MaterialInstanceConstant	AN-bsp-Floor00_MI
Packages/AN-Interior.upk	428	MaterialInstanceConstant	AN-bsp-wall00_MI
Packages/AN-Interior.upk	429	MaterialInstanceConstant	AN-bsp-wall01_MI
Packages/AN-Interior.upk	430	MaterialInstanceConstant	AN-bsp-wall02_MI
Packages/AN-Interior.upk	1251	Prefab	AN-large_doorway_open_a_00_Pf0
Packages/AN-Interior.upk	1252	Prefab	AN-large_doorway_open_a_00_Pf1
Packages/AN-Interior.upk	1253	Prefab	AN-large_hallway_3way_a_00_Pf0
Packages/AN-Interior.upk	1254	Prefab	AN-large_hallway_3way_a_00_Pf1
Packages/AN-Interior.upk	1255	Prefab	AN-large_hallway_4way_a_00_Pf0
Packages/AN-Interior.upk	1256	Prefab	AN-large_hallway_4way_a_00_Pf1
Packages/AN-Interior.upk	1257	Prefab	AN-large_hallway_elbow_a_00_Pf0
Packages/AN-Interior.upk	1258	Prefab	AN-large_hallway_elbow_a_00_Pf1
Packages/AN-Interior.upk	1259	Prefab	AN-large_hallway_ramp_a_00_Pf0
Packages/AN-Interior.upk	1260	Prefab	AN-large_hallway_ramp_a_00_Pf1
Packages/AN-Interior.upk	1261	Prefab	AN-large_hallway_straight_a_1024_00_Pf0
Packages/AN-Interior.upk	1262	Prefab	AN-large_hallway_straight_a_1024_00_Pf1
Packages/AN-Interior.upk	1263	Prefab	AN-large_hallway_straight_a_2048_00_Pf0
Packages/AN-Interior.upk	1264	Prefab	AN-large_hallway_straight_a_2048_00_Pf1
Packages/AN-Interior.upk	1265	Prefab	AN-large_hallway_straight_a_512_00_Pf0
Packages/AN-Interior.upk	1266	Prefab	AN-large_hallway_straight_a_512_00_Pf1
Packages/AN-Interior.upk	1267	Prefab	AN-normal_room_free_a_column_00_Pf0
Packages/AN-Interior.upk	1268	Prefab	AN-small_doorway_open_a_00_Pf0
Packages/AN-Interior.upk	1269	Prefab	AN-small_doorway_open_a_00_Pf1
Packages/AN-Interior.upk	1270	Prefab	AN-small_doorway_open_a_00_Pf2
Packages/AN-Interior.upk	1271	Prefab	AN-small_hallway_3way_a_00_Pf0
Packages/AN-Interior.upk	1272	Prefab	AN-small_hallway_3way_a_00_Pf1
Packages/AN-Interior.upk	1273	Prefab	AN-small_hallway_3way_a_00_Pf2
Packages/AN-Interior.upk	1274	Prefab	AN-small_hallway_4way_a_00_Pf0
Packages/AN-Interior.upk	1275	Prefab	AN-small_hallway_4way_a_00_Pf1
Packages/AN-Interior.upk	1276	Prefab	AN-small_hallway_4way_a_00_Pf2
Packages/AN-Interior.upk	1277	Prefab	AN-small_hallway_elbow_a_00_Pf0
Packages/AN-Interior.upk	1278	Prefab	AN-small_hallway_elbow_a_00_Pf1
Packages/AN-Interior.upk	1279	Prefab	AN-small_hallway_elbow_a_00_Pf2
Packages/AN-Interior.upk	1280	Prefab	AN-small_hallway_ramp_a_00_Pf0
Packages/AN-Interior.upk	1281	Prefab	AN-small_hallway_ramp_a_00_Pf1
Packages/AN-Interior.upk	1282	Prefab	AN-small_hallway_ramp_a_00_Pf2
Packages/AN-Interior.upk	1283	Prefab	AN-small_hallway_straight_a_1024_00_Pf0
Packages/AN-Interior.upk	1284	Prefab	AN-small_hallway_straight_a_1024_00_Pf1
Packages/AN-Interior.upk	1285	Prefab	AN-small_hallway_straight_a_1024_00_Pf2
Packages/AN-Interior.upk	1286	Prefab	AN-small_hallway_straight_a_2048_00_Pf0
Packages/AN-Interior.upk	1287	Prefab	AN-small_hallway_straight_a_2048_00_Pf1
Packages/AN-Interior.upk	1288	Prefab	AN-small_hallway_straight_a_2048_00_Pf2
Packages/AN-Interior.upk	1289	Prefab	AN-small_hallway_straight_a_512_00_Pf0
Packages/AN-Interior.upk	1290	Prefab	AN-small_hallway_straight_a_512_00_Pf1
Packages/AN-Interior.upk	1291	Prefab	AN-small_hallway_straight_a_512_00_Pf2
Packages/AN-Interior.upk	1726	StaticMesh	AN-large_doorway_closed_a_00
Packages/AN-Interior.upk	1727	StaticMesh	AN-large_doorway_open_a_00
Packages/AN-Interior.upk	1728	StaticMesh	AN-large_hallway_3way_a_00
Packages/AN-Interior.upk	1729	StaticMesh	AN-large_hallway_4way_a_00
Packages/AN-Interior.upk	1730	StaticMesh	AN-large_hallway_elbow_a_00
Packages/AN-Interior.upk	1731	StaticMesh	AN-large_hallway_ramp_a_00
Packages/AN-Interior.upk	1732	StaticMesh	AN-large_hallway_straight_a_1024_00
Packages/AN-Interior.upk	1733	StaticMesh	AN-large_hallway_straight_a_2048_00
Packages/AN-Interior.upk	1734	StaticMesh	AN-large_hallway_straight_a_512_00
Packages/AN-Interior.upk	1735	StaticMesh	AN-normal_room_corner_a_00
Packages/AN-Interior.upk	1736	StaticMesh	AN-normal_room_deco_a_00
Packages/AN-Interior.upk	1737	StaticMesh	AN-normal_room_deco_a_01
Packages/AN-Interior.upk	1738	StaticMesh	AN-normal_room_deco_a_02
Packages/AN-Interior.upk	1739	StaticMesh	AN-normal_room_deco_a_03
Packages/AN-Interior.upk	1740	StaticMesh	AN-normal_room_deco_a_04
Packages/AN-Interior.upk	1741	StaticMesh	AN-normal_room_deco_b_00
Packages/AN-Interior.upk	1742	StaticMesh	AN-normal_room_deco_b_01
Packages/AN-Interior.upk	1743	StaticMesh	AN-normal_room_deco_b_02
Packages/AN-Interior.upk	1744	StaticMesh	AN-normal_room_deco_b_03
Packages/AN-Interior.upk	1745	StaticMesh	AN-normal_room_deco_b_04
Packages/AN-Interior.upk	1746	StaticMesh	AN-normal_room_free_a_column_00
Packages/AN-Interior.upk	1747	StaticMesh	AN-normal_room_free_a_ramp_end_00
Packages/AN-Interior.upk	1748	StaticMesh	AN-normal_room_free_a_ramp_middle_00
Packages/AN-Interior.upk	1749	StaticMesh	AN-normal_room_free_a_ramp_start_00
Packages/AN-Interior.upk	1750	StaticMesh	AN-normal_room_free_a_ramp_straight_00
Packages/AN-Interior.upk	1751	StaticMesh	AN-normal_room_molding_a_00
Packages/AN-Interior.upk	1752	StaticMesh	AN-normal_room_molding_a_01
Packages/AN-Interior.upk	1753	StaticMesh	AN-normal_room_spacer_a_256_00
Packages/AN-Interior.upk	1754	StaticMesh	AN-normal_room_spacer_a_256_01
Packages/AN-Interior.upk	1755	StaticMesh	AN-normal_room_wall_a_00
Packages/AN-Interior.upk	1756	StaticMesh	AN-normal_room_wall_a_01
Packages/AN-Interior.upk	1757	StaticMesh	AN-normal_room_wall_a_02
Packages/AN-Interior.upk	1758	StaticMesh	AN-normal_room_wall_a_03
Packages/AN-Interior.upk	1759	StaticMesh	AN-small_doorway_closed_a_00
Packages/AN-Interior.upk	1760	StaticMesh	AN-small_doorway_open_a_00
Packages/AN-Interior.upk	1761	StaticMesh	AN-small_hallway_3way_a_00
Packages/AN-Interior.upk	1762	StaticMesh	AN-small_hallway_4way_a_00
Packages/AN-Interior.upk	1763	StaticMesh	AN-small_hallway_elbow_a_00
Packages/AN-Interior.upk	1764	StaticMesh	AN-small_hallway_ramp_a_00
Packages/AN-Interior.upk	1765	StaticMesh	AN-small_hallway_straight_a_1024_00
Packages/AN-Interior.upk	1766	StaticMesh	AN-small_hallway_straight_a_2048_00
Packages/AN-Interior.upk	1767	StaticMesh	AN-small_hallway_straight_a_512_00
Packages/AN-Interior.upk	1850	Texture2D	AN-BSP_Floor_D
Packages/AN-Interior.upk	1851	Texture2D	AN-BSP_Floor_N
Packages/AN-Interior.upk	1852	Texture2D	AN-BSP_wall00_D
Packages/AN-Interior.upk	1853	Texture2D	AN-BSP_wall01_D
Packages/AN-Interior.upk	1854	Texture2D	AN-BSP_wall02_D
Packages/AN-Interior.upk	1855	Texture2D	AN-Int_Door00_DaS
Packages/AN-Interior.upk	1856	Texture2D	AN-Int_Door00_E
Packages/AN-Interior.upk	1857	Texture2D	AN-Int_Door00_N
Packages/AN-Interior.upk	1858	Texture2D	AN-Interior_large00_D
Packages/AN-Interior.upk	1859	Texture2D	AN-Interior_large00_E
Packages/AN-Interior.upk	1860	Texture2D	AN-Interior_large00_N
Packages/AN-Interior.upk	1861	Texture2D	AN-Interior_large00_S
Packages/AN-Interior.upk	1862	Texture2D	AN-Interior_small00_D
Packages/AN-Interior.upk	1863	Texture2D	AN-Interior_small00_E
Packages/AN-Interior.upk	1864	Texture2D	AN-Interior_small00_N
Packages/AN-Interior.upk	1865	Texture2D	AN-Interior_small00_S
Packages/AN-Props.upk	372	Material	AN-ComTerminalScreen_FX_Mat
Packages/AN-Props.upk	373	Material	AN-Drone00_Mat
Packages/AN-Props.upk	374	Material	AN-Drone00_Mat_Fallback
Packages/AN-Props.upk	375	Material	AN-Fence_FX_Mat
Packages/AN-Props.upk	376	Material	AN-LibraryObelisk00_FX-Mat
Packages/AN-Props.upk	377	Material	AN-Mainframe00_FX-Mat
Packages/AN-Props.upk	379	Material	AN-Pipes00_FX_Mat
Packages/AN-Props.upk	380	Material	AN-Plasma00_FX_Mat
Packages/AN-Props.upk	381	Material	AN-PlasmaDrops00_FX_Mat
Packages/AN-Props.upk	382	Material	AN-PlasmaPuddle00_FX_Mat
Packages/AN-Props.upk	383	Material	AN-PuzzleStation00_Puzzle_Mat
Packages/AN-Props.upk	384	Material	AN-RobotRepairStation01_FX-Mat
Packages/AN-Props.upk	385	Material	AN-StorageTank01_FX-Mat
Packages/AN-Props.upk	386	Material	AN-Table00_D_Mat
Packages/AN-Props.upk	387	Material	AN-Table01_D_Mat
Packages/AN-Props.upk	388	Material	AN-Table02_D_Mat
Packages/AN-Props.upk	389	Material	AN-TechGreeble_FX-Mat
Packages/AN-Props.upk	378	Material	An-MonitorGlass_Da_Mat
Packages/AN-Props.upk	678	MaterialInstanceConstant	AN-Cafeteria00_MI
Packages/AN-Props.upk	679	MaterialInstanceConstant	AN-Chair00_MI
Packages/AN-Props.upk	680	MaterialInstanceConstant	AN-Chair01_MI
Packages/AN-Props.upk	681	MaterialInstanceConstant	AN-ComTerminal00_MI
Packages/AN-Props.upk	682	MaterialInstanceConstant	AN-ComTerminal01_MI
Packages/AN-Props.upk	683	MaterialInstanceConstant	AN-CornerLight00_MI
Packages/AN-Props.upk	686	MaterialInstanceConstant	AN-DNADesequencer00_MI
Packages/AN-Props.upk	685	MaterialInstanceConstant	AN-DimensionSplitter00_MI
Packages/AN-Props.upk	687	MaterialInstanceConstant	AN-Drone_Forklift_Ruined00_MI
Packages/AN-Props.upk	688	MaterialInstanceConstant	AN-Drone_Landscape_Ruined00_MI
Packages/AN-Props.upk	689	MaterialInstanceConstant	AN-Drone_Rack00_MI
Packages/AN-Props.upk	690	MaterialInstanceConstant	AN-Fence00_MI
Packages/AN-Props.upk	691	MaterialInstanceConstant	AN-GlyphPanel00_MI
Packages/AN-Props.upk	692	MaterialInstanceConstant	AN-HolographicResearchTerminal00_MI
Packages/AN-Props.upk	693	MaterialInstanceConstant	AN-IonDisruptor00_MI
Packages/AN-Props.upk	694	MaterialInstanceConstant	AN-KnowledgeDevice00_MI
Packages/AN-Props.upk	695	MaterialInstanceConstant	AN-Mainframe00_MI
Packages/AN-Props.upk	696	MaterialInstanceConstant	AN-MatterDevice00_MI
Packages/AN-Props.upk	697	MaterialInstanceConstant	AN-MedicalTable00_MI
Packages/AN-Props.upk	704	MaterialInstanceConstant	AN-Naq_Bomb00_MI
Packages/AN-Props.upk	705	MaterialInstanceConstant	AN-Planter00_MI
Packages/AN-Props.upk	706	MaterialInstanceConstant	AN-PowerGenerator00_MI
Packages/AN-Props.upk	707	MaterialInstanceConstant	AN-PuddleJumper00_MI
Packages/AN-Props.upk	708	MaterialInstanceConstant	AN-PuddleJumper00_Ruin_MI
Packages/AN-Props.upk	709	MaterialInstanceConstant	AN-PuzzleStation00_MI
Packages/AN-Props.upk	710	MaterialInstanceConstant	AN-RobotRepairStation00_MI
Packages/AN-Props.upk	711	MaterialInstanceConstant	AN-RobotRepairStation03_MI
Packages/AN-Props.upk	712	MaterialInstanceConstant	AN-StasisChamber00_MI
Packages/AN-Props.upk	713	MaterialInstanceConstant	AN-StasisChamber01_MI
Packages/AN-Props.upk	714	MaterialInstanceConstant	AN-StorageTank02_MI
Packages/AN-Props.upk	716	MaterialInstanceConstant	AN-TheChair00_MI
Packages/AN-Props.upk	717	MaterialInstanceConstant	AN-Wall_Light_Deco_MI
Packages/AN-Props.upk	718	MaterialInstanceConstant	AN-Wall_Light_Deco_Off_MI
Packages/AN-Props.upk	672	MaterialInstanceConstant	An-Artifact00_MI
Packages/AN-Props.upk	673	MaterialInstanceConstant	An-Artifact01_MI
Packages/AN-Props.upk	674	MaterialInstanceConstant	An-Artifact01_ruined_MI
Packages/AN-Props.upk	675	MaterialInstanceConstant	An-Artifact02_ruined_MI
Packages/AN-Props.upk	676	MaterialInstanceConstant	An-Bed00_MI
Packages/AN-Props.upk	677	MaterialInstanceConstant	An-BookShelf00_MI
Packages/AN-Props.upk	684	MaterialInstanceConstant	An-Couch00_MI
Packages/AN-Props.upk	698	MaterialInstanceConstant	An-MolecularDeconstructionDevice00_MI
Packages/AN-Props.upk	699	MaterialInstanceConstant	An-Monitor00_MI
Packages/AN-Props.upk	700	MaterialInstanceConstant	An-Monitor01_D_MI
Packages/AN-Props.upk	701	MaterialInstanceConstant	An-Monitor02_MI
Packages/AN-Props.upk	703	MaterialInstanceConstant	An-MonitorMetal01-MI
Packages/AN-Props.upk	702	MaterialInstanceConstant	An-Monitormetal00_MI
Packages/AN-Props.upk	715	MaterialInstanceConstant	An-Straegis_Counter_Weapon00_MI
Packages/AN-Props.upk	929	ParticleSystem	AN-MatterGenActivate
Packages/AN-Props.upk	1174	Prefab	AN-Bench00_Pf0
Packages/AN-Props.upk	1175	Prefab	AN-Ceiling_Light00_Pf0
Packages/AN-Props.upk	1176	Prefab	AN-Ceiling_Light01_Pf0
Packages/AN-Props.upk	1180	Prefab	AN-ComTerminalScreen_00_Pf0
Packages/AN-Props.upk	1179	Prefab	AN-CommunicationTerminal_00_Pf0
Packages/AN-Props.upk	1177	Prefab	AN-CommunicationsTerminal_01_Pf0
Packages/AN-Props.upk	1178	Prefab	AN-CommunicationsTerminal_02_Pf0
Packages/AN-Props.upk	1181	Prefab	AN-CornerLight00_Pf0
Packages/AN-Props.upk	1182	Prefab	AN-LibraryObelisk_00_Pf0
Packages/AN-Props.upk	1183	Prefab	AN-Mainframe_00_Pf0
Packages/AN-Props.upk	1184	Prefab	AN-Mainframe_01_Pf0
Packages/AN-Props.upk	1196	Prefab	AN-OverHeadCraneARM00_Pf0
Packages/AN-Props.upk	1197	Prefab	AN-PlasmaPipe_Elbow00_Pf0
Packages/AN-Props.upk	1198	Prefab	AN-PlasmaPipe_Long00_Pf0
Packages/AN-Props.upk	1199	Prefab	AN-PlasmaPipe_Short00_Pf0
Packages/AN-Props.upk	1200	Prefab	AN-PlasmaPipe_T00_Pf0
Packages/AN-Props.upk	1201	Prefab	AN-PlasmaPipe_ThreeWay00_Pf0
Packages/AN-Props.upk	1202	Prefab	AN-PlasmaStorage00_Pf0
Packages/AN-Props.upk	1203	Prefab	AN-PlasmaStorage01_Pf0
Packages/AN-Props.upk	1204	Prefab	AN-PlasmaStorage02_Pf0
Packages/AN-Props.upk	1205	Prefab	AN-PlasmaStorage03_Pf0
Packages/AN-Props.upk	1206	Prefab	AN-PlasmaStorage_Large00_Pf0
Packages/AN-Props.upk	1207	Prefab	AN-PowerGenerator_00_Pf0
Packages/AN-Props.upk	1208	Prefab	AN-PuzzleStation00_Pf0
Packages/AN-Props.upk	1209	Prefab	AN-Shelf_High00_Pf0
Packages/AN-Props.upk	1210	Prefab	AN-Shelf_Med00_Pf0
Packages/AN-Props.upk	1211	Prefab	AN-StasisChamber00_Pf0
Packages/AN-Props.upk	1212	Prefab	AN-StorageTank01_Pf0
Packages/AN-Props.upk	1213	Prefab	AN-StorageTank02_Pf0
Packages/AN-Props.upk	1214	Prefab	AN-StorageTank03_Pf0
Packages/AN-Props.upk	1215	Prefab	AN-Table01_Pf0
Packages/AN-Props.upk	1216	Prefab	AN-Wall_Light_Deco00_Pf0
Packages/AN-Props.upk	1217	Prefab	AN-Wall_Light_Deco01_Pf0
Packages/AN-Props.upk	1218	Prefab	AN-Wall_Light_Deco02_Pf0
Packages/AN-Props.upk	1170	Prefab	An-Artifact00_Pf0
Packages/AN-Props.upk	1171	Prefab	An-Artifact01_Pf0
Packages/AN-Props.upk	1172	Prefab	An-Artifact02_Pf0
Packages/AN-Props.upk	1173	Prefab	An-Artifact03_Pf0
Packages/AN-Props.upk	1185	Prefab	An-Monitor00_Pf0
Packages/AN-Props.upk	1186	Prefab	An-Monitor01_Pf0
Packages/AN-Props.upk	1187	Prefab	An-Monitor02_Pf0
Packages/AN-Props.upk	1188	Prefab	An-Monitor03_Pf0
Packages/AN-Props.upk	1189	Prefab	An-Monitor04_Pf0
Packages/AN-Props.upk	1190	Prefab	An-Monitor05_Pf0
Packages/AN-Props.upk	1191	Prefab	An-Monitor06_Pf0
Packages/AN-Props.upk	1192	Prefab	An-Monitordash01_Pf0
Packages/AN-Props.upk	1193	Prefab	An-Monitordash02_Pf0
Packages/AN-Props.upk	1194	Prefab	An-Monitordash03_Pf0
Packages/AN-Props.upk	1195	Prefab	An-Monitordash04_Pf0
Packages/AN-Props.upk	1334	StaticMesh	AN-Antenna00
Packages/AN-Props.upk	1335	StaticMesh	AN-Antenna01
Packages/AN-Props.upk	1336	StaticMesh	AN-Antenna02
Packages/AN-Props.upk	1337	StaticMesh	AN-Antenna03
Packages/AN-Props.upk	1346	StaticMesh	AN-Bench00
Packages/AN-Props.upk	1347	StaticMesh	AN-Ceiling_Light00
Packages/AN-Props.upk	1348	StaticMesh	AN-Ceiling_Light00-Off
Packages/AN-Props.upk	1349	StaticMesh	AN-Ceiling_Light01
Packages/AN-Props.upk	1350	StaticMesh	AN-Ceiling_Light01-Off
Packages/AN-Props.upk	1351	StaticMesh	AN-Chair00
Packages/AN-Props.upk	1352	StaticMesh	AN-Chair01
Packages/AN-Props.upk	1358	StaticMesh	AN-ComTerminalScreen_00
Packages/AN-Props.upk	1357	StaticMesh	AN-CommunicationTerminal_00
Packages/AN-Props.upk	1353	StaticMesh	AN-CommunicationsTerminal_01
Packages/AN-Props.upk	1354	StaticMesh	AN-CommunicationsTerminal_02
Packages/AN-Props.upk	1355	StaticMesh	AN-CommunicationsTerminal_03
Packages/AN-Props.upk	1356	StaticMesh	AN-CommunicationsTerminal_Platform_00
Packages/AN-Props.upk	1359	StaticMesh	AN-CornerLight00
Packages/AN-Props.upk	1361	StaticMesh	AN-DNADesequencer00
Packages/AN-Props.upk	1363	StaticMesh	AN-DroneWeapon00
Packages/AN-Props.upk	1364	StaticMesh	AN-DroneWeapon_Rack00
Packages/AN-Props.upk	1365	StaticMesh	AN-DroneWeapon_Rack01
Packages/AN-Props.upk	1366	StaticMesh	AN-DroneWeapon_Rack02
Packages/AN-Props.upk	1362	StaticMesh	AN-Drone_Landscape00
Packages/AN-Props.upk	1367	StaticMesh	AN-Fence00
Packages/AN-Props.upk	1368	StaticMesh	AN-Fence01
Packages/AN-Props.upk	1369	StaticMesh	AN-Fence02
Packages/AN-Props.upk	1370	StaticMesh	AN-GlyphPanel00
Packages/AN-Props.upk	1371	StaticMesh	AN-HolographicResearchTerminal_00
Packages/AN-Props.upk	1372	StaticMesh	AN-IonDisruptor_00
Packages/AN-Props.upk	1373	StaticMesh	AN-KnowledgeDevice00
Packages/AN-Props.upk	1374	StaticMesh	AN-KnowledgeDevice_Open00
Packages/AN-Props.upk	1375	StaticMesh	AN-LibraryObelisk_00
Packages/AN-Props.upk	1376	StaticMesh	AN-Mach_Large00
Packages/AN-Props.upk	1377	StaticMesh	AN-Mach_Med00
Packages/AN-Props.upk	1379	StaticMesh	AN-Mainframe_00
Packages/AN-Props.upk	1380	StaticMesh	AN-Mainframe_01
Packages/AN-Props.upk	1381	StaticMesh	AN-MatterDevice00
Packages/AN-Props.upk	1382	StaticMesh	AN-MedicalTable00
Packages/AN-Props.upk	1397	StaticMesh	AN-Naq_Bomb00
Packages/AN-Props.upk	1399	StaticMesh	AN-OverHeadCraneARM00
Packages/AN-Props.upk	1398	StaticMesh	AN-OverheadCrane00
Packages/AN-Props.upk	1400	StaticMesh	AN-Pipe00
Packages/AN-Props.upk	1401	StaticMesh	AN-Pipe01
Packages/AN-Props.upk	1402	StaticMesh	AN-Pipe02
Packages/AN-Props.upk	1403	StaticMesh	AN-Pipe03
Packages/AN-Props.upk	1404	StaticMesh	AN-PlasmaDrops00
Packages/AN-Props.upk	1405	StaticMesh	AN-PlasmaDrops01
Packages/AN-Props.upk	1406	StaticMesh	AN-PlasmaDrops02
Packages/AN-Props.upk	1407	StaticMesh	AN-PlasmaDrops03
Packages/AN-Props.upk	1408	StaticMesh	AN-PlasmaDrops04
Packages/AN-Props.upk	1409	StaticMesh	AN-PlasmaPipe_Elbow00
Packages/AN-Props.upk	1410	StaticMesh	AN-PlasmaPipe_Long00
Packages/AN-Props.upk	1411	StaticMesh	AN-PlasmaPipe_Short00
Packages/AN-Props.upk	1412	StaticMesh	AN-PlasmaPipe_T00
Packages/AN-Props.upk	1413	StaticMesh	AN-PlasmaPipe_ThreeWay00
Packages/AN-Props.upk	1414	StaticMesh	AN-PlasmaPuddle00
Packages/AN-Props.upk	1415	StaticMesh	AN-PlasmaPuddle01
Packages/AN-Props.upk	1416	StaticMesh	AN-PlasmaPuddle02
Packages/AN-Props.upk	1417	StaticMesh	AN-PlasmaStorage00
Packages/AN-Props.upk	1418	StaticMesh	AN-PlasmaStorage01
Packages/AN-Props.upk	1419	StaticMesh	AN-PlasmaStorage02
Packages/AN-Props.upk	1420	StaticMesh	AN-PlasmaStorage03
Packages/AN-Props.upk	1421	StaticMesh	AN-PlasmaStorage_Large00
Packages/AN-Props.upk	1422	StaticMesh	AN-PowerGenerator_00
Packages/AN-Props.upk	1423	StaticMesh	AN-PuddleJumper00
Packages/AN-Props.upk	1424	StaticMesh	AN-PuddleJumper_Ruin00
Packages/AN-Props.upk	1425	StaticMesh	AN-PuzzleStation00
Packages/AN-Props.upk	1426	StaticMesh	AN-PuzzleStation00_Puzzle
Packages/AN-Props.upk	1427	StaticMesh	AN-Railing_End00
Packages/AN-Props.upk	1428	StaticMesh	AN-Railing_End01
Packages/AN-Props.upk	1429	StaticMesh	AN-Railing_Stackable01
Packages/AN-Props.upk	1430	StaticMesh	AN-RobotRepairStation_00
Packages/AN-Props.upk	1431	StaticMesh	AN-Shelf_High00
Packages/AN-Props.upk	1432	StaticMesh	AN-Shelf_Med00
Packages/AN-Props.upk	1433	StaticMesh	AN-StasisChamber00
Packages/AN-Props.upk	1434	StaticMesh	AN-StasisChamber_Open00
Packages/AN-Props.upk	1435	StaticMesh	AN-Steps00
Packages/AN-Props.upk	1436	StaticMesh	AN-Steps01
Packages/AN-Props.upk	1437	StaticMesh	AN-Steps02
Packages/AN-Props.upk	1438	StaticMesh	AN-Steps_Single00
Packages/AN-Props.upk	1439	StaticMesh	AN-StorageTank01
Packages/AN-Props.upk	1440	StaticMesh	AN-StorageTank02
Packages/AN-Props.upk	1441	StaticMesh	AN-StorageTank03
Packages/AN-Props.upk	1443	StaticMesh	AN-Table00
Packages/AN-Props.upk	1444	StaticMesh	AN-Table01
Packages/AN-Props.upk	1445	StaticMesh	AN-Table02
Packages/AN-Props.upk	1446	StaticMesh	AN-TheChair00
Packages/AN-Props.upk	1447	StaticMesh	AN-Wall_Light_Deco00
Packages/AN-Props.upk	1448	StaticMesh	AN-Wall_Light_Deco00-Off
Packages/AN-Props.upk	1449	StaticMesh	AN-Wall_Light_Deco01
Packages/AN-Props.upk	1450	StaticMesh	AN-Wall_Light_Deco01-Off
Packages/AN-Props.upk	1451	StaticMesh	AN-Wall_Light_Deco02
Packages/AN-Props.upk	1452	StaticMesh	AN-Wall_Light_Deco02-Off
Packages/AN-Props.upk	1453	StaticMesh	AN-Wall_Light_Deco03-Off
Packages/AN-Props.upk	1338	StaticMesh	An-Artifact00
Packages/AN-Props.upk	1339	StaticMesh	An-Artifact01
Packages/AN-Props.upk	1340	StaticMesh	An-Artifact01_ruined
Packages/AN-Props.upk	1341	StaticMesh	An-Artifact02
Packages/AN-Props.upk	1342	StaticMesh	An-Artifact02_ruined
Packages/AN-Props.upk	1343	StaticMesh	An-Artifact03
Packages/AN-Props.upk	1344	StaticMesh	An-Artifact03_ruined
Packages/AN-Props.upk	1345	StaticMesh	An-Bed00
Packages/AN-Props.upk	1360	StaticMesh	An-DimensionSplitter00
Packages/AN-Props.upk	1378	StaticMesh	An-Mach_Small00
Packages/AN-Props.upk	1383	StaticMesh	An-MolecularDeconstructionDevice00
Packages/AN-Props.upk	1384	StaticMesh	An-MolecularDeconstructionDevice01
Packages/AN-Props.upk	1385	StaticMesh	An-Monitor00
Packages/AN-Props.upk	1386	StaticMesh	An-Monitor01
Packages/AN-Props.upk	1387	StaticMesh	An-Monitor02
Packages/AN-Props.upk	1388	StaticMesh	An-Monitor03
Packages/AN-Props.upk	1389	StaticMesh	An-Monitor04
Packages/AN-Props.upk	1390	StaticMesh	An-Monitor05
Packages/AN-Props.upk	1391	StaticMesh	An-Monitor06
Packages/AN-Props.upk	1392	StaticMesh	An-Monitor07
Packages/AN-Props.upk	1393	StaticMesh	An-Monitordash01
Packages/AN-Props.upk	1394	StaticMesh	An-Monitordash02
Packages/AN-Props.upk	1395	StaticMesh	An-Monitordash03
Packages/AN-Props.upk	1396	StaticMesh	An-Monitordash04
Packages/AN-Props.upk	1442	StaticMesh	An-Straegis_Counter_Weapon00
Packages/AN-Props.upk	1454	StaticMesh	An-Water_Plaza00
Packages/AN-Props.upk	1455	StaticMesh	An-Water_Plaza01
Packages/AN-Props.upk	1565	Texture2D	AN-Blip_E
Packages/AN-Props.upk	1570	Texture2D	AN-Cafeteria00_D
Packages/AN-Props.upk	1571	Texture2D	AN-Cafeteria00_N
Packages/AN-Props.upk	1572	Texture2D	AN-Cafeteria00_S
Packages/AN-Props.upk	1573	Texture2D	AN-Chair00_D
Packages/AN-Props.upk	1574	Texture2D	AN-Chair00_S
Packages/AN-Props.upk	1575	Texture2D	AN-Chair01_D
Packages/AN-Props.upk	1576	Texture2D	AN-Chair01_S
Packages/AN-Props.upk	1577	Texture2D	AN-ComTerminal00_D
Packages/AN-Props.upk	1578	Texture2D	AN-ComTerminal00_E
Packages/AN-Props.upk	1579	Texture2D	AN-ComTerminal00_N
Packages/AN-Props.upk	1580	Texture2D	AN-ComTerminal00_S
Packages/AN-Props.upk	1581	Texture2D	AN-ComTerminal01_D
Packages/AN-Props.upk	1582	Texture2D	AN-ComTerminal01_E
Packages/AN-Props.upk	1583	Texture2D	AN-ComTerminal01_N
Packages/AN-Props.upk	1584	Texture2D	AN-ComTerminal01_S
Packages/AN-Props.upk	1585	Texture2D	AN-ComTerminalScreen00_DaO
Packages/AN-Props.upk	1586	Texture2D	AN-ComTerminalScreen00_E
Packages/AN-Props.upk	1587	Texture2D	AN-CornerLight00_D
Packages/AN-Props.upk	1588	Texture2D	AN-CornerLight00_E
Packages/AN-Props.upk	1589	Texture2D	AN-CornerLight00_N
Packages/AN-Props.upk	1590	Texture2D	AN-CornerLight00_S
Packages/AN-Props.upk	1599	Texture2D	AN-DNADesequencer00_D
Packages/AN-Props.upk	1600	Texture2D	AN-DNADesequencer00_E
Packages/AN-Props.upk	1602	Texture2D	AN-DNADesequencer00_S
Packages/AN-Props.upk	1595	Texture2D	AN-DimensionSplitter00_D
Packages/AN-Props.upk	1596	Texture2D	AN-DimensionSplitter00_E
Packages/AN-Props.upk	1597	Texture2D	AN-DimensionSplitter00_N
Packages/AN-Props.upk	1598	Texture2D	AN-DimensionSplitter00_S
Packages/AN-Props.upk	1603	Texture2D	AN-Drone00_DaOM
Packages/AN-Props.upk	1604	Texture2D	AN-Drone00_E
Packages/AN-Props.upk	1605	Texture2D	AN-Drone00_N
Packages/AN-Props.upk	1606	Texture2D	AN-Drone_Forklift00_N
Packages/AN-Props.upk	1607	Texture2D	AN-Drone_Forklift_Ruined00_D
Packages/AN-Props.upk	1608	Texture2D	AN-Drone_Forklift_Ruined00_S
Packages/AN-Props.upk	1609	Texture2D	AN-Drone_Landscape00_N
Packages/AN-Props.upk	1610	Texture2D	AN-Drone_Landscape_Ruined00_D
Packages/AN-Props.upk	1611	Texture2D	AN-Drone_Landscape_Ruined00_S
Packages/AN-Props.upk	1612	Texture2D	AN-Drone_Rack00_DaOM
Packages/AN-Props.upk	1613	Texture2D	AN-Drone_Rack00_N
Packages/AN-Props.upk	1614	Texture2D	AN-Drone_Rack00_S
Packages/AN-Props.upk	1615	Texture2D	AN-Fence00_D
Packages/AN-Props.upk	1616	Texture2D	AN-Fence00_N
Packages/AN-Props.upk	1617	Texture2D	AN-Fence00_S
Packages/AN-Props.upk	1618	Texture2D	AN-GlyphPanel00_D
Packages/AN-Props.upk	1619	Texture2D	AN-GlyphPanel00_N
Packages/AN-Props.upk	1620	Texture2D	AN-GlyphPanel00_S
Packages/AN-Props.upk	1621	Texture2D	AN-HolographicResearchTerminal00_D
Packages/AN-Props.upk	1622	Texture2D	AN-HolographicResearchTerminal00_E
Packages/AN-Props.upk	1623	Texture2D	AN-HolographicResearchTerminal00_N
Packages/AN-Props.upk	1624	Texture2D	AN-HolographicResearchTerminal00_S
Packages/AN-Props.upk	1625	Texture2D	AN-IonDisruptor00_D
Packages/AN-Props.upk	1626	Texture2D	AN-IonDisruptor00_E
Packages/AN-Props.upk	1627	Texture2D	AN-IonDisruptor00_N
Packages/AN-Props.upk	1628	Texture2D	AN-IonDisruptor00_S
Packages/AN-Props.upk	1629	Texture2D	AN-KnowledgeDevice00_D
Packages/AN-Props.upk	1630	Texture2D	AN-KnowledgeDevice00_N
Packages/AN-Props.upk	1631	Texture2D	AN-KnowledgeDevice00_S
Packages/AN-Props.upk	1632	Texture2D	AN-LibraryObelisk00_D
Packages/AN-Props.upk	1633	Texture2D	AN-LibraryObelisk00_E
Packages/AN-Props.upk	1634	Texture2D	AN-LibraryObelisk00_N
Packages/AN-Props.upk	1635	Texture2D	AN-LibraryObelisk00_S
Packages/AN-Props.upk	1636	Texture2D	AN-LineBlip_E
Packages/AN-Props.upk	1637	Texture2D	AN-LineBlip_E_01
Packages/AN-Props.upk	1638	Texture2D	AN-Mainframe00_D
Packages/AN-Props.upk	1639	Texture2D	AN-Mainframe00_E
Packages/AN-Props.upk	1640	Texture2D	AN-Mainframe00_EaEM
Packages/AN-Props.upk	1641	Texture2D	AN-Mainframe00_N
Packages/AN-Props.upk	1642	Texture2D	AN-Mainframe00_S
Packages/AN-Props.upk	1643	Texture2D	AN-Mainframe01_E
Packages/AN-Props.upk	1644	Texture2D	AN-MatterDevice00_DaS
Packages/AN-Props.upk	1645	Texture2D	AN-MatterDevice00_E
Packages/AN-Props.upk	1646	Texture2D	AN-MatterDevice00_N
Packages/AN-Props.upk	1648	Texture2D	AN-MedicalTable00_D
Packages/AN-Props.upk	1649	Texture2D	AN-MedicalTable00_N
Packages/AN-Props.upk	1650	Texture2D	AN-MedicalTable00_S
Packages/AN-Props.upk	1657	Texture2D	AN-Monitorglass_Da
Packages/AN-Props.upk	1664	Texture2D	AN-Naq_Bomb00_DaS
Packages/AN-Props.upk	1665	Texture2D	AN-Naq_Bomb00_E
Packages/AN-Props.upk	1666	Texture2D	AN-Naq_Bomb00_NaRM
Packages/AN-Props.upk	1667	Texture2D	AN-Pipes00_D
Packages/AN-Props.upk	1668	Texture2D	AN-Pipes00_EaEM
Packages/AN-Props.upk	1669	Texture2D	AN-Pipes00_N
Packages/AN-Props.upk	1670	Texture2D	AN-Planter00_D
Packages/AN-Props.upk	1671	Texture2D	AN-Planter00_N
Packages/AN-Props.upk	1672	Texture2D	AN-Planter00_SaSP
Packages/AN-Props.upk	1673	Texture2D	AN-Plasma00_E
Packages/AN-Props.upk	1674	Texture2D	AN-PlasmaDrops00_DaOM
Packages/AN-Props.upk	1675	Texture2D	AN-PlasmaDrops00_E
Packages/AN-Props.upk	1676	Texture2D	AN-PlasmaPuddle00_DaOM
Packages/AN-Props.upk	1677	Texture2D	AN-PowerGenerator00_DaOM
Packages/AN-Props.upk	1678	Texture2D	AN-PowerGenerator00_E
Packages/AN-Props.upk	1679	Texture2D	AN-PowerGenerator00_N
Packages/AN-Props.upk	1680	Texture2D	AN-PowerGenerator00_S
Packages/AN-Props.upk	1681	Texture2D	AN-PuddleJumper00_D
Packages/AN-Props.upk	1682	Texture2D	AN-PuddleJumper00_E
Packages/AN-Props.upk	1683	Texture2D	AN-PuddleJumper00_N
Packages/AN-Props.upk	1684	Texture2D	AN-PuddleJumper00_Ruin_D
Packages/AN-Props.upk	1685	Texture2D	AN-PuddleJumper00_Ruin_N
Packages/AN-Props.upk	1686	Texture2D	AN-PuddleJumper00_Ruin_S
Packages/AN-Props.upk	1687	Texture2D	AN-PuddleJumper00_S
Packages/AN-Props.upk	1688	Texture2D	AN-PuzzleStation00_D
Packages/AN-Props.upk	1689	Texture2D	AN-PuzzleStation00_E
Packages/AN-Props.upk	1690	Texture2D	AN-PuzzleStation00_EaEM
Packages/AN-Props.upk	1691	Texture2D	AN-PuzzleStation00_N
Packages/AN-Props.upk	1692	Texture2D	AN-PuzzleStation00_Puzzle_EaEM
Packages/AN-Props.upk	1693	Texture2D	AN-PuzzleStation00_S
Packages/AN-Props.upk	1694	Texture2D	AN-RobotRepairStation00_D
Packages/AN-Props.upk	1695	Texture2D	AN-RobotRepairStation00_E
Packages/AN-Props.upk	1696	Texture2D	AN-RobotRepairStation00_N
Packages/AN-Props.upk	1697	Texture2D	AN-RobotRepairStation00_S
Packages/AN-Props.upk	1698	Texture2D	AN-RobotRepairStation01_D
Packages/AN-Props.upk	1699	Texture2D	AN-RobotRepairStation01_N
Packages/AN-Props.upk	1704	Texture2D	AN-StorageTank01_D
Packages/AN-Props.upk	1705	Texture2D	AN-StorageTank01_EaOM
Packages/AN-Props.upk	1706	Texture2D	AN-StorageTank01_N
Packages/AN-Props.upk	1707	Texture2D	AN-StorageTank01_S
Packages/AN-Props.upk	1708	Texture2D	AN-StorageTank02_D
Packages/AN-Props.upk	1709	Texture2D	AN-StorageTank02_E
Packages/AN-Props.upk	1710	Texture2D	AN-StorageTank02_N
Packages/AN-Props.upk	1711	Texture2D	AN-StorageTank02_S
Packages/AN-Props.upk	1716	Texture2D	AN-Table00_D
Packages/AN-Props.upk	1717	Texture2D	AN-Table00_S
Packages/AN-Props.upk	1718	Texture2D	AN-Table01_D
Packages/AN-Props.upk	1719	Texture2D	AN-Table01_E
Packages/AN-Props.upk	1720	Texture2D	AN-Table01_S
Packages/AN-Props.upk	1721	Texture2D	AN-Table02_D
Packages/AN-Props.upk	1722	Texture2D	AN-Table02_S
Packages/AN-Props.upk	1723	Texture2D	AN-TechGreeble_DaS
Packages/AN-Props.upk	1724	Texture2D	AN-TechGreeble_E
Packages/AN-Props.upk	1725	Texture2D	AN-TechGreeble_N
Packages/AN-Props.upk	1726	Texture2D	AN-TheChair00_D
Packages/AN-Props.upk	1727	Texture2D	AN-TheChair00_N
Packages/AN-Props.upk	1728	Texture2D	AN-TheChair00_S
Packages/AN-Props.upk	1729	Texture2D	AN-Wall_Light_Deco00_D
Packages/AN-Props.upk	1730	Texture2D	AN-Wall_Light_Deco00_N
Packages/AN-Props.upk	1731	Texture2D	AN-Wall_Light_Deco00_S
Packages/AN-Props.upk	1732	Texture2D	AN-Wall_Light_Deco_E
Packages/AN-Props.upk	1555	Texture2D	An-Artifact00_D
Packages/AN-Props.upk	1556	Texture2D	An-Artifact00_E
Packages/AN-Props.upk	1557	Texture2D	An-Artifact00_N
Packages/AN-Props.upk	1558	Texture2D	An-Artifact00_S
Packages/AN-Props.upk	1559	Texture2D	An-Artifact01_D
Packages/AN-Props.upk	1560	Texture2D	An-Artifact01_E
Packages/AN-Props.upk	1561	Texture2D	An-Artifact01_N
Packages/AN-Props.upk	1562	Texture2D	An-Artifact01_S
Packages/AN-Props.upk	1563	Texture2D	An-Bed00_D
Packages/AN-Props.upk	1564	Texture2D	An-Bed00_N
Packages/AN-Props.upk	1566	Texture2D	An-BookShelf00_D
Packages/AN-Props.upk	1567	Texture2D	An-BookShelf00_E
Packages/AN-Props.upk	1568	Texture2D	An-BookShelf00_N
Packages/AN-Props.upk	1569	Texture2D	An-BookShelf00_S
Packages/AN-Props.upk	1591	Texture2D	An-Couch00_D
Packages/AN-Props.upk	1592	Texture2D	An-Couch00_E
Packages/AN-Props.upk	1593	Texture2D	An-Couch00_N
Packages/AN-Props.upk	1594	Texture2D	An-Couch00_S
Packages/AN-Props.upk	1601	Texture2D	An-DNADesequencer00_N
Packages/AN-Props.upk	1651	Texture2D	An-MolecularDeconstructionDevice00_D
Packages/AN-Props.upk	1652	Texture2D	An-MolecularDeconstructionDevice00_E
Packages/AN-Props.upk	1653	Texture2D	An-MolecularDeconstructionDevice00_N
Packages/AN-Props.upk	1654	Texture2D	An-MolecularDeconstructionDevice00_S
Packages/AN-Props.upk	1655	Texture2D	An-Monitor01_D
Packages/AN-Props.upk	1656	Texture2D	An-Monitor02_DaOM
Packages/AN-Props.upk	1658	Texture2D	An-MonitorMetal00_D
Packages/AN-Props.upk	1659	Texture2D	An-MonitorMetal01_D
Packages/AN-Props.upk	1660	Texture2D	An-MonitorMetal01_N
Packages/AN-Props.upk	1661	Texture2D	An-MonitorMetal01_S
Packages/AN-Props.upk	1700	Texture2D	An-StasisChamber00_D
Packages/AN-Props.upk	1701	Texture2D	An-StasisChamber00_E
Packages/AN-Props.upk	1702	Texture2D	An-StasisChamber00_N
Packages/AN-Props.upk	1703	Texture2D	An-StasisChamber00_S
Packages/AN-Props.upk	1712	Texture2D	An-StraegisCounterWeapon00_D
Packages/AN-Props.upk	1713	Texture2D	An-StraegisCounterWeapon00_E
Packages/AN-Props.upk	1714	Texture2D	An-StraegisCounterWeapon00_N
Packages/AN-Props.upk	1715	Texture2D	An-StraegisCounterWeapon00_S
Packages/AN-Props.upk	1662	Texture2D	An-monitors00_D
Packages/AN-Props.upk	1663	Texture2D	An-monitors00_E
Packages/ANM-Arch.upk	124	MaterialInstanceConstant	ANM-BDecor00-Blink00_MI
Packages/ANM-Arch.upk	125	MaterialInstanceConstant	ANM-BDecor00-Blink01_MI
Packages/ANM-Arch.upk	126	MaterialInstanceConstant	ANM-BDecor00-Blink02_MI
Packages/ANM-Arch.upk	127	MaterialInstanceConstant	ANM-BDecor00-Blink03_MI
Packages/ANM-Arch.upk	128	MaterialInstanceConstant	ANM-BDecor00-Off_MI
Packages/ANM-Arch.upk	129	MaterialInstanceConstant	ANM-BDecor00_MI
Packages/ANM-Arch.upk	130	MaterialInstanceConstant	ANM-BFloor00_MI
Packages/ANM-Arch.upk	131	MaterialInstanceConstant	ANM-BFloor01_MI
Packages/ANM-Arch.upk	132	MaterialInstanceConstant	ANM-Border01_MI
Packages/ANM-Arch.upk	133	MaterialInstanceConstant	ANM-Border02_MI
Packages/ANM-Arch.upk	134	MaterialInstanceConstant	ANM-Canal00_MI
Packages/ANM-Arch.upk	135	MaterialInstanceConstant	ANM-Grey_Metal00_MI
Packages/ANM-Arch.upk	136	MaterialInstanceConstant	ANM-Sidewalk00_MI
Packages/ANM-Arch.upk	385	Prefab	ANM-Bridge_SupportLG00_Pf0
Packages/ANM-Arch.upk	386	Prefab	ANM-Bridge_SupportSM00_Pf0
Packages/ANM-Arch.upk	387	Prefab	ANM-Canal_Con00_Pf0
Packages/ANM-Arch.upk	388	Prefab	ANM-Canal_Crv02_Pf0
Packages/ANM-Arch.upk	389	Prefab	ANM-Canal_Str00_Pf0
Packages/ANM-Arch.upk	390	Prefab	ANM-Diagonal_Braces_Med00_Pf0
Packages/ANM-Arch.upk	450	StaticMesh	ANM-BridgeSM_Segment00
Packages/ANM-Arch.upk	451	StaticMesh	ANM-BridgeSM_Segment01
Packages/ANM-Arch.upk	452	StaticMesh	ANM-BridgeSM_Segment01_Ruin
Packages/ANM-Arch.upk	448	StaticMesh	ANM-BridgeSm_Anchor00
Packages/ANM-Arch.upk	449	StaticMesh	ANM-BridgeSm_Anchor01
Packages/ANM-Arch.upk	442	StaticMesh	ANM-Bridge_Anchor00
Packages/ANM-Arch.upk	443	StaticMesh	ANM-Bridge_Anchor01
Packages/ANM-Arch.upk	444	StaticMesh	ANM-Bridge_Segment00
Packages/ANM-Arch.upk	445	StaticMesh	ANM-Bridge_Segment00_Ruin
Packages/ANM-Arch.upk	446	StaticMesh	ANM-Bridge_SupportLG00
Packages/ANM-Arch.upk	447	StaticMesh	ANM-Bridge_SupportSM00
Packages/ANM-Arch.upk	453	StaticMesh	ANM-Canal_Cnr00
Packages/ANM-Arch.upk	454	StaticMesh	ANM-Canal_Cnr01
Packages/ANM-Arch.upk	455	StaticMesh	ANM-Canal_Cnr02
Packages/ANM-Arch.upk	456	StaticMesh	ANM-Canal_Cnr03
Packages/ANM-Arch.upk	457	StaticMesh	ANM-Canal_Con00
Packages/ANM-Arch.upk	458	StaticMesh	ANM-Canal_Con01
Packages/ANM-Arch.upk	459	StaticMesh	ANM-Canal_Crv00
Packages/ANM-Arch.upk	460	StaticMesh	ANM-Canal_Crv01
Packages/ANM-Arch.upk	461	StaticMesh	ANM-Canal_Crv02
Packages/ANM-Arch.upk	462	StaticMesh	ANM-Canal_Crv03
Packages/ANM-Arch.upk	463	StaticMesh	ANM-Canal_Ramp00
Packages/ANM-Arch.upk	464	StaticMesh	ANM-Canal_Ramp01
Packages/ANM-Arch.upk	465	StaticMesh	ANM-Canal_Ramp02
Packages/ANM-Arch.upk	466	StaticMesh	ANM-Canal_Str00
Packages/ANM-Arch.upk	467	StaticMesh	ANM-Canal_Str01
Packages/ANM-Arch.upk	468	StaticMesh	ANM-Diagonal_Braces_Large00
Packages/ANM-Arch.upk	469	StaticMesh	ANM-Diagonal_Braces_Large01
Packages/ANM-Arch.upk	470	StaticMesh	ANM-Diagonal_Braces_Med00
Packages/ANM-Arch.upk	471	StaticMesh	ANM-Diagonal_Braces_Med01
Packages/ANM-Arch.upk	472	StaticMesh	ANM-Diagonal_Braces_Med02
Packages/ANM-Arch.upk	473	StaticMesh	ANM-Diagonal_Braces_Med03
Packages/ANM-Arch.upk	474	StaticMesh	ANM-Diagonal_Braces_Small00
Packages/ANM-Arch.upk	475	StaticMesh	ANM-Diagonal_Braces_Small01
Packages/ANM-Arch.upk	476	StaticMesh	ANM-HollowWall_BTM00
Packages/ANM-Arch.upk	477	StaticMesh	ANM-HollowWall_BTM01
Packages/ANM-Arch.upk	478	StaticMesh	ANM-HollowWall_MID00
Packages/ANM-Arch.upk	479	StaticMesh	ANM-HollowWall_MID01
Packages/ANM-Arch.upk	480	StaticMesh	ANM-HollowWall_MID02
Packages/ANM-Arch.upk	481	StaticMesh	ANM-HollowWall_TOP00
Packages/ANM-Arch.upk	482	StaticMesh	ANM-HollowWall_TOP01
Packages/ANM-Arch.upk	485	StaticMesh	ANM-RailingLG_Corner00
Packages/ANM-Arch.upk	486	StaticMesh	ANM-RailingLG_Straight00
Packages/ANM-Arch.upk	487	StaticMesh	ANM-RailingMD_Corner00
Packages/ANM-Arch.upk	488	StaticMesh	ANM-RailingMD_Straight00
Packages/ANM-Arch.upk	489	StaticMesh	ANM-RailingSM_Corner00
Packages/ANM-Arch.upk	490	StaticMesh	ANM-RailingSM_Straight00
Packages/ANM-Arch.upk	483	StaticMesh	ANM-Railing_End00
Packages/ANM-Arch.upk	484	StaticMesh	ANM-Railing_Stackable01
Packages/ANM-Arch.upk	491	StaticMesh	ANM-Stair00
Packages/ANM-Arch.upk	492	StaticMesh	ANM-Stair01
Packages/ANM-Arch.upk	505	Texture2D	ANM-BDecor00_E
Packages/ANM-Arch.upk	506	Texture2D	ANM-BDecor00_N
Packages/ANM-Arch.upk	507	Texture2D	ANM-BDecor00_Ruin_D
Packages/ANM-Arch.upk	508	Texture2D	ANM-BDecor00_S
Packages/ANM-Arch.upk	509	Texture2D	ANM-BFloor00_D
Packages/ANM-Arch.upk	510	Texture2D	ANM-BFloor00_N
Packages/ANM-Arch.upk	511	Texture2D	ANM-BFloor00_S
Packages/ANM-Arch.upk	512	Texture2D	ANM-BFloor01_D
Packages/ANM-Arch.upk	513	Texture2D	ANM-BFloor01_S
Packages/ANM-Arch.upk	514	Texture2D	ANM-Border01_D
Packages/ANM-Arch.upk	515	Texture2D	ANM-Border01_N
Packages/ANM-Arch.upk	516	Texture2D	ANM-Border02_D
Packages/ANM-Arch.upk	517	Texture2D	ANM-Border02_N
Packages/ANM-Arch.upk	518	Texture2D	ANM-Canal00_D
Packages/ANM-Arch.upk	519	Texture2D	ANM-Canal00_N
Packages/ANM-Arch.upk	520	Texture2D	ANM-Grey_Metal00_D
Packages/ANM-Arch.upk	521	Texture2D	ANM-Grey_Metal00_N
Packages/ANM-Arch.upk	522	Texture2D	ANM-Sidewalk00_D
Packages/ANM-Arch.upk	523	Texture2D	ANM-Sidewalk00_N
Packages/ANM-Buildings.upk	6	MaterialInstanceConstant	ANM-Tree_Huge_Bottom00_COLLISION_MI
Packages/ANM-Buildings.upk	7	MaterialInstanceConstant	ANM-Tree_Large_Canopy_MI
Packages/ANM-Buildings.upk	8	MaterialInstanceConstant	ANM-Tree_Large_MI
Packages/ANM-Buildings.upk	9	MaterialInstanceConstant	ANM-Vines00_MI
Packages/ANM-Buildings.upk	18	Prefab	ANM-Building_Small01_Pf0
Packages/ANM-Buildings.upk	19	Prefab	ANM-Tree_Huge_Bottom00_Pf0
Packages/ANM-Buildings.upk	20	Prefab	ANM-Tree_Huge_Prefab
Packages/ANM-Buildings.upk	120	StaticMesh	ANM-Building_Large01
Packages/ANM-Buildings.upk	121	StaticMesh	ANM-Building_Small01
Packages/ANM-Buildings.upk	122	StaticMesh	ANM-Small_Deco01
Packages/ANM-Buildings.upk	123	StaticMesh	ANM-Tree_Huge_Bottom00
Packages/ANM-Buildings.upk	124	StaticMesh	ANM-Tree_Huge_Bottom00_COLLISION
Packages/ANM-Buildings.upk	125	StaticMesh	ANM-Tree_Huge_Branch00
Packages/ANM-Buildings.upk	126	StaticMesh	ANM-Tree_Huge_Branch01
Packages/ANM-Buildings.upk	127	StaticMesh	ANM-Tree_Huge_Branch02
Packages/ANM-Buildings.upk	128	StaticMesh	ANM-Tree_Huge_Canopy00
Packages/ANM-Buildings.upk	129	StaticMesh	ANM-Tree_Huge_Middle00
Packages/ANM-Buildings.upk	130	StaticMesh	ANM-Tree_Huge_Top00
Packages/ANM-Buildings.upk	183	Texture2D	ANM-Tree_Large_Canopy_DaOM
Packages/ANM-Buildings.upk	184	Texture2D	ANM-Tree_Large_Canopy_N
Packages/ANM-Buildings.upk	185	Texture2D	ANM-Tree_Large_Canopy_TM
Packages/ANM-Buildings.upk	186	Texture2D	ANM-Tree_Large_D
Packages/ANM-Buildings.upk	187	Texture2D	ANM-Tree_Large_N
Packages/ANM-Buildings.upk	188	Texture2D	ANM-Vines00_DaOM
Packages/ANM-Buildings.upk	189	Texture2D	ANM-Vines00_TM
Packages/ANM-Buildings.upk	190	Texture2D	ANM-Vines00_W
Packages/ANM-Cover.upk	89	MaterialInstanceConstant	ANM-BarkDead_Large_00_Mi
Packages/ANM-Cover.upk	90	MaterialInstanceConstant	ANM-Cover_Rockshelf_MI
Packages/ANM-Cover.upk	91	MaterialInstanceConstant	ANM-TreeMoss00_MI
Packages/ANM-Cover.upk	92	MaterialInstanceConstant	ANM-VFloor01_MI
Packages/ANM-Cover.upk	93	MaterialInstanceConstant	ANM-Vines_00_MI
Packages/ANM-Cover.upk	272	Prefab	ANM-Cover_High_Guardpost1_Pf0
Packages/ANM-Cover.upk	273	Prefab	ANM-Cover_Med_Guardpost1_Pf0
Packages/ANM-Cover.upk	274	Prefab	ANM-Wallcover_MedCnr00_Pf0
Packages/ANM-Cover.upk	334	StaticMesh	ANM-Cover_Deadtrees_High_I00
Packages/ANM-Cover.upk	335	StaticMesh	ANM-Cover_Deadtrees_High_L00
Packages/ANM-Cover.upk	336	StaticMesh	ANM-Cover_Deadtrees_High_L01
Packages/ANM-Cover.upk	337	StaticMesh	ANM-Cover_Deadtrees_Med_I00
Packages/ANM-Cover.upk	338	StaticMesh	ANM-Cover_Deadtrees_med_L00
Packages/ANM-Cover.upk	339	StaticMesh	ANM-Cover_High_Guardpost1
Packages/ANM-Cover.upk	340	StaticMesh	ANM-Cover_High_Railing_Cap1
Packages/ANM-Cover.upk	341	StaticMesh	ANM-Cover_High_Railing_Cap2
Packages/ANM-Cover.upk	342	StaticMesh	ANM-Cover_High_Railing_Cap3
Packages/ANM-Cover.upk	343	StaticMesh	ANM-Cover_High_Railing_I1
Packages/ANM-Cover.upk	344	StaticMesh	ANM-Cover_High_Railing_I2
Packages/ANM-Cover.upk	345	StaticMesh	ANM-Cover_High_Railing_L
Packages/ANM-Cover.upk	346	StaticMesh	ANM-Cover_High_Railing_V
Packages/ANM-Cover.upk	347	StaticMesh	ANM-Cover_High_Rockshelf_I00
Packages/ANM-Cover.upk	348	StaticMesh	ANM-Cover_High_Rockshelf_I01
Packages/ANM-Cover.upk	349	StaticMesh	ANM-Cover_High_Rockshelf_I02
Packages/ANM-Cover.upk	350	StaticMesh	ANM-Cover_High_Rockshelf_I03
Packages/ANM-Cover.upk	351	StaticMesh	ANM-Cover_High_Rockshelf_L00
Packages/ANM-Cover.upk	352	StaticMesh	ANM-Cover_High_Rockshelf_V00
Packages/ANM-Cover.upk	353	StaticMesh	ANM-Cover_High_Rubble_Cap1
Packages/ANM-Cover.upk	354	StaticMesh	ANM-Cover_High_Rubble_I1
Packages/ANM-Cover.upk	355	StaticMesh	ANM-Cover_High_Rubble_I2
Packages/ANM-Cover.upk	356	StaticMesh	ANM-Cover_High_Rubble_L
Packages/ANM-Cover.upk	357	StaticMesh	ANM-Cover_High_Rubble_V
Packages/ANM-Cover.upk	358	StaticMesh	ANM-Cover_Low_Railing_Cap1
Packages/ANM-Cover.upk	359	StaticMesh	ANM-Cover_Low_Railing_Cap2
Packages/ANM-Cover.upk	360	StaticMesh	ANM-Cover_Low_Railing_Cap3
Packages/ANM-Cover.upk	361	StaticMesh	ANM-Cover_Low_Railing_I1
Packages/ANM-Cover.upk	362	StaticMesh	ANM-Cover_Low_Railing_I2
Packages/ANM-Cover.upk	363	StaticMesh	ANM-Cover_Low_Railing_L
Packages/ANM-Cover.upk	364	StaticMesh	ANM-Cover_Low_Railing_V
Packages/ANM-Cover.upk	365	StaticMesh	ANM-Cover_Low_Rubble_Cap1
Packages/ANM-Cover.upk	366	StaticMesh	ANM-Cover_Low_Rubble_I1
Packages/ANM-Cover.upk	367	StaticMesh	ANM-Cover_Low_Rubble_I2
Packages/ANM-Cover.upk	368	StaticMesh	ANM-Cover_Low_Rubble_L
Packages/ANM-Cover.upk	369	StaticMesh	ANM-Cover_Low_Rubble_V
Packages/ANM-Cover.upk	370	StaticMesh	ANM-Cover_Med_Guardpost1
Packages/ANM-Cover.upk	371	StaticMesh	ANM-Cover_Med_Railing_Cap1
Packages/ANM-Cover.upk	372	StaticMesh	ANM-Cover_Med_Railing_Cap2
Packages/ANM-Cover.upk	373	StaticMesh	ANM-Cover_Med_Railing_Cap3
Packages/ANM-Cover.upk	374	StaticMesh	ANM-Cover_Med_Railing_I1
Packages/ANM-Cover.upk	375	StaticMesh	ANM-Cover_Med_Railing_I2
Packages/ANM-Cover.upk	376	StaticMesh	ANM-Cover_Med_Railing_L
Packages/ANM-Cover.upk	377	StaticMesh	ANM-Cover_Med_Railing_V
Packages/ANM-Cover.upk	378	StaticMesh	ANM-Cover_Med_Rockshelf_I00
Packages/ANM-Cover.upk	379	StaticMesh	ANM-Cover_Med_Rockshelf_I01
Packages/ANM-Cover.upk	380	StaticMesh	ANM-Cover_Med_Rockshelf_I02
Packages/ANM-Cover.upk	381	StaticMesh	ANM-Cover_Med_Rockshelf_I03
Packages/ANM-Cover.upk	382	StaticMesh	ANM-Cover_Med_Rockshelf_L00
Packages/ANM-Cover.upk	383	StaticMesh	ANM-Cover_Med_Rockshelf_V00
Packages/ANM-Cover.upk	384	StaticMesh	ANM-Cover_Med_Rubble_Cap1
Packages/ANM-Cover.upk	385	StaticMesh	ANM-Cover_Med_Rubble_I1
Packages/ANM-Cover.upk	386	StaticMesh	ANM-Cover_Med_Rubble_I2
Packages/ANM-Cover.upk	387	StaticMesh	ANM-Cover_Med_Rubble_L
Packages/ANM-Cover.upk	388	StaticMesh	ANM-Cover_Med_Rubble_V
Packages/ANM-Cover.upk	389	StaticMesh	ANM-Cover_Rubble1
Packages/ANM-Cover.upk	390	StaticMesh	ANM-Cover_Rubble2
Packages/ANM-Cover.upk	391	StaticMesh	ANM-Cover_Rubble3
Packages/ANM-Cover.upk	392	StaticMesh	ANM-Wallcover_MedCnr00
Packages/ANM-Cover.upk	399	Texture2D	ANM-Barkdead_Large_D
Packages/ANM-Cover.upk	400	Texture2D	ANM-Barkdead_Large_N
Packages/ANM-Cover.upk	401	Texture2D	ANM-Cover_Rockshelf_D
Packages/ANM-Cover.upk	402	Texture2D	ANM-Cover_Rockshelf_N
Packages/ANM-Cover.upk	403	Texture2D	ANM-Cover_Rockshelf_S
Packages/ANM-Cover.upk	404	Texture2D	ANM-TreeMoss00_D
Packages/ANM-Cover.upk	405	Texture2D	ANM-TreeMoss00_N
Packages/ANM-Cover.upk	406	Texture2D	ANM-VFloor01_D
Packages/ANM-Cover.upk	407	Texture2D	ANM-VFloor01_N
Packages/ANM-Cover.upk	408	Texture2D	ANM-Vines_00_DaOM
Packages/ANM-Cover.upk	409	Texture2D	ANM-Vines_00_N
Packages/ANM-Prebuilt-DS.upk	0	SGWPrebuild	Ancient_Weapons_Platform_MiniGame_01
Packages/ANM-Props.upk	76	MaterialInstanceConstant	ANM-Artifact01_MI
Packages/ANM-Props.upk	77	MaterialInstanceConstant	ANM-Boulder00_MI
Packages/ANM-Props.upk	78	MaterialInstanceConstant	ANM-Boulders01_MI
Packages/ANM-Props.upk	79	MaterialInstanceConstant	ANM-FireflyPod_SM00_MI
Packages/ANM-Props.upk	80	MaterialInstanceConstant	ANM-Plant_Large01_MI
Packages/ANM-Props.upk	81	MaterialInstanceConstant	ANM-Plant_Large02_MI
Packages/ANM-Props.upk	82	MaterialInstanceConstant	ANM-Plant_Large04_MI
Packages/ANM-Props.upk	83	MaterialInstanceConstant	ANM-Plant_Large05_MI
Packages/ANM-Props.upk	84	MaterialInstanceConstant	ANM-Plant_Large06_MI
Packages/ANM-Props.upk	85	MaterialInstanceConstant	ANM-Plant_LargeFeather03_MI
Packages/ANM-Props.upk	86	MaterialInstanceConstant	ANM-Plant_LargeStalk03_MI
Packages/ANM-Props.upk	87	MaterialInstanceConstant	ANM-PuddleJumper00_Ruin_MI
Packages/ANM-Props.upk	88	MaterialInstanceConstant	ANM-RockCliffs01_MI
Packages/ANM-Props.upk	89	MaterialInstanceConstant	ANM-RockCliffs02_MI
Packages/ANM-Props.upk	91	MaterialInstanceConstant	ANM-RockShards00_MI
Packages/ANM-Props.upk	92	MaterialInstanceConstant	ANM-RockShards01_MI
Packages/ANM-Props.upk	93	MaterialInstanceConstant	ANM-RockShards02_MI
Packages/ANM-Props.upk	94	MaterialInstanceConstant	ANM-RockShards03_MI
Packages/ANM-Props.upk	90	MaterialInstanceConstant	ANM-Rocks00_MI
Packages/ANM-Props.upk	95	MaterialInstanceConstant	ANM-Root_Base01_MI
Packages/ANM-Props.upk	96	MaterialInstanceConstant	ANM-Root_Flora00_MI
Packages/ANM-Props.upk	97	MaterialInstanceConstant	ANM-Stump_MI
Packages/ANM-Props.upk	98	MaterialInstanceConstant	ANM-Twigs_MI
Packages/ANM-Props.upk	99	MaterialInstanceConstant	ANM-VegetalContainer00_MI
Packages/ANM-Props.upk	75	MaterialInstanceConstant	An-Couch00_MI
Packages/ANM-Props.upk	144	Prefab	AN-Couch00_Pf0
Packages/ANM-Props.upk	145	Prefab	ANM-Plant_Large01_Pf0
Packages/ANM-Props.upk	146	Prefab	ANM-Plant_Large02_Pf0
Packages/ANM-Props.upk	147	Prefab	ANM-Plant_Large04_Pf0
Packages/ANM-Props.upk	148	Prefab	ANM-Plant_Large06_Pf0
Packages/ANM-Props.upk	149	Prefab	ANM-Plant_Med04_Pf0
Packages/ANM-Props.upk	150	Prefab	ANM-Plant_Small04_Pf0
Packages/ANM-Props.upk	151	Prefab	ANM-Streetlight00_Pf0
Packages/ANM-Props.upk	369	StaticMesh	AN-Couch00
Packages/ANM-Props.upk	370	StaticMesh	ANM-Artifact00
Packages/ANM-Props.upk	371	StaticMesh	ANM-Artifact01
Packages/ANM-Props.upk	372	StaticMesh	ANM-Artifact01_Ruined
Packages/ANM-Props.upk	373	StaticMesh	ANM-Artifact02
Packages/ANM-Props.upk	374	StaticMesh	ANM-Artifact02_Ruined
Packages/ANM-Props.upk	375	StaticMesh	ANM-Boulder_LG00
Packages/ANM-Props.upk	376	StaticMesh	ANM-Boulder_LG01
Packages/ANM-Props.upk	377	StaticMesh	ANM-Boulder_MED00
Packages/ANM-Props.upk	378	StaticMesh	ANM-Boulder_MED01
Packages/ANM-Props.upk	379	StaticMesh	ANM-Boulder_SM00
Packages/ANM-Props.upk	380	StaticMesh	ANM-Boulder_SM01
Packages/ANM-Props.upk	381	StaticMesh	ANM-FireFlyPod_Lg00
Packages/ANM-Props.upk	382	StaticMesh	ANM-FireFlyPod_Med00
Packages/ANM-Props.upk	383	StaticMesh	ANM-FireFlyPod_Sm00
Packages/ANM-Props.upk	384	StaticMesh	ANM-FireFlyPod_Sm01
Packages/ANM-Props.upk	385	StaticMesh	ANM-Plant_Large01
Packages/ANM-Props.upk	386	StaticMesh	ANM-Plant_Large02
Packages/ANM-Props.upk	387	StaticMesh	ANM-Plant_Large03
Packages/ANM-Props.upk	388	StaticMesh	ANM-Plant_Large04
Packages/ANM-Props.upk	389	StaticMesh	ANM-Plant_Large05
Packages/ANM-Props.upk	390	StaticMesh	ANM-Plant_Large06
Packages/ANM-Props.upk	391	StaticMesh	ANM-Plant_Large07
Packages/ANM-Props.upk	392	StaticMesh	ANM-Plant_Med04
Packages/ANM-Props.upk	393	StaticMesh	ANM-Plant_Small04
Packages/ANM-Props.upk	394	StaticMesh	ANM-PuddleJumper_Ruin00
Packages/ANM-Props.upk	398	StaticMesh	ANM-RockCliff-Huge00
Packages/ANM-Props.upk	399	StaticMesh	ANM-RockCliff-Huge01
Packages/ANM-Props.upk	400	StaticMesh	ANM-RockCliff-Huge02
Packages/ANM-Props.upk	401	StaticMesh	ANM-RockCliff-Huge03
Packages/ANM-Props.upk	402	StaticMesh	ANM-RockCliff-Med00
Packages/ANM-Props.upk	403	StaticMesh	ANM-RockCliff-Med01
Packages/ANM-Props.upk	404	StaticMesh	ANM-RockCliff-Thin00
Packages/ANM-Props.upk	405	StaticMesh	ANM-RockCliff-Thin01
Packages/ANM-Props.upk	406	StaticMesh	ANM-RockCliffTop-Huge00
Packages/ANM-Props.upk	407	StaticMesh	ANM-RockCliffTop-Huge01
Packages/ANM-Props.upk	408	StaticMesh	ANM-RockCliffTop-Med00
Packages/ANM-Props.upk	409	StaticMesh	ANM-RockShardCluster-Sm00
Packages/ANM-Props.upk	410	StaticMesh	ANM-RockShardCluster-Sm01
Packages/ANM-Props.upk	411	StaticMesh	ANM-RockShardCluster-Sm02
Packages/ANM-Props.upk	412	StaticMesh	ANM-RockShardCluster-Sm03
Packages/ANM-Props.upk	413	StaticMesh	ANM-RockShardCluster-Sm04
Packages/ANM-Props.upk	414	StaticMesh	ANM-RockShardCluster-Sm05
Packages/ANM-Props.upk	415	StaticMesh	ANM-RockShardSingle-Med00
Packages/ANM-Props.upk	416	StaticMesh	ANM-RockShardSingle-Med01
Packages/ANM-Props.upk	417	StaticMesh	ANM-RockShardSingle-Sm00
Packages/ANM-Props.upk	418	StaticMesh	ANM-RockShardSingle-Sm01
Packages/ANM-Props.upk	419	StaticMesh	ANM-RockShardSingle-Sm02
Packages/ANM-Props.upk	395	StaticMesh	ANM-Rock_Sm_00
Packages/ANM-Props.upk	396	StaticMesh	ANM-Rock_Sm_01
Packages/ANM-Props.upk	397	StaticMesh	ANM-Rock_Sm_02
Packages/ANM-Props.upk	420	StaticMesh	ANM-Root_Large_Bridge01
Packages/ANM-Props.upk	421	StaticMesh	ANM-Root_Large_Bridge02
Packages/ANM-Props.upk	422	StaticMesh	ANM-Root_Large_Hor01
Packages/ANM-Props.upk	423	StaticMesh	ANM-Root_Large_Hor02
Packages/ANM-Props.upk	424	StaticMesh	ANM-Root_Large_Hor03
Packages/ANM-Props.upk	425	StaticMesh	ANM-Root_Large_Hor04
Packages/ANM-Props.upk	426	StaticMesh	ANM-Root_Large_Hor05
Packages/ANM-Props.upk	427	StaticMesh	ANM-Root_Large_Vert01
Packages/ANM-Props.upk	428	StaticMesh	ANM-Root_Large_Vert02
Packages/ANM-Props.upk	429	StaticMesh	ANM-Root_Large_Vert03
Packages/ANM-Props.upk	430	StaticMesh	ANM-Root_Med_Bridge01
Packages/ANM-Props.upk	431	StaticMesh	ANM-Root_Med_Bridge02
Packages/ANM-Props.upk	432	StaticMesh	ANM-Root_Med_Hor01
Packages/ANM-Props.upk	433	StaticMesh	ANM-Root_Med_Hor02
Packages/ANM-Props.upk	434	StaticMesh	ANM-Root_Med_Hor03
Packages/ANM-Props.upk	435	StaticMesh	ANM-Root_Med_Hor04
Packages/ANM-Props.upk	436	StaticMesh	ANM-Root_Med_Vert01
Packages/ANM-Props.upk	437	StaticMesh	ANM-Root_Med_Vert02
Packages/ANM-Props.upk	438	StaticMesh	ANM-Root_Small_Bridge01
Packages/ANM-Props.upk	439	StaticMesh	ANM-Root_Small_Bridge02
Packages/ANM-Props.upk	440	StaticMesh	ANM-Root_Small_Bridge03
Packages/ANM-Props.upk	441	StaticMesh	ANM-Root_Small_Hor01
Packages/ANM-Props.upk	442	StaticMesh	ANM-Root_Small_Hor02
Packages/ANM-Props.upk	443	StaticMesh	ANM-Root_Small_Hor03
Packages/ANM-Props.upk	444	StaticMesh	ANM-Root_Small_Hor04
Packages/ANM-Props.upk	445	StaticMesh	ANM-Streetlight00
Packages/ANM-Props.upk	446	StaticMesh	ANM-Streetlight01
Packages/ANM-Props.upk	447	StaticMesh	ANM-VegetalContainer00
Packages/ANM-Props.upk	448	StaticMesh	ANM-Vines00
Packages/ANM-Props.upk	449	StaticMesh	ANM-Vines01
Packages/ANM-Props.upk	450	StaticMesh	ANM-Vines_Alpha00
Packages/ANM-Props.upk	451	StaticMesh	ANM-Vines_Alpha01
Packages/ANM-Props.upk	452	StaticMesh	ANM-Vines_Alpha02
Packages/ANM-Props.upk	479	Texture2D	ANM-Artifact01_D
Packages/ANM-Props.upk	480	Texture2D	ANM-Artifact01_N
Packages/ANM-Props.upk	481	Texture2D	ANM-Boulders00_D
Packages/ANM-Props.upk	482	Texture2D	ANM-Boulders00_N
Packages/ANM-Props.upk	483	Texture2D	ANM-Boulders01_D
Packages/ANM-Props.upk	484	Texture2D	ANM-Boulders01_N
Packages/ANM-Props.upk	485	Texture2D	ANM-FireflyPod_SM00_D
Packages/ANM-Props.upk	486	Texture2D	ANM-FireflyPod_SM00_E
Packages/ANM-Props.upk	487	Texture2D	ANM-FireflyPod_SM00_N
Packages/ANM-Props.upk	488	Texture2D	ANM-Leaf_Large00_D
Packages/ANM-Props.upk	489	Texture2D	ANM-Leaf_Large00_N
Packages/ANM-Props.upk	490	Texture2D	ANM-Plant_Large01_DaOM
Packages/ANM-Props.upk	491	Texture2D	ANM-Plant_Large01_N
Packages/ANM-Props.upk	492	Texture2D	ANM-Plant_Large01_S
Packages/ANM-Props.upk	493	Texture2D	ANM-Plant_Large01_TM
Packages/ANM-Props.upk	494	Texture2D	ANM-Plant_Large01_W
Packages/ANM-Props.upk	495	Texture2D	ANM-Plant_Large02_DaOM
Packages/ANM-Props.upk	496	Texture2D	ANM-Plant_Large02_N
Packages/ANM-Props.upk	497	Texture2D	ANM-Plant_Large02_S
Packages/ANM-Props.upk	498	Texture2D	ANM-Plant_Large02_TM
Packages/ANM-Props.upk	499	Texture2D	ANM-Plant_Large02_W
Packages/ANM-Props.upk	500	Texture2D	ANM-Plant_Large04_DaOM
Packages/ANM-Props.upk	501	Texture2D	ANM-Plant_Large04_E
Packages/ANM-Props.upk	502	Texture2D	ANM-Plant_Large04_N
Packages/ANM-Props.upk	503	Texture2D	ANM-Plant_Large04_S
Packages/ANM-Props.upk	504	Texture2D	ANM-Plant_Large05_DaOM
Packages/ANM-Props.upk	505	Texture2D	ANM-Plant_Large05_N
Packages/ANM-Props.upk	506	Texture2D	ANM-Plant_Large05_S
Packages/ANM-Props.upk	507	Texture2D	ANM-Plant_Large05_TM
Packages/ANM-Props.upk	508	Texture2D	ANM-Plant_Large05_W
Packages/ANM-Props.upk	509	Texture2D	ANM-Plant_Large06_DaOM
Packages/ANM-Props.upk	510	Texture2D	ANM-Plant_Large06_E
Packages/ANM-Props.upk	511	Texture2D	ANM-Plant_Large06_N
Packages/ANM-Props.upk	512	Texture2D	ANM-Plant_Large06_TM
Packages/ANM-Props.upk	513	Texture2D	ANM-Plant_Largefeather03_DaO
Packages/ANM-Props.upk	514	Texture2D	ANM-Plant_Largestalk03_D
Packages/ANM-Props.upk	515	Texture2D	ANM-Plant_Largestalk03_N
Packages/ANM-Props.upk	516	Texture2D	ANM-PuddleJumper00_Ruin_D
Packages/ANM-Props.upk	517	Texture2D	ANM-PuddleJumper00_Ruin_N
Packages/ANM-Props.upk	518	Texture2D	ANM-PuddleJumper00_Ruin_S
Packages/ANM-Props.upk	519	Texture2D	ANM-RockCliffs01_D
Packages/ANM-Props.upk	520	Texture2D	ANM-RockCliffs01_N
Packages/ANM-Props.upk	521	Texture2D	ANM-RockCliffs02_D
Packages/ANM-Props.upk	522	Texture2D	ANM-RockCliffs02_N
Packages/ANM-Props.upk	523	Texture2D	ANM-RockCliffs02_S
Packages/ANM-Props.upk	526	Texture2D	ANM-RockShards00_D
Packages/ANM-Props.upk	527	Texture2D	ANM-RockShards00_N
Packages/ANM-Props.upk	528	Texture2D	ANM-RockShards01_DaOM
Packages/ANM-Props.upk	529	Texture2D	ANM-RockShards01_N
Packages/ANM-Props.upk	530	Texture2D	ANM-RockShards02_DaOM
Packages/ANM-Props.upk	531	Texture2D	ANM-RockShards02_N
Packages/ANM-Props.upk	532	Texture2D	ANM-RockShards03_D
Packages/ANM-Props.upk	533	Texture2D	ANM-RockShards03_N
Packages/ANM-Props.upk	524	Texture2D	ANM-Rocks00_D
Packages/ANM-Props.upk	525	Texture2D	ANM-Rocks00_N
Packages/ANM-Props.upk	534	Texture2D	ANM-Root_Base01_D
Packages/ANM-Props.upk	535	Texture2D	ANM-Root_Base01_N
Packages/ANM-Props.upk	536	Texture2D	ANM-Root_Flora00_DaOM
Packages/ANM-Props.upk	537	Texture2D	ANM-Root_Flora00_N
Packages/ANM-Props.upk	538	Texture2D	ANM-Stump00_D
Packages/ANM-Props.upk	539	Texture2D	ANM-Stump00_N
Packages/ANM-Props.upk	540	Texture2D	ANM-VegetalContainer00_D
Packages/ANM-Props.upk	541	Texture2D	ANM-VegetalContainer00_N
Packages/ANM-Props.upk	542	Texture2D	ANM-VegetalContainer00_S
Packages/ANM-Props.upk	475	Texture2D	An-Couch00_D
Packages/ANM-Props.upk	476	Texture2D	An-Couch00_E
Packages/ANM-Props.upk	477	Texture2D	An-Couch00_N
Packages/ANM-Props.upk	478	Texture2D	An-Couch00_S
Packages/ANM-SkyDome.upk	0	Material	ANM-Rainbow_Mat
Packages/ANM-SkyDome.upk	1	Material	ANM-Sky-Stationary
Packages/ANM-SkyDome.upk	2	Material	ANM-Sky-Stationary_Mat
Packages/ANM-SkyDome.upk	130	StaticMesh	ANM-Rainbow00
Packages/ANM-SkyDome.upk	131	StaticMesh	ANM-SkyDome
Packages/ANM-SkyDome.upk	132	Texture2D	ANM-CloudCover
Packages/ANM-SkyDome.upk	133	Texture2D	ANM-CloudCoverOutline
Packages/ANM-SkyDome.upk	134	Texture2D	ANM-CloudCoverSun
Packages/ANM-SkyDome.upk	135	Texture2D	ANM-CloudCoverSunRotation
Packages/ANM-SkyDome.upk	136	Texture2D	ANM-Mist
Packages/ANM-SkyDome.upk	137	Texture2D	ANM-Pan01
Packages/ANM-SkyDome.upk	138	Texture2D	ANM-Rainbow00
Packages/ANM-SkyDome.upk	139	Texture2D	ANM-RainbowFalloff00
Packages/ANM-VFX.upk	1850	Material	ANM-Bird05_FX
Packages/ANM-VFX.upk	1851	Material	ANM-Bird06_FX
Packages/ANM-VFX.upk	1852	Material	ANM-Bird07_FX
Packages/ANM-VFX.upk	1853	Material	ANM-DragonFly04_FX
Packages/ANM-VFX.upk	1854	Material	ANM-Insect02_FX
Packages/ANM-VFX.upk	1855	Material	ANM-Leaf05_FX
Packages/ANM-VFX.upk	1886	MaterialInstanceConstant	ANM-Butterfly07_MI
Packages/ANM-VFX.upk	1887	MaterialInstanceConstant	ANM-Butterfly08_MI
Packages/ANM-VFX.upk	1888	MaterialInstanceConstant	ANM-Butterfly09_MI
Packages/ANM-VFX.upk	1889	MaterialInstanceConstant	ANM-Butterfly10_MI
Packages/ANM-VFX.upk	1890	MaterialInstanceConstant	ANM-DragonFly00_MI
Packages/ANM-VFX.upk	1891	MaterialInstanceConstant	ANM-DragonFly01_MI
Packages/ANM-VFX.upk	1892	MaterialInstanceConstant	ANM-DragonFly02_MI
Packages/ANM-VFX.upk	1893	MaterialInstanceConstant	ANM-DragonFly03_MI
Packages/ANM-VFX.upk	1894	MaterialInstanceConstant	ANM-DragonFlyWing00_MI
Packages/ANM-VFX.upk	1895	MaterialInstanceConstant	ANM-FloatingSeed00_MI
Packages/ANM-VFX.upk	3701	ParticleSystem	ANM-Birdambient00
Packages/ANM-VFX.upk	3702	ParticleSystem	ANM-Birdambient01
Packages/ANM-VFX.upk	3703	ParticleSystem	ANM-Birdambient02
Packages/ANM-VFX.upk	3704	ParticleSystem	ANM-Birdambient03
Packages/ANM-VFX.upk	3708	ParticleSystem	ANM-DragonflyAmbient00
Packages/ANM-VFX.upk	3709	ParticleSystem	ANM-DragonflyAmbient01
Packages/ANM-VFX.upk	3710	ParticleSystem	ANM-DragonflyAmbient02
Packages/ANM-VFX.upk	3711	ParticleSystem	ANM-Dragonflyambient03
Packages/ANM-VFX.upk	3712	ParticleSystem	ANM-FallingLeaves00
Packages/ANM-VFX.upk	3713	ParticleSystem	ANM-FallingLeaves01
Packages/ANM-VFX.upk	3714	ParticleSystem	ANM-Fireflyambient00
Packages/ANM-VFX.upk	3715	ParticleSystem	ANM-Fireflyswarm00
Packages/ANM-VFX.upk	3716	ParticleSystem	ANM-FloatingSeedAmbient00
Packages/ANM-VFX.upk	3717	ParticleSystem	ANM-HazeFalling00
Packages/ANM-VFX.upk	3718	ParticleSystem	ANM-HazeFalling01
Packages/ANM-VFX.upk	3719	ParticleSystem	ANM-HazeFalling02
Packages/ANM-VFX.upk	3720	ParticleSystem	ANM-HazeFalling03
Packages/ANM-VFX.upk	3721	ParticleSystem	ANM-Hazepool00
Packages/ANM-VFX.upk	3722	ParticleSystem	ANM-Hazepool01
Packages/ANM-VFX.upk	3723	ParticleSystem	ANM-Hazepool02
Packages/ANM-VFX.upk	3724	ParticleSystem	ANM-Hazepool03
Packages/ANM-VFX.upk	3725	ParticleSystem	ANM-Hazepool04
Packages/ANM-VFX.upk	3728	ParticleSystem	ANM-InsectCluster00
Packages/ANM-VFX.upk	3726	ParticleSystem	ANM-Insectambient00
Packages/ANM-VFX.upk	3727	ParticleSystem	ANM-Insectambient01
Packages/ANM-VFX.upk	3729	ParticleSystem	ANM-PollenAmbient00
Packages/ANM-VFX.upk	3730	ParticleSystem	ANM-WaterDrops00
Packages/ANM-VFX.upk	3731	ParticleSystem	ANM-WaterDrops01
Packages/ANM-VFX.upk	3705	ParticleSystem	ANM-butterflyAmbient00
Packages/ANM-VFX.upk	3706	ParticleSystem	ANM-butterflyAmbient01
Packages/ANM-VFX.upk	3707	ParticleSystem	ANM-butterflyAmbient02
Packages/Character/MOB_AncientDrone.upk	32	AnimSet	AncientDrone_Anim
Packages/Character/MOB_AncientDrone.upk	36	MaterialInstanceConstant	AGN-Drone_2_MI
Packages/Character/MOB_AncientDrone.upk	37	MaterialInstanceConstant	AGN-Drone_MI
Packages/Character/MOB_AncientDrone.upk	131	SkeletalMesh	AncientDrone_Mesh
Packages/Character/MOB_AncientDrone.upk	133	Texture2D	AGN-Drone00_DaOM
Packages/Character/MOB_AncientDrone.upk	134	Texture2D	AGN-Drone00_EaEM
Packages/Character/MOB_AncientDrone.upk	135	Texture2D	AGN-Drone00_NaRM
Packages/Character/MOB_AncientDrone.upk	136	Texture2D	AGN-Drone00_S
Packages/Character/MOB_AncientDrone.upk	137	Texture2D	AGN-Drone01_D
Packages/Character/MOB_AncientDrone.upk	138	Texture2D	AGN-Drone01_E
Packages/Character/MOB_AncientDrone.upk	139	Texture2D	AGN-Drone01_NaRM
Packages/Character/MOB_AncientDrone.upk	140	Texture2D	AGN-Drone01_S
Packages/Character/MOB_Lenny.upk	79	MaterialInstanceConstant	ANM-Carn00_MI
Packages/Character/MOB_Lenny.upk	80	MaterialInstanceConstant	ANM-CarnBaby00_MI
Packages/Character/MOB_Lenny.upk	348	Texture2D	ANM-Carn_01_DaOM
Packages/Character/MOB_Lenny.upk	349	Texture2D	ANM-Carn_01_N
Packages/Character/MOB_Lenny.upk	350	Texture2D	ANM-Carn_01_S
Packages/Character/NPC_Human.upk	62	MaterialInstanceConstant	HF_Ancient_TorsoArmor00_MI
Packages/Character/NPC_Human.upk	63	MaterialInstanceConstant	HM_Ancient_Belt00_MI
Packages/Character/NPC_Human.upk	64	MaterialInstanceConstant	HM_Ancient_Boots00_MI
Packages/Character/NPC_Human.upk	65	MaterialInstanceConstant	HM_Ancient_Pants00_MI
Packages/Character/NPC_Human.upk	66	MaterialInstanceConstant	HM_Ancient_TorsoArmor00_MI
Packages/Character/NPC_Human.upk	121	SkeletalMesh	HF_Ancient_Boots00
Packages/Character/NPC_Human.upk	122	SkeletalMesh	HF_Ancient_Pants00
Packages/Character/NPC_Human.upk	123	SkeletalMesh	HF_Ancient_TorsoArmor00
Packages/Character/NPC_Human.upk	128	SkeletalMesh	HM_Ancient_Boots00
Packages/Character/NPC_Human.upk	129	SkeletalMesh	HM_Ancient_Pants00
Packages/Character/NPC_Human.upk	130	SkeletalMesh	HM_Ancient_TorsoArmor00
Packages/Character/NPC_Human.upk	193	Texture2D	HF_Ancient_TorsoArmor00_D
Packages/Character/NPC_Human.upk	194	Texture2D	HF_Ancient_TorsoArmor00_N
Packages/Character/NPC_Human.upk	195	Texture2D	HF_Ancient_TorsoArmor00_S
Packages/Character/NPC_Human.upk	196	Texture2D	HM_Ancient_Belt00_D
Packages/Character/NPC_Human.upk	197	Texture2D	HM_Ancient_Belt00_N
Packages/Character/NPC_Human.upk	198	Texture2D	HM_Ancient_Belt00_S
Packages/Character/NPC_Human.upk	199	Texture2D	HM_Ancient_Boots00_D
Packages/Character/NPC_Human.upk	200	Texture2D	HM_Ancient_Boots00_N
Packages/Character/NPC_Human.upk	201	Texture2D	HM_Ancient_Boots00_S
Packages/Character/NPC_Human.upk	202	Texture2D	HM_Ancient_Pants00_D
Packages/Character/NPC_Human.upk	203	Texture2D	HM_Ancient_Pants00_N
Packages/Character/NPC_Human.upk	204	Texture2D	HM_Ancient_Pants00_S
Packages/Character/NPC_Human.upk	205	Texture2D	HM_Ancient_TorsoArmor00_D
Packages/Character/NPC_Human.upk	206	Texture2D	HM_Ancient_TorsoArmor00_N
Packages/Character/NPC_Human.upk	207	Texture2D	HM_Ancient_TorsoArmor00_S
Packages/Character/VFX-AgnosEnergyMob.upk	6008	MaterialInstanceConstant	AGN-WillowWisp00_MI
Packages/Character/VFX-AgnosEnergyMob.upk	6009	MaterialInstanceConstant	AGN-WillowWisp01_MI
Packages/Character/VFX-AgnosEnergyMob.upk	6010	MaterialInstanceConstant	AGN-WillowWisp02_MI
Packages/Character/VFX-AgnosEnergyMob.upk	6011	MaterialInstanceConstant	AGN-WillowWisp03_MI
Packages/Character/VFX-AgnosEnergyMob.upk	6012	MaterialInstanceConstant	AGN-WillowWisp04_MI
Packages/Character/VFX-AgnosEnergyMob.upk	6013	MaterialInstanceConstant	AGN-WillowWisp05_MI
Packages/Character/VFX-AgnosEnergyMob.upk	6014	MaterialInstanceConstant	AGN-WillowWisp06_MI
Packages/Character/VFX-AgnosEnergyMob.upk	6015	MaterialInstanceConstant	AGN-WillowWisp07_MI
Packages/Character/VFX-AgnosEnergyMob.upk	6016	MaterialInstanceConstant	AGN-WillowWisp08_MI
Packages/Character/VFX-AgnosEnergyMob.upk	6017	MaterialInstanceConstant	AGN-WillowWisp09_MI
Packages/Character/VFX-AgnosEnergyMob.upk	6018	MaterialInstanceConstant	AGN-WillowWisp10_MI
Packages/Character/VFX-AgnosEnergyMob.upk	6019	MaterialInstanceConstant	AGN-WillowWisp11_MI
Packages/Character/VFX-AgnosEnergyMob.upk	6020	MaterialInstanceConstant	AGN-WillowWisp12_MI
Packages/Character/VFX-AgnosEnergyMob.upk	6021	MaterialInstanceConstant	AGN-WillowWisp13_MI
Packages/Character/VFX-AgnosEnergyMob.upk	6022	MaterialInstanceConstant	AGN-WillowWisp14_MI
Packages/Character/VFX-AgnosEnergyMob.upk	10858	ParticleSystem	AGN-EC1_GroundHit00
Packages/Character/VFX-AgnosEnergyMob.upk	10859	ParticleSystem	AGN-EC1_Groundsummon00
Packages/Character/VFX-AgnosEnergyMob.upk	10860	ParticleSystem	AGN-EC1_Idle00
Packages/Character/VFX-AgnosEnergyMob.upk	10856	ParticleSystem	AGN-EC1_damaged
Packages/Character/VFX-AgnosEnergyMob.upk	10857	ParticleSystem	AGN-EC1_death
Packages/Character/VFX-AgnosEnergyMob.upk	10861	ParticleSystem	AGN-EC1_melee00
Packages/Character/VFX-AgnosEnergyMob.upk	10862	ParticleSystem	AGN-EC1_rangedBeam00
Packages/Character/VFX-AgnosEnergyMob.upk	10863	ParticleSystem	AGN-EC1_rangedProject00
Packages/Character/VFX-AgnosEnergyMob.upk	10864	ParticleSystem	AGN-EC1_tracer00
Packages/Character/VFX-AgnosEnergyMob.upk	10867	ParticleSystem	AGN-EC2_Idle00
Packages/Character/VFX-AgnosEnergyMob.upk	10868	ParticleSystem	AGN-EC2_Idle01
Packages/Character/VFX-AgnosEnergyMob.upk	10869	ParticleSystem	AGN-EC2_Idle02
Packages/Character/VFX-AgnosEnergyMob.upk	10870	ParticleSystem	AGN-EC2_Idle03
Packages/Character/VFX-AgnosEnergyMob.upk	10874	ParticleSystem	AGN-EC2_SkyHit00
Packages/Character/VFX-AgnosEnergyMob.upk	10875	ParticleSystem	AGN-EC2_Skysummon00
Packages/Character/VFX-AgnosEnergyMob.upk	10865	ParticleSystem	AGN-EC2_damaged
Packages/Character/VFX-AgnosEnergyMob.upk	10866	ParticleSystem	AGN-EC2_death
Packages/Character/VFX-AgnosEnergyMob.upk	10871	ParticleSystem	AGN-EC2_melee00
Packages/Character/VFX-AgnosEnergyMob.upk	10872	ParticleSystem	AGN-EC2_rangedBeam00
Packages/Character/VFX-AgnosEnergyMob.upk	10873	ParticleSystem	AGN-EC2_rangedProject00
Packages/Character/VFX-AgnosEnergyMob.upk	10876	ParticleSystem	AGN-EC2_tracer00
Packages/Derek.upk	49	StaticMesh	ANM-PlaceHolderWater_01
Packages/GLB-VFX.upk	13455	Material	GLB-AncientPuzzle00_FX
Packages/GLB-VFX.upk	13456	Material	GLB-AncientPuzzle01_FX
Packages/GLB-VFX.upk	13457	Material	GLB-AncientPuzzle02_FX
Packages/GLB-VFX.upk	13458	Material	GLB-AncientPuzzle03_FX
Packages/GLB-VFX.upk	13453	Material	GLB-Ancientglyps1_FX
Packages/GLB-VFX.upk	13454	Material	GLB-Ancientglyps2_FX
Packages/GLB-VFX.upk	14087	MaterialInstanceConstant	GLB-AncientDrone00_MI
Packages/GLB-VFX.upk	25954	ParticleSystem	GLB-AncientPuzzle00
Packages/GLB-VFX.upk	25955	ParticleSystem	GLB-AncientPuzzleActive
Packages/GLB-VFX.upk	25956	ParticleSystem	GLB-AncientPuzzleIdle
Packages/GLB-VFX.upk	25957	ParticleSystem	GLB-AncientSuperweapon
Packages/GLB-VFX.upk	26278	Texture2D	Par-AncientDrone00_DaO
Packages/GLB-VFX.upk	26279	Texture2D	Par-Ancientglyphs_DaO
Packages/GLB-VFX.upk	26280	Texture2D	Par-Ancientpuzzle_DaO
Packages/GP-Props.upk	63	StaticMesh	GP-LaroKeyboard00
Packages/HT-Interiors.upk	183	Texture2D	AN-bsp_floor00_DaS
Packages/SGW_fluids.upk	12	Material	ANM-River_Water_Distortion
Packages/SGW_fluids.upk	13	Material	ANM-River_Water_Mat
Packages/SGW_fluids.upk	14	Material	ANM-River_Water_PMat
Packages/SGW_fluids.upk	15	Material	ANM-River_Water_PMat2
Packages/SGW_fluids.upk	16	Material	ANM-River_Water_PMat_Fallback
Packages/SGW_fluids.upk	20	Material	ANM-WaterfallSpray00_Mat
Packages/SGW_fluids.upk	21	Material	ANM-WaterfallSpray_Slow01_Mat
Packages/SGW_fluids.upk	17	Material	ANM-Waterfall_Fast01_Mat
Packages/SGW_fluids.upk	18	Material	ANM-Waterfall_Slow00_Mat
Packages/SGW_fluids.upk	19	Material	ANM-Waterfall_Slow00_Mat_Fallback
Packages/SGW_fluids.upk	22	Material	Anm-WaterfallVertical00
Packages/SGW_fluids.upk	2495	MaterialInstanceConstant	ANM-River_Water_MI
Packages/SGW_fluids.upk	2496	MaterialInstanceConstant	ANM-River_Water_MI_BACKUP
Packages/SGW_fluids.upk	2497	MaterialInstanceConstant	Anm-Waterfall03_MI
Packages/SGW_fluids.upk	2582	Prefab	ANM-WaterfallBase00_Pf0
Packages/SGW_fluids.upk	2580	Prefab	ANM-Waterfall_Large
Packages/SGW_fluids.upk	2581	Prefab	ANM-Waterfall_Med00_Prefab
Packages/SGW_fluids.upk	2651	StaticMesh	ANM-RiverY
Packages/SGW_fluids.upk	2652	StaticMesh	ANM-WaterfallBase00
Packages/SGW_fluids.upk	2653	StaticMesh	ANM-WaterfallDetail00
Packages/SGW_fluids.upk	2654	StaticMesh	ANM-WaterfallDetail01
Packages/SGW_fluids.upk	2655	StaticMesh	ANM-WaterfallDetail02
Packages/SGW_fluids.upk	2650	StaticMesh	Anm-RiverAlphaPocket00
Packages/SGW_fluids.upk	2656	StaticMesh	Anm-WaterFallLarge00
Packages/SGW_fluids.upk	2657	StaticMesh	Anm-WaterFallMed00
Packages/SGW_fluids.upk	2658	StaticMesh	Anm-WaterFallSmall00
Packages/SGW_fluids.upk	2714	Texture2D	ANM-Waterfall00_DaO
Packages/SGW_fluids.upk	2715	Texture2D	ANM-Waterfall01_DaO
Packages/SGW_fluids.upk	2719	Texture2D	ANM-WaterfallMask00_FX
Packages/SGW_fluids.upk	2720	Texture2D	ANM-WaterfallMask01_FX
Packages/SGW_fluids.upk	2721	Texture2D	ANM-WaterfallMask02_FX
Packages/SGW_fluids.upk	2722	Texture2D	ANM-WaterfallSprayMask00_FX
Packages/SGW_fluids.upk	2716	Texture2D	Anm-WaterFall_DaO
Packages/SGW_fluids.upk	2718	Texture2D	Anm-WaterFall_O
Packages/SGW_fluids.upk	2717	Texture2D	Anm-Waterfall_N
Packages/Spt-Anm.upk	28	MaterialInstanceConstant	ANM-AspenBark_MI
Packages/Spt-Anm.upk	26	MaterialInstanceConstant	ANM-Aspen_Leaves_01_Mi
Packages/Spt-Anm.upk	27	MaterialInstanceConstant	ANM-Aspen_Leaves_MI
Packages/Spt-Anm.upk	30	MaterialInstanceConstant	ANM-BeechHugeBark_MI
Packages/Spt-Anm.upk	29	MaterialInstanceConstant	ANM-BeechHuge_Leaf_MI
Packages/Spt-Anm.upk	31	MaterialInstanceConstant	ANM-Fern_Cluster00_MI
Packages/Spt-Anm.upk	32	Prefab	Anm-BeechHuge00_Pf0
Packages/Spt-Anm.upk	33	Prefab	Anm-BeechHuge02_Pf0
Packages/Spt-Anm.upk	34	Prefab	Anm-BeechHuge03_Pf0
Packages/Spt-Anm.upk	35	Prefab	Anm-BeechHuge2_Pf0
Packages/Spt-Anm.upk	36	Prefab	Anm-BeechHuge3_Pf0
Packages/Spt-Anm.upk	37	Prefab	Anm-BeechHuge_Pf0
Packages/Spt-Anm.upk	229	Texture2D	ANM-AspenBark_D
Packages/Spt-Anm.upk	230	Texture2D	ANM-AspenBark_N
Packages/Spt-Anm.upk	227	Texture2D	ANM-Aspen_Leaves_01_DaOM
Packages/Spt-Anm.upk	228	Texture2D	ANM-Aspen_Leaves_DaOM
Packages/Spt-Anm.upk	233	Texture2D	ANM-BeechHugeBark_D
Packages/Spt-Anm.upk	234	Texture2D	ANM-BeechHugeBark_S
Packages/Spt-Anm.upk	231	Texture2D	Anm-BeechHuge_Leaf_DaOM
Packages/Spt-Anm.upk	232	Texture2D	Anm-BeechHuge_Leaf_N
Packages/Ter-Jng.upk	21	Material	Jng-Road_AncientRuin_D_Mat
Packages/Ter-Jng.upk	22	Material	Jng-Road_AncientRuin_D_Mat_Fallback
Packages/Ter-Jng.upk	19	Material	Jng-Road_Ancient_D_Mat
Packages/Ter-Jng.upk	20	Material	Jng-Road_Ancient_D_Mat_Fallback
Packages/Ter-Jng.upk	146	MaterialInstanceConstant	ANM-RadialFlora00_MI
Packages/Ter-Jng.upk	147	MaterialInstanceConstant	ANM-RadialFlora00b_MI
Packages/Ter-Jng.upk	148	MaterialInstanceConstant	ANM-RadialFlora01_MI
Packages/Ter-Jng.upk	149	MaterialInstanceConstant	ANM-RadialFlora01b_MI
Packages/Ter-Jng.upk	150	MaterialInstanceConstant	ANM-RadialFlora02_MI
Packages/Ter-Jng.upk	151	MaterialInstanceConstant	ANM-RadialFlora03_MI
Packages/Ter-Jng.upk	152	MaterialInstanceConstant	ANM-RadialFlora03b_MI
Packages/Ter-Jng.upk	195	Texture2D	ANM-radialflora00_DaOM
Packages/Ter-Jng.upk	196	Texture2D	ANM-radialflora01_DaOM
Packages/Ter-Jng.upk	197	Texture2D	ANM-radialflora02_DaOM
Packages/Ter-Jng.upk	198	Texture2D	ANM-radialflora03_DaOM
Packages/Ter-Jng.upk	230	Texture2D	Jng_Road_AncientRuin_D
Packages/Ter-Jng.upk	226	Texture2D	Jng_Road_Ancient_D
Packages/Ter-Jng.upk	227	Texture2D	Jng_Road_Ancient_E
Packages/Ter-Jng.upk	228	Texture2D	Jng_Road_Ancient_N
Packages/Ter-Jng.upk	229	Texture2D	Jng_Road_Ancient_S
Packages/Ter-VTS.upk	11	Material	VTS_Road_AncientRuin_Mat
Packages/Ter-VTS.upk	10	Material	VTS_Road_Ancient_Mat
Packages/Ter-VTS.upk	98	Texture2D	VTS_Road_AncientRuin_DaS
Packages/Ter-VTS.upk	99	Texture2D	VTS_Road_AncientRuin_N
Packages/Ter-VTS.upk	95	Texture2D	VTS_Road_Ancient_DaS
Packages/Ter-VTS.upk	96	Texture2D	VTS_Road_Ancient_E
Packages/Ter-VTS.upk	97	Texture2D	VTS_Road_Ancient_N
